:020000040800F2
:1000000000000220E13D0008953B00089D3B0008F0
:10001000A53B0008AD3B0008B53B00080000000010
:10002000000000000000000000000000BD3B0008D0
:10003000CB3B000800000000D93B0008E73B00086C
:10004000313E0008313E0008313E0008313E0008D4
:10005000313E0008313E0008313E0008313E0008C4
:10006000313E0008313E0008313E0008313E0008B4
:10007000313E0008313E0008313E0008313E0008A4
:10008000313E0008313E0008313E0008000000000B
:10009000000000000000000000000000313E0008E9
:1000A000313E0008313E0008313E0008313E000874
:1000B000313E0008313E0008313E0008313E000864
:1000C000313E0008313E0008313E0008F53B000893
:1000D000313E0008093C0008313E000800000000E5
:1000E000313E0008313E0008313E000800000000AB
:1000F000000000000000000000000000313E000889
:1001000000000000313E0008313E0008313E00088A
:1001100000000000000000000000000000000000DF
:10012000313E0008313E0008313E0008313E0008F3
:10013000313E000800000000000000000000000048
:100140000000000000000000000000001D3C00084E
:10015000313E0008313E0008313E0008313E0008C3
:10016000313E0008313E00080000000000000000A1
:10017000000000000000000000000000000000007F
:1001800000000000313E00080000000000000000F8
:08019000313E0008313E000879
:1001A00010B5054C237833B9044B13B10448AFF3B1
:1001B00000800123237010BD080300200000000010
:1001C000D438010808B5034B1BB103490348AFF30A
:1001D000008008BD000000000C030020D438010896
:1001E00001F0FF01102A2BDB10F0070F08D010F8E8
:1001F000013B013A8B422DD010F0070F42B3F6D1EC
:10020000F0B441EA012141EA014122F007047FF004
:1002100000070023F0E80256083C85EA010586EA5B
:10022000010685FA47F5A3FA87F586FA47F6A5FA97
:1002300087F68EB9EED1F0BC01F0FF0102F00702A3
:1002400032B110F8013B013A83EA010313B1F8D14E
:100250000020704701387047002D06BF354603382F
:10026000073815F0010F07D1013015F4807F02BF68
:10027000013015F4C03F0130F0BC0138704700BFB9
:10028000034613F8012B002AFBD1181A01387047D6
:1002900081F0004102E000BF83F0004330B54FEA37
:1002A00041044FEA430594EA050F08BF90EA020FA4
:1002B0001FBF54EA000C55EA020C7FEA645C7FEA37
:1002C000655C00F0E2804FEA5454D4EB5555B8BF5A
:1002D0006D420CDD2C4480EA020281EA030382EACB
:1002E000000083EA010180EA020281EA0303362D5D
:1002F00088BF30BD11F0004F4FEA01314FF4801C30
:100300004CEA113102D0404261EB410113F0004F41
:100310004FEA03334CEA133302D0524263EB4303F8
:1003200094EA050F00F0A780A4F10104D5F1200E96
:100330000DDB02FA0EFC22FA05F2801841F10001F1
:1003400003FA0EF2801843FA05F359410EE0A5F1C5
:1003500020050EF1200E012A03FA0EFC28BF4CF0F6
:10036000020C43FA05F3C01851EBE37101F00045AC
:1003700007D54FF0000EDCF1000C7EEB00006EEBB9
:100380000101B1F5801F1BD3B1F5001F0CD3490843
:100390005FEA30004FEA3C0C04F101044FEA44529A
:1003A00012F5800F80F09A80BCF1004F08BF5FEA21
:1003B000500C50F1000041EB045141EA050130BD01
:1003C0005FEA4C0C404141EB0101013C28BFB1F513
:1003D000801FE9D291F0000F04BF01460020B1FA5E
:1003E00081F308BF2033A3F10B03B3F120020CDA31
:1003F0000C3208DD02F1140CC2F10C0201FA0CF00F
:1004000021FA02F10CE002F11402D8BFC2F1200C73
:1004100001FA02F120FA0CFCDCBF41EA0C01904029
:10042000E41AA2BF01EB0451294330BD6FEA040472
:100430001F3C1CDA0C340EDC04F11404C4F120025D
:1004400020FA04F001FA02F340EA030021FA04F36F
:1004500045EA030130BDC4F10C04C4F1200220FAC6
:1004600002F001FA04F340EA0300294630BD21FA04
:1004700004F0294630BD94F0000F83F4801306BFCA
:1004800081F480110134013D4EE77FEA645C18BFBE
:100490007FEA655C29D094EA050F08BF90EA020F55
:1004A00005D054EA000C04BF1946104630BD91EA4D
:1004B000030F1EBF0021002030BD5FEA545C05D150
:1004C0004000494128BF41F0004130BD14F580048F
:1004D0003CBF01F5801130BD01F0004545F0FE4103
:1004E00041F470014FF0000030BD7FEA645C1ABF38
:1004F000194610467FEA655C1CBF0B46024650EA6F
:10050000013406BF52EA033591EA030F41F400219A
:1005100030BD00BF90F0000F04BF0021704730B520
:100520004FF4806404F132044FF000054FF00001F5
:1005300050E700BF90F0000F04BF0021704730B5B6
:100540004FF4806404F1320410F0004548BF40428B
:100550004FF000013EE700BF42004FEAE2014FEAE0
:1005600031014FEA02701FBF12F07F4393F07F4FBB
:1005700081F06051704732F07F4208BF704793F0BE
:100580007F4F04BF41F40021704730B54FF46074D1
:1005900001F0004521F000411CE700BF50EA0102D4
:1005A00008BF704730B54FF000050AE050EA01027D
:1005B00008BF704730B511F0004502D5404261EBED
:1005C00041014FF4806404F132045FEA915C3FF42E
:1005D000D8AE4FF003025FEADC0C18BF03325FEACB
:1005E000DC0C18BF033202EBDC02C2F1200300FA7C
:1005F00003FC20FA02F001FA03FE40EA0E0021FAA1
:1006000002F11444BDE600BF70B54FF0FF0C4CF48E
:10061000E06C1CEA11541DBF1CEA135594EA0C0F40
:1006200095EA0C0F00F0DEF82C4481EA030621EA7B
:100630004C5123EA4C5350EA013518BF52EA0335B6
:1006400041F4801143F4801338D0A0FB02CE4FF068
:100650000005E1FB02E506F00042E0FB03E54FF098
:100660000006E1FB03569CF0000F18BF4EF0010E90
:10067000A4F1FF04B6F5007F64F5407404D25FEA8C
:100680004E0E6D4146EB060642EAC62141EA55513F
:100690004FEAC52040EA5E504FEACE2EB4F1FD0C81
:1006A00088BFBCF5E06F1ED8BEF1004F08BF5FEAFF
:1006B000500E50F1000041EB045170BD06F00046B1
:1006C00046EA010140EA020081EA0301B4EB5C045E
:1006D000C2BFD4EB0C0541EA045170BD41F4801156
:1006E0004FF0000E013C00F3AB8014F1360FDEBF7B
:1006F000002001F0004170BDC4F10004203C35DA57
:100700000C341BDC04F11404C4F1200500FA05F3D9
:1007100020FA04F001FA05F240EA020001F000427A
:1007200021F0004110EBD37021FA04F642EB0601F0
:100730005EEA430E08BF20EAD37070BDC4F10C041A
:10074000C4F1200500FA04F320FA05F001FA04F2DE
:1007500040EA020001F0004110EBD37041F10001CA
:100760005EEA430E08BF20EAD37070BDC4F12005D5
:1007700000FA05F24EEA020E20FA04F301FA05F23D
:1007800043EA020321FA04F001F0004121FA04F2E5
:1007900020EA020000EBD3705EEA430E08BF20EAB5
:1007A000D37070BD94F0000F0FD101F000464000EF
:1007B00041EB010111F4801F08BF013CF7D041EA71
:1007C000060195F0000F18BF704703F00046520075
:1007D00043EB030313F4801F08BF013DF7D043EA46
:1007E0000603704794EA0C0F0CEA135518BF95EAFC
:1007F0000C0F0CD050EA410618BF52EA4306D1D183
:1008000081EA030101F000414FF0000070BD50EAA1
:10081000410606BF1046194652EA430619D094EA2B
:100820000C0F02D150EA013613D195EA0C0F05D115
:1008300052EA03361CBF104619460AD181EA030169
:1008400001F0004141F0FE4141F470014FF0000021
:1008500070BD41F0FE4141F4780170BD70B54FF0BC
:10086000FF0C4CF4E06C1CEA11541DBF1CEA13553C
:1008700094EA0C0F95EA0C0F00F0A7F8A4EB05041E
:1008800081EA030E52EA03354FEA013100F0888015
:100890004FEA03334FF0805545EA131343EA1263DE
:1008A0004FEA022245EA111545EA10654FEA002693
:1008B0000EF000419D4208BF964244F1FD0404F54C
:1008C000407402D25B084FEA3202B61A65EB0305A8
:1008D0005B084FEA32024FF480104FF4002CB6EB65
:1008E000020E75EB030E22BFB61A754640EA0C00E5
:1008F0005B084FEA3202B6EB020E75EB030E22BF25
:10090000B61A754640EA5C005B084FEA3202B6EB65
:10091000020E75EB030E22BFB61A754640EA9C0024
:100920005B084FEA3202B6EB020E75EB030E22BFF4
:10093000B61A754640EADC0055EA060E18D04FEAB2
:10094000051545EA16754FEA06164FEAC30343EA52
:1009500052734FEAC2025FEA1C1CC0D111F4801F1F
:100960000BD141EA00014FF000004FF0004CB6E718
:1009700011F4801F04BF01430020B4F1FD0C88BFB7
:10098000BCF5E06F3FF6AFAEB5EB030C04BFB6EBC2
:10099000020C5FEA500C50F1000041EB045170BDB5
:1009A0000EF0004E4EEA113114EB5C04C2BFD4EBE2
:1009B0000C0541EA045170BD41F480114FF0000E66
:1009C000013C90E645EA060E8DE60CEA135594EAE2
:1009D0000C0F08BF95EA0C0F3FF43BAF94EA0C0FE5
:1009E0000AD150EA01347FF434AF95EA0C0F7FF45A
:1009F00025AF104619462CE795EA0C0F06D152EAAE
:100A000003353FF4FDAE1046194622E750EA410691
:100A100018BF52EA43067FF4C5AE50EA41047FF4A2
:100A20000DAF52EA43057FF4EBAE12E74FF0FF3C07
:100A300006E000BF4FF0010C02E000BF4FF0010CD8
:100A40004DF804CD4FEA410C7FEA6C5C4FEA430C51
:100A500018BF7FEA6C5C1BD001B050EA410C0CBFA0
:100A600052EA430C91EA030F02BF90EA020F002002
:100A7000704710F1000F91EA030F58BF994208BF69
:100A800090422CBFD8176FEAE37040F00100704726
:100A90004FEA410C7FEA6C5C02D150EA013C07D17D
:100AA0004FEA430C7FEA6C5CD6D152EA033CD3D0C8
:100AB0005DF8040B704700BF8446104662468C46C2
:100AC0001946634600E000BF01B5FFF7B7FF0028F5
:100AD00048BF10F1000F01BD4DF808EDFFF7F4FF1E
:100AE0000CBF012000205DF808FB00BF4DF808EDA9
:100AF000FFF7EAFF34BF012000205DF808FB00BFCC
:100B00004DF808EDFFF7E0FF94BF012000205DF8ED
:100B100008FB00BF4DF808EDFFF7CEFF94BF0120A2
:100B200000205DF808FB00BF4DF808EDFFF7C4FF9B
:100B300034BF012000205DF808FB00BF4FEA410CE4
:100B40007FEA6C5C02D150EA013C0AD14FEA430CC7
:100B50007FEA6C5C02D152EA033C02D14FF0000004
:100B600070474FF0010070474FEA410212F5001242
:100B700015D211D56FF47873B3EB625212D94FEAE4
:100B8000C12343F0004343EA505311F0004F23FACE
:100B900002F018BF404270474FF00000704750EA23
:100BA000013005D111F0004008BF6FF000407047E0
:100BB0004FF00000704700BF4A0011D212F500123A
:100BC00011D20DD56FF47873B3EB62520ED44FEAA5
:100BD000C12343F0004343EA505323FA02F0704725
:100BE0004FF00000704750EA013002D14FF0FF3063
:100BF00070474FF0000070474FEA4102B2F1E04306
:100C000024BFB3F5001CDCF1FE5C0DD901F0004CF3
:100C10004FEAC0024CEA5070B2F1004F40EB830043
:100C200008BF20F00100704711F0804F21D113F16F
:100C30003872BCBF01F00040704741F480114FEAA8
:100C40005252C2F11802C2F1200C10FA0CF320FA31
:100C500002F018BF40F001004FEAC1234FEAD3234E
:100C600003FA0CFC40EA0C0023FA02F34FEA4303B8
:100C7000CCE77FEA625307D150EA01331EBF4FF041
:100C8000FE4040F44000704701F0004040F0FE405C
:100C900040F40000704700BF80F0004002E000BF59
:100CA00081F0004142001FBF5FEA410392EA030F57
:100CB0007FEA226C7FEA236C6AD04FEA1262D2EBA1
:100CC0001363C1BFD218414048404140B8BF5B42A6
:100CD000192B88BF704710F0004F40F4000020F03F
:100CE0007F4018BF404211F0004F41F4000121F055
:100CF0007F4118BF494292EA030F3FD0A2F101029F
:100D000041FA03FC10EB0C00C3F1200301FA03F1DC
:100D100000F0004302D5494260EB4000B0F5000FFF
:100D200013D3B0F1807F06D340084FEA310102F1BE
:100D30000102FE2A51D2B1F1004F40EBC25008BF70
:100D400020F0010040EA03007047490040EB00003A
:100D5000013A28BFB0F5000FEDD2B0FA80FCACF13B
:100D6000080CB2EB0C0200FA0CF0AABF00EBC25068
:100D700052421843BCBFD0401843704792F0000F56
:100D800081F4000106BF80F400000132013BB5E7A9
:100D90004FEA41037FEA226C18BF7FEA236C21D01F
:100DA00092EA030F04D092F0000F08BF0846704784
:100DB00090EA010F1CBF0020704712F07F4F04D152
:100DC000400028BF40F00040704712F100723CBF65
:100DD00000F50000704700F0004343F0FE4040F48F
:100DE000000070477FEA226216BF08467FEA23634D
:100DF0000146420206BF5FEA412390EA010F40F438
:100E0000800070474FF0000304E000BF10F0004383
:100E100048BF40425FEA000C08BF704743F096436A
:100E200001464FF000001CE050EA010208BF704785
:100E30004FF000030AE000BF50EA010208BF70470C
:100E400011F0004302D5404261EB41015FEA010C21
:100E500002BF84460146002043F0B64308BFA3F119
:100E60008053A3F50003BCFA8CF2083AA3EBC253FB
:100E700010DB01FA02FC634400FA02FCC2F120021A
:100E8000BCF1004F20FA02F243EB020008BF20F051
:100E90000100704702F1200201FA02FCC2F12002B7
:100EA00050EA4C0021FA02F243EB020008BF20EAAC
:100EB000DC70704753B94AB9002908BF00281CBF2D
:100EC0004FF0FF314FF0FF3000F0BEB9ADF1080C2C
:100ED0006DE904CE00F03CF8DDF804E0DDE9022322
:100EE00004B0704738B50022002304460D46FFF7D2
:100EF000FDFD28B920462946BDE8384000F00AB873
:100F0000204605F1004100F005F8404261EB410147
:100F100038BD00BFD0B50C4B002206460F46FFF788
:100F200073FBFFF749FE0446FFF7F4FA074B002274
:100F3000FFF76AFB02460B4630463946FFF7ACF92D
:100F4000FFF73AFE2146D0BD0000F03D0000F04121
:100F50002DE9F047089D8E4604468846002B4AD16D
:100F60008A42174662D9B2FA82F64EB1C6F1200320
:100F700001FA06F820FA03F3B74043EA0808B44040
:100F80004FEA174E1FFA87FCB8FBFEF1230C0EFB4D
:100F9000118843EA084301FB0CF29A4209D9FB1875
:100FA00001F1FF3080F0EA809A4240F2E780023996
:100FB0003B449A1AA3B2B2FBFEF00EFB102243EAA6
:100FC000024300FB0CFC9C4509D9FB1800F1FF32E1
:100FD00080F0D6809C4540F2D3803B44023840EA02
:100FE0000140A3EB0C0300211DB1F3400022C5E931
:100FF0000032BDE8F0878B4205D90DB1C5E900018B
:1010000000210846F5E7B3FA83F1002946D173457C
:1010100002D3824200F20581841A6EEB03020120A2
:101020009046002DE5D0C5E90048E2E7002A00F02F
:101030009080B2FA82F6002E40F0A4808A1A030C47
:101040004FEA174E80B2BCB20121B2FBFEFC0EFB90
:101050001C2243EA024304FB0CF29A4207D9FB1814
:101060000CF1FF3802D29A4200F2E080C4469B1A8B
:10107000B3FBFEF20EFB123340EA034302FB04F41F
:101080009C4207D9FB1802F1FF3002D29C4200F2C9
:10109000CA8002461B1B42EA0C40A5E7C1F12006AC
:1010A0008B4022FA06F71F430EFA01F420FA06F3EA
:1010B0002EFA06FE4FEA1749234300FA01F81FFAF9
:1010C00087FCBEFBF9F01C0C09FB10EE44EA0E4451
:1010D00000FB0CFEA64502FA01F209D93C1900F109
:1010E000FF3A80F09C80A64540F2998002383C444B
:1010F000A4EB0E041FFA83FEB4FBF9F309FB1344BF
:101100004EEA044403FB0CFCA44508D93C1903F146
:10111000FF3E80F08280A4457FD9023B3C4443EAF5
:101120000040A4EB0C04A0FB02EC64457346E146CE
:1011300062D35FD05DB1B8EB030264EB090404FA3B
:1011400006F622FA01F31E43CC40C5E900640021F3
:101150004FE7B1FBF2FC010C41EA0E4180B240EADC
:1011600001423B4638463C46B846BE462026B1FBC7
:10117000F7F1A2EB080241EA0C4166E7014618E7E5
:1011800010462CE7C6F120022EFA02F3B740B14018
:1011900020FA02F24FEA174E0A43B3FBFEF8BCB244
:1011A0000EFB1833110C41EA034108FB04F9B0406F
:1011B00089454FEA104380B23ED9791808F1FF3CC7
:1011C00001D289451FD8A1EB0901B1FBFEF909FB4A
:1011D00004F80EFB191192B242EA0142424529D2AB
:1011E000BA1809F1FF31C4D24245C2D2A9F10201B5
:1011F0003A44BEE7F0459DD2BEEB02036CEB070C10
:101200000138E14696E7A7EB09094944A8F1020C29
:10121000B1FBFEF909FB04F8DBE773467FE75046B4
:1012200066E70846FDE63B44023A33E7ACF1020CC0
:101230003B441CE749469CE7A1EB0901C446B1FBCE
:10124000FEF909FB04F8C4E7704700BF80B500AFA2
:1012500000221021034803F001FD012002F05CFE92
:1012600000BF80BD0000024080B500AF0122102108
:10127000034803F0F3FC012002F04EFE00BF80BDE6
:101280000000024080B586B002AF0346FB71FB79D7
:1012900003F07F03DBB23B7300237B73FFF7D6FFC2
:1012A00007F1080207F10C016423009302230548AB
:1012B00007F067FBFFF7D8FF7B7A18461037BD466B
:1012C00080BD00BFE404002080B584B000AF0346B9
:1012D0000A46FB711346BB71FB7963F07F03DBB2F7
:1012E0003B73BB797B73FFF7B1FF07F10C016423FC
:1012F0000222044807F001FAFFF7B6FF00BF1037DB
:10130000BD4680BDE404002080B500AF002201216D
:10131000074803F0A3FC0A2002F0FEFD0122012190
:10132000034803F09BFC0A2002F0F6FD00BF80BDDD
:101330000004024080B400AF044B1B6840F2DC5252
:101340005A6300BFBD465DF8047B70473C05002032
:1013500080B400AF044B1B684FF4FA625A6300BFBD
:10136000BD465DF8047B70473C05002080B500AFAA
:10137000FFF7CAFF80210120FFF7A6FF0A2002F035
:10138000CBFD81210120FFF79FFF0A2002F0C4FD61
:101390006C210620FFF798FF80210720FFF794FFBC
:1013A00000210820FFF790FF8F210920FFF78CFF15
:1013B00023210C20FFF788FF00210E20FFF784FF78
:1013C00000210F20FFF780FF72211D20FFF77CFF17
:1013D00074211E20FFF778FF04212620FFF774FFF9
:1013E00000212020FFF770FF08212120FFF76CFF6C
:1013F00034213920FFF768FF40214020FFF764FFC8
:10140000FF211220FFF760FF81210120FFF75CFF21
:101410000A2002F081FD00BF80BD000080B58CB0C5
:1014200002AF1E2387F8233007F1230264230093C1
:101430000123EC21254803F09FFD142002F06CFDF0
:1014400000237B623AE07B6A5133DBB25B00DBB2A4
:1014500087F8233007F12302642300930123EC2152
:101460001A4803F089FD07F1200264230093022348
:10147000EC21164803F07EFE97F820301BB21B02C9
:101480001AB297F821301BB213431AB27B6A0133A8
:1014900091B20F4A22F813107B6A5A1C7B6A0133FF
:1014A0000B4931F8133038460A490FF009F83B462A
:1014B000184600F0EFFE7B6A01337B627B6A052BE6
:1014C000C1DD00BF00BF2837BD4680BD90040020AD
:1014D00080030020F038010880B489B000AF87EDA8
:1014E000010AC7ED000A814B93ED007A804BD3EDE2
:1014F000007A27EE277AD7ED007AF6EE006A67EEDB
:10150000A66A7B4BD3ED007A66EEA76A784BD3EDE3
:10151000007A66EEA77A37EE277A764BD3ED007A1B
:1015200077EE277A734BC3ED007A714B93ED007A17
:10153000D7ED007A27EE277A6C4BD3ED007A77EE61
:10154000277A6A4BC3ED007A6B4B93ED007A6A4BB6
:10155000D3ED027A77EEA76A674B93ED036A644B8B
:10156000D3ED007A66EE277A76EEA76A604BD3ED6C
:10157000007A66EEA76A614BD3ED007A76EEA77A21
:1015800077EE277A5C4BC3ED007A5B4B93ED017AE3
:10159000594BD3ED036A564BD3ED007A66EEA77A2A
:1015A00077EE277A544BC3ED017A534B93ED027AD1
:1015B000514BD3ED036A4E4BD3ED007A66EEA77A1A
:1015C00077EE277A4C4BC3ED027A4B4B93ED037ABF
:1015D0004A4BD3ED037A77EE277A474BC3ED037A74
:1015E000444BD3ED007A97ED017A77EE677AC7ED39
:1015F000077A414B93ED007A414BD3ED007A77EEB9
:10160000277AC7ED067A3C4BD3ED006A97ED067A50
:10161000C6EE877AC7ED057A374BD3ED026A97EDB0
:10162000067AC6EE877AC7ED047A97ED057AD7ED8C
:10163000077A27EE277A2F4BD3ED007A77EE277AB9
:101640002C4BC3ED007A97ED047AD7ED077A27EE9D
:10165000277A264BD3ED007A77EE277A234BC3ED1A
:10166000007A254B1B68FB60234B5B68BB60224BF9
:1016700093ED007AD7ED056AD7ED037A66EEA77A87
:1016800077EE677A1C4BC3ED007A1B4B93ED017A22
:10169000D7ED056AD7ED027A66EEA77A77EE677A1C
:1016A000154BC3ED017A144B93ED027AD7ED046A22
:1016B000D7ED037A66EEA77A77EE677A0E4BC3ED25
:1016C000027A0D4B93ED037AD7ED046AD7ED027AD7
:1016D00066EEA77A77EE677A074BC3ED037A00BF11
:1016E0002437BD465DF8047B704700BF2803002007
:1016F000240000202403002000000020100000200F
:10170000200000202DE9B04FF0B002AF482387F849
:10171000533107F25312642300930123EC21C44890
:1017200003F02AFC0F2002F0F7FB002387F8533167
:1017300007F25312642300930123EC21BC4803F009
:101740001BFC07F5AA730322002118460EF01DFFAB
:1017500007F5AA72642300930323EC21B44803F035
:1017600009FD97F854311A0497F855311B021A43B2
:1017700097F856311343C7F88C31582387F8533103
:1017800007F25312642300930123EC21A84803F0CD
:10179000F3FB0F2002F0C0FB002387F8533107F260
:1017A0005312642300930123EC21A14803F0E4FBCE
:1017B00007F5AA730322002118460EF0E6FE07F58E
:1017C000AA72642300930323EC21994803F0D2FC0E
:1017D00097F854311A0497F855311B021A4397F8B9
:1017E00056311343C7F88831D7F88C31002B00F0FD
:1017F0009083D7F88831002B00F08B838D4AD7F87F
:101800008C3113608C4AD7F8883113608A4B1B687F
:101810000022C7F80031C7F80421884B5B899BB2CE
:1018200000221C4615464FF000024FF000032B0229
:1018300043EA14632202D7E940452146891AC7F8D2
:10184000A010294661EB0303C7F8A430D7E9283478
:10185000C7E96034794B9B899BB20022C7F8F83006
:10186000C7F8FC20D7F88031D7E93E452A4602FB6D
:1018700003F2D7F88431214601FB03F31A44D7F869
:1018800080312146A3FB0113C7F84C310B46C7F842
:101890004831D7F84C31D318C7F84C31D7E9522327
:1018A000002B09DA66495118C7F8981043F1000374
:1018B000C7F89C30D7E926234FF000004FF0000115
:1018C000D00D40EA4320D91502460B4612F5FA61C5
:1018D000C7F8901043F10003C7F89430D7E92434D7
:1018E000C7E96C34554B9B889BB20022C7F8F03097
:1018F000C7F8F420D7E93C120B461B0CC7F8EC30B4
:101900000B461B04C7F8E8304C4B1B899BB20022E6
:10191000C7F8E030C7F8E420D7F88031D7E9384578
:101920002A4602FB03F2D7F88431214601FB03F378
:101930001A44D7F880312146A3FB0113C7F844317C
:101940000B46C7F84031D7F84431D318C7F84431B3
:10195000D7E95023002B09DA12F17F01C7F888106C
:1019600043F10003C7F88C30D7E922234FF0000081
:101970004FF00001D00940EA4360D91102460B46FE
:10198000D7E93A4521468918C7F88010294643EB24
:101990000101C7F88410D7E92034C7E96A34274B1E
:1019A0005B889BB20022C7F8D830C7F8DC204FF024
:1019B00000044FF00005D7E936121346DD030B464D
:1019C00045EA53450B46DC031C4BDB889BB20022E7
:1019D000C7F83831C7F83C21D7F88031D7E94E0134
:1019E0000A4602FB03F2D7F88431C7E94E010146EB
:1019F00001FB03F31A44D7F88031D7F83811A3FB61
:101A00000113C7F834310B46C7F83031D7F83431F9
:101A1000D318C7F83431D7E94C23002B12DA12F16E
:101A2000FF01B96743F10003FB67D7E91E2309E013
:101A300090040020900300209403002080030020E5
:101A4000FFFF7F004FF000004FF00001100A40EA56
:101A50000360191202460B46A118396745EB0303D0
:101A60007B67D7E91C34C7E96834D7E96C23B2F542
:101A7000FA6F73F1000380F2B081D7F88421D7F8B0
:101A8000803103FB02F1D7F88421D7F8803102FBC3
:101A900003F3CA18D7F88031A3FB0313C7F82C311E
:101AA0000B46C7F82831D7F82C31D318C7F82C319A
:101AB000D7E94A23002B08DA6FF000415118B966C4
:101AC00043F10003FB66D7E91A234FF000004FF003
:101AD0000001D00F40EA4300D917C7E95E01D7E9FA
:101AE0006C23B2F5FA61396643F1FF337B66D7E9BF
:101AF0001834C7E95C34D7F87421D7F8703103FB88
:101B000002F1D7F87421D7F8703102FB03F3CA1839
:101B1000D7F87031A3FB0313C7F824310B46C7F87D
:101B20002031D7F82431D318C7F82431D7E94845F4
:101B300022462B464FF000004FF00001990041EA89
:101B40009271900002460B4621465118C7F8D010FA
:101B5000294643EB0101C7F8D4104FF000024FF0C3
:101B60000003D7E934452946CA0F002321465118FE
:101B7000B965294643EB0101F9654FF000024FF0CA
:101B80000003D7E9164521464A08294642EAC172B0
:101B900029464B10C7E96623D7F87421D7F870316E
:101BA00003FB02F1D7F87421D7F8703102FB03F37D
:101BB000CA18D7F87031A3FB0313C7F81C310B46C2
:101BC000C7F81831D7F81C31D318C7F81C31D7E93A
:101BD000464522462B464FF000004FF00001990089
:101BE00041EA9271900002460B4621465118C7F80F
:101BF000C810294643EB0101C7F8CC10D7E93223BE
:101C0000002B06DAD11C396543F100037B65D7E967
:101C100014234FF000004FF00001900840EA837059
:101C20009910C7E96401D7E96C23BD498A4273F171
:101C3000FF3380F2AB80D7E96C2340F2DC515118BE
:101C4000B96443F10003FB64D7E91234C7E95A349D
:101C5000D7F86C21D7F8683103FB02F1D7F86C2173
:101C6000D7F8683102FB03F3CA18D7F86831A3FB31
:101C70000313C7F814310B46C7F81031D7F81431E5
:101C8000D318C7F81431D7E9444522462B464FF004
:101C900000004FF00001D90041EA5271D000024625
:101CA0000B462146511AC7F8C010294663EB0103C1
:101CB000C7F8C430D7E96623D7E930452146511823
:101CC0003964294643EB01017964D7E91034C7E947
:101CD0006634D7F86C21D7F8683103FB02F1D7F8E6
:101CE0006C21D7F8683102FB03F3CA18D7F86831C2
:101CF000A3FB03AB02EB0B039B4652465B469118DA
:101D0000B9635B41FB63D7E90E2312EB0A0843EB8F
:101D10000B094FF000024FF000034FEA890343EA3A
:101D200098734FEA880290469946B8EB0A03C7F8C1
:101D3000B83069EB0B03C7F8BC304FF000024FF02E
:101D40000003D7E92E452946CA0F00232146511822
:101D50003963294643EB010179634FF000024FF0EC
:101D60000003D7E90C4521464A08294642EAC172D8
:101D700029464B1010461946D7E964231418BC6253
:101D80004B41FB62D7E90A34C7E96434D7E96C01F7
:101D9000D7E95E23841A3C6261EB03037B62D7E9D7
:101DA0000834C7E96C34D7E96A01D7E96623841A95
:101DB000BC6161EB0303FB61D7E90634C7E96A3410
:101DC000D7E96801D7E96423841A3C6161EB030316
:101DD0007B61D7E90434C7E96834524B1B680022A1
:101DE000C7F8B030C7F8B420D7F8A031D7E92C45F0
:101DF0002A4602FB03F2D7F8A431214601FB03F384
:101E00001344D7F8A0212146A2FB0112C7F80C21E8
:101E10000A46C7F80821D7F80C211344C7F80C313B
:101E2000D7E94223002B07DA3F495118B96043F143
:101E30000003FB60D7E902234FF000004FF00001E0
:101E4000500D40EAC3205915D7E96A23841AC7F810
:101E5000A84061EB0303C7F8AC30D7E92A23002B75
:101E600008DA47F6FF715118396043F100037B60CF
:101E7000D7E900234FF000004FF00001D00B40EAFB
:101E80004340D913C7E95801D7E96C01FEF7D4FFE5
:101E900006EE900A9FED257AC6EE877AC7ED577A4F
:101EA000D7E95801FEF7C8FF06EE900A9FED1F7AAA
:101EB000C6EE877AC7ED567AD7ED567A9FED1C7A33
:101EC000F4EEC77AF1EE10FA24DDD7ED567A9FEDE5
:101ED000197AF4EEC77AF1EE10FA1BD5D7ED577ADE
:101EE0009FED157AF4EEC77AF1EE10FA12DDD7ED18
:101EF000577A9FED127AF4EEC77AF1EE10FA09D50F
:101F00000F4AD7F85C3113600E4AD7F85831136086
:101F100000E000BF07F5DC77BD46BDE8B08F00BF2D
:101F200024FAFFFF90030020FFFF1F000000C842BB
:101F30000000964300808944000020C20000AA42AD
:101F40009C0300209803002080B58EB000AF0123D1
:101F500087F837301CE097F837309BB25B0099B2B6
:101F60000A2301220F4803F063FE0346002B0AD127
:101F700097F837203B1D0C4918460EF0A1FA3B1D7F
:101F8000184600F087F997F83730013387F8373073
:101F900097F93730002BDEDA00BF00BF3837BD4677
:101FA00080BD00BF90040020FC380108B0B584B0AB
:101FB00000AF87ED010A97ED017ADFED1C6AC7EEED
:101FC000267AFDEEE77A17EE903AFB60FB68642212
:101FD00002FB03F307EE903AF8EEE77A97ED017A09
:101FE00077EE677AC7ED027AF868FEF7A3FA04463F
:101FF0000D46B868FEF7B0FA4FF000020C4BFEF742
:102000002DFC02460B4620462946FEF747F90246BC
:102010000B4610461946FEF7EFFD034607EE903AD1
:10202000B0EE670A1037BD46B0BD00BF0000C84221
:1020300000004E4080B5AAB000AF78600622744917
:1020400078680EF0AAFA0346002B08D006227149E0
:1020500078680EF0A2FA0346002B40F0D48007F116
:1020600008037F22796818460EF0A9FA002387F842
:1020700087300023C7F8A0304FF00003C7F89C302A
:102080004FF00003C7F898304E2387F89730452368
:1020900087F896300023C7F890300023C7F88C30BB
:1020A0004FF00003C7F8883007F108035A49184673
:1020B0000EF098FAC7F8A40066E0D7F8A030013314
:1020C000C7F8A030D7F8A030033B072B56D801A2A1
:1020D00052F823F0F5200008112100081D21000806
:1020E0003921000845210008532100087D210008FE
:1020F00061210008D7F8A4000CF030FE53EC102B3F
:1021000010461946FEF778FD0346C7F89C3035E0C7
:10211000D7F8A4301B7887F897302FE0D7F8A400C1
:102120000CF01CFE53EC102B10461946FEF764FD14
:102130000346C7F8983021E0D7F8A4301B7887F819
:1021400096301BE0D7F8A4000CF00BFEC7F8900007
:1021500014E0D7F8A4000CF004FEC7F88C000DE0E2
:10216000D7F8A4000CF0FAFD53EC102B10461946DA
:10217000FEF742FD0346C7F8883000BF264900201D
:102180000EF030FAC7F8A400D7F8A430002B94D191
:10219000224AD7F88C301360214AD7F89030136068
:1021A000D7F89030002B2FDD1E4AD7F88830136007
:1021B00097ED270AFFF7FAFEF0EE407A1A4BC3EDCF
:1021C000007A97ED260AFFF7F1FEF0EE407A174B02
:1021D000C3ED007A97F89730532B07D1124BD3ED0C
:1021E000007AF1EE677A104BC3ED007A97F89630DB
:1021F000572B09D10D4BD3ED007AF1EE677A0B4BDB
:10220000C3ED007A00E000BFA837BD4680BD00BF27
:102210001839010820390108283901082C04002048
:10222000300400203C040020340400203804002046
:1022300080B586B004AF0023FB71642302930123B1
:102240000193FB1D009301236B22D021044803F06E
:10225000C3F9322001F060FE00BF0837BD4680BDE3
:102260009004002080B584B004AF642302930E2351
:102270000193064B009301233B22D021044803F035
:10228000A5FA03461846BD4680BD00BF34030020B2
:102290009004002080B582B000AF7860094B93F8BD
:1022A0009C32DBB2032B08D17868FDF7E9FF0346C7
:1022B0009BB2194678680CF0FFF800BF0837BD469E
:1022C00080BD00BFE405002080B59AB002AF422077
:1022D000FEF7D8FF034687F85F3097F85F203B1D75
:1022E000524918460EF0ECF83B1D1846FFF7D2FF96
:1022F0000120FEF7C7FF034687F85E3097F85E209F
:102300003B1D4B4918460EF0DBF83B1D1846FFF706
:10231000C1FF0620FEF7B6FF034687F85D300720B1
:10232000FEF7B0FF034687F85C300820FEF7AAFFEF
:10233000034687F85B3097F85D2097F85C1097F8B4
:102340005B30381D00930B463A490EF0B9F83B1D3F
:102350001846FFF79FFF0920FEF794FF034687F812
:102360005A3097F85A203B1D334918460EF0A8F80A
:102370003B1D1846FFF78EFF0C20FEF783FF034638
:1023800087F8593097F859203B1D2C4918460EF014
:1023900097F83B1D1846FFF77DFF1D20FEF772FFE3
:1023A000034687F858301E20FEF76CFF034687F877
:1023B00057302620FEF766FF034687F8563097F819
:1023C000582097F8571097F85630381D00930B4651
:1023D0001B490EF075F83B1D1846FFF75BFF3920CF
:1023E000FEF750FF034687F8553097F855203B1D00
:1023F000144918460EF064F83B1D1846FFF74AFFD3
:102400004020FEF73FFF034687F8543097F85420EA
:102410003B1D0D4918460EF053F83B1D1846FFF7BB
:1024200039FF00BF6037BD4680BD00BF2C390108B1
:102430004439010858390108703901088439010804
:1024400094390108C8390108DC39010880B586B023
:1024500000AF00237B6100233B610023FB6000236E
:10246000BB6000237B6000233B6045E0FFF7FAFE82
:102470000346002B3AD1374B1B791BB21B021AB211
:10248000344B5B791BB213431BB21A46BB6813442F
:10249000BB60304B1B7A1BB21B021AB22D4B5B7A0E
:1024A0001BB213431BB21A467B6913447B61294B51
:1024B0009B7A1BB21B021AB2264BDB7A1BB2134368
:1024C0001BB21A463B6913443B61224B1B7B1BB278
:1024D0001B021AB21F4B5B7B1BB213431BB21A4683
:1024E000FB681344FB607B6801337B60052001F0CF
:1024F00013FD3B6801333B603B68B3F5FA6FB5DB16
:102500007B68002B03D11448FFF7C4FE1FE0134B78
:1025100000221A60124B00221A60BA687B6892FB94
:10252000F3F3A3F500530F4A13607A697B6892FBBB
:10253000F3F30D4A13603A697B6892FBF3F30B4A9D
:102540001360FA687B6892FBF3F3094A136018374B
:10255000BD4680BD34030020F4390108500300203B
:1025600054030020580300205C0300206003002077
:102570006403002080B5B8B000AF1E4B1B68013368
:102580001C4A136001F0BCFC03461B4AA2FB032358
:102590009B091A46194B1A60194B1B78002B0AD05D
:1025A000184B1B78002B06D0174B184A92E80300F3
:1025B00083E8030039E0124B1B78002B07D0124B45
:1025C000134A92E803001860043319702DE0114B90
:1025D000D3ED007AB2EE047AF4EEC77AF1EE10FA97
:1025E0001CDD094B0C4A92E8030018600433198083
:1025F0001BE000BF44040020D34D621040040020C3
:102600002C0300202D030020300000200C3A01088C
:10261000143A0108240300201C3A0108C14BC24AA5
:1026200092E80300186004331970002387F8DE3045
:10263000BE4BC7F8D830BD48FDF722FE034687F8E9
:10264000D73097F8DE305A1C87F8DE20E0333B4461
:1026500097F8D72003F8A42C97F8DE3007F13C0256
:10266000134497F8D720B14918460EF08EF897F822
:10267000DE2097F8D730134487F8DE30AC4B1B6868
:10268000BB6397F8DE3007F13C021344BA6B1A6063
:1026900097F8DE30043387F8DE30A64B1B687B6387
:1026A00097F8DE3007F13C0213447A6B1A6097F812
:1026B000DE30043387F8DE309F4B1B683B6397F8AE
:1026C000DE3007F13C0213443A6B1A6097F8DE30B3
:1026D000043387F8DE30994B1B68FB6297F8DE30D5
:1026E00007F13C021344FA6A1A6097F8DE300433AB
:1026F00087F8DE30924B1B68BB6297F8DE3007F13B
:102700003C021344BA6A1A6097F8DE30043387F843
:10271000DE3097F8DE3007F13C021344894A126834
:102720001A6097F8DE30043387F8DE30864B1B687A
:102730001846FDF711FF02460B46C7E9082397F834
:10274000DE3007F13C02D118D7E908230A604B605C
:1027500097F8DE30083387F8DE307C4B1B6818466C
:10276000FDF7FAFE02460B46C7E9062397F8DE306E
:1027700007F13C02D118D7E906230A604B6097F8AD
:10278000DE30083387F8DE30714B1B687B6197F8C9
:10279000DE3007F13C0213447A691A6097F8DE30A4
:1027A000043387F8DE306B4B1B683B6197F8DE30F3
:1027B00007F13C0213443A691A6097F8DE3004339B
:1027C00087F8DE30644B1B68FB60644B1B68BB60A2
:1027D000634B1B687B6097F8DE3007F13C021344C3
:1027E000FA681A6097F8DE30043387F8DE3097F81D
:1027F000DE3007F13C021344BA681A6097F8DE3005
:10280000043387F8DE3097F8DE3007F13C021344DA
:102810007A681A6097F8DE30043387F8DE30514B5F
:1028200093ED007A4F4BD3ED007A27EE277A4E4B8B
:10283000D3ED006A4C4BD3ED007A66EEA77A37EE03
:10284000277A4A4BD3ED006A484BD3ED007A66EE07
:10285000A77A77EE277AB0EE670A10F0ADFCB0EEFB
:10286000407ADFED436AC7EE267AC7ED007A97F823
:10287000DE3007F13C0213443A681A6097F8DE3004
:10288000043387F8DE30274BC7F8D0302548FDF7F2
:10289000F7FC034687F8CF3097F8DE305A1C87F8EC
:1028A000DE20E0333B4497F8CF2003F8A42C97F8C0
:1028B000DE3007F13C02134497F8CF20194918463F
:1028C0000DF063FF97F8DE2097F8CF30134487F8B8
:1028D000DE3097F8DE20174B1B6807F18C00254986
:1028E0000DF0EEFD07F18C031846FFF7D3FC002234
:1028F0004FF40051204802F0B1F981210120FEF788
:10290000E3FCFF211220FEF7DFFC00210E20FEF782
:10291000DBFC00210D20FEF7D7FC002387F8DF3019
:102920003BE000BF30000020243A010828000020CE
:1029300040040020440400202403002098030020C9
:102940009C030020400000203404002038040020B4
:102950003C0400202C040020680300206C030020AD
:102960007003002074030020780300207C03002003
:10297000D7B3DD3F2C3A01080008024097F8DF305A
:10298000E0333B4413F8A43C19460020FEF79CFCBE
:1029900097F8DF30013387F8DF3097F8DF2097F8BA
:1029A000DE309A42EAD397F8DE3019462220FEF74D
:1029B0008BFC83210120FEF787FC00BF1220FEF76D
:1029C00061FC034603F00803002BF7D001224FF40B
:1029D0000051094802F042F908211220FEF774FC68
:1029E00081210120FEF770FC0448FFF753FC00BF73
:1029F000E037BD4680BD00BF00080240483A0108EC
:102A00002DE9F04FADF50B7D1AAF01F013FA00F090
:102A10002BFC00F015FE00F0E3FC0BF08FFC00F047
:102A2000E5FD00F00BFD00F03FFD00F087FC00210C
:102A30007E4806F0F1FBFEF77DFC4FF47A7001F062
:102A40006BFAFFF7F5FBFFF7F3FB002387F8AA31DA
:102A5000642302930123019307F5D57300930123A7
:102A60001B22D021724802F0B7FD082387F8A93154
:102A7000642302930123019307F2A9130093012316
:102A80001C22D0216A4802F0A7FD032387F8A83151
:102A9000642302930123019307F5D4730093012368
:102AA0001A22D021624802F097FD642001F034FA26
:102AB0006048FFF7EFFB6048FFF7ECFBFFF7C6FC51
:102AC0005E48FFF7E7FBFFF73FFA4FF4FA7001F0BB
:102AD00023FA574802F020FA0A2001F01DFA00F00C
:102AE0007FFC642001F018FAFEF798FCC82001F082
:102AF00013FA4220FEF7C6FB034687F8AB3197F87E
:102B0000AB2107F5BA734E4918460DF0D9FC07F50D
:102B1000BA731846FFF7BEFBFEF728FC642001F0ED
:102B2000FBF94848FFF7B6FBFFF7CEFB4648FFF737
:102B3000B1FB4FF00003C7F8BC310023C7F8B83130
:102B40000023C7F8B4312BE0FEF7DCFD3F4BD3ED9B
:102B5000007A9FED3F7AF4EEC77AF1EE10FA17DDB6
:102B60003A4BD3ED007A9FED3B7AF4EEC77AF1EE63
:102B700010FA0DD5354BD3ED007A97ED6F7A77EEDD
:102B8000277AC7ED6F7AD7F8B8310133C7F8B83173
:102B9000142001F0C1F9D7F8B4310133C7F8B431CA
:102BA000D7F8B431C72BCFDDD7F8B8310A2B0ADDFF
:102BB000D7F8B83107EE903AB8EEE77AD7ED6F6AFA
:102BC000C6EE877A01E0DFED247A244BC3ED007A6C
:102BD000234B4FF000021A60204B1B681846FDF78C
:102BE000BBFC02460B4607F59270D7F8B81100916E
:102BF0001C490DF065FC07F592731846FFF74AFB78
:102C000001221949194807F023F964230322D0212E
:102C1000074803F00DF80346002B2BD01448FFF7AC
:102C200039FB4FF47A7001F077F9D9E23C050020C6
:102C3000900400205C3A0108803A0108983A0108A3
:102C4000AC3A0108C43A0108D83A010898030020B8
:102C5000000096430080894400507D44A403002076
:102C6000AC030020003B0108A803002084050020DD
:102C7000243B0108FFF7F6FA0346002B40F01881C9
:102C80008F4B1B781BB21B021AB28D4B5B781BB2A9
:102C900013431BB29AB28B4B1B689BB2D31A9BB2E5
:102CA0001AB2894B1A80864B9B781BB21B021AB250
:102CB000834BDB781BB213431BB29AB2834B1B6866
:102CC0009BB2D31A9BB21AB2814B1A807C4B1B79F0
:102CD0001BB21B021AB27A4B5B791BB213431BB2B5
:102CE0009AB27C4B1B689BB2D31A9BB21AB27A4B36
:102CF0001A80734B1B7A1BB21B021AB2704B5B7AA1
:102D00001BB213431BB29AB2744B1B689BB2D31A0B
:102D10009BB21AB2724B1A80694B9B7A1BB21B0290
:102D20001AB2674BDB7A1BB213431BB29AB26D4BDC
:102D30001B689BB2D31A9BB21AB26B4B1A80604BC2
:102D40001B7B1BB21B021AB25D4B5B7B1BB2134396
:102D50001BB29AB2654B1B689BB2D31A9BB21AB2D4
:102D6000634B1A80584BB3F9003007EE903AB8EE37
:102D7000E77ADFED606AC7EE267A5F4BC3ED007A33
:102D8000534BB3F9003007EE903AB8EEE77ADFED37
:102D9000596AC7EE267A594BC3ED007A4E4BB3F908
:102DA000003007EE903AB8EEE77ADFED526AC7EEF0
:102DB000267A534BC3ED007A494BB3F9003007EE46
:102DC000903AB8EEE77ADFED4F6AC7EE267A4E4BBF
:102DD000C3ED007A444BB3F9003007EE903AB8EEF9
:102DE000E77ADFED486AC7EE267A484BC3ED007AF2
:102DF0003F4BB3F9003007EE903AB8EEE77ADFEDDB
:102E0000416AC7EE267A424BC3ED007A414BD3EDBF
:102E1000007A9FED417A27EE877A3B4BD3ED007A1B
:102E2000DFED3E6A67EEA67A77EE277A394BC3ED7F
:102E3000007A3B4BD3ED007A9FED377A27EE877A05
:102E4000324BD3ED007ADFED356A67EEA67A77EE86
:102E5000277A334BC3ED007A324BD3ED007A9FEDE6
:102E60002E7A27EE877A2A4BD3ED007ADFED2B6A94
:102E700067EEA67A77EE277A2A4BC3ED007A254BC8
:102E80001B68214A1360264B1B68204A1360254BA0
:102E90001B681F4A1360FEF735FC234BD3ED007A05
:102EA0009FED227AF4EEC77AF1EE10FA42DCA4E04C
:102EB0001F48FFF7EFF9C82001F02EF890E100BF9E
:102EC000340300205003002042030020540300205C
:102ED0004403002058030020460300205C03002028
:102EE00048030020600300204A0300206403002000
:102EF0004C03002000000046680300206C03002003
:102F000070030020000003437403002078030020B6
:102F10007C030020CC0500206666663FCDCCCC3D0E
:102F2000D0050020D405002098030020000096431F
:102F3000343B0108AB4BD3ED007A9FEDAB7AF4EE56
:102F4000C77AF1EE10FA58D5A84BD3ED007A9FED71
:102F5000A87AF4EEC77AF1EE10FA4EDDA14B93EDAC
:102F6000007AA24BD3ED007AC7EE276ADFEDA10A03
:102F7000B0EE660A10F0C8F8F0EE407AB7EE007ACC
:102F800077EE677A9FED9C7A67EE877AC7ED6C7A69
:102F9000D7ED6C7AF0EEE77A9FED987AF4EEC77A87
:102FA000F1EE10FA03D54FF00003C7F8B03197EDFA
:102FB0006C7AD7ED6C7AB4EE677AF1EE10FA1CD623
:102FC000D7ED6C7AF0EEE77A9FED8D7AF4EE477AE2
:102FD000F1EE10FA11DC8B4BD3ED007A9FED8A7A7B
:102FE00027EE877AD7ED6C7ADFED886A67EEA67AEE
:102FF00077EE277A834BC3ED007A854BD3ED007AC9
:103000009FED847A67EE877A9FED827A77EEC77AB2
:10301000C7ED6B7AD7ED6B7AF0EEE77A9FED7E7AAB
:10302000F4EEC77AF1EE10FA03D54FF00003C7F8BB
:10303000AC31744BD3ED007AD7ED6B0AB0EE670A72
:10304000FEF74AFA754BD3ED007AF0EEE77A9FED82
:10305000747AF4EEC77AF1EE10FA03D56F4B4FF0A5
:1030600000021A606F4B1B78002B12D1684BD3ED16
:10307000007AF5EEC07AF1EE10FA0AD8694B012217
:103080001A7000F03DFF0346674A13606748FFF778
:1030900001F9644B1B78002B0BD0654B1B78002B80
:1030A00007D1FEF755F9624B01221A706148FFF70C
:1030B000F1F8614B1B681846FDF74EFAC7E910019D
:1030C0005E4B1B681846FDF747FAC7E90E01504BE7
:1030D0001B681846FDF740FAC7E90C01584B1B68FE
:1030E0001846FDF739FAC7E90A01564B1B6818461E
:1030F000FDF732FAC7E90801534B1B681846FDF784
:103100002BFAC7E90601374B1B681846FDF724FA6E
:10311000C7E904014D4B1B681846FDF71DFAC7E9C6
:1031200002014B4B1B681846FDF716FAC7E9000170
:10313000484B1B681846FDF70FFA82468B46464BF4
:103140001B681846FDF708FA80468946434B1B6802
:103150001846FDF701FA04460D46414B1E682F4BF9
:103160001B681846FDF7F8F902460B4607F14800C0
:10317000CDE918231696CDE91445CDE91289CDE99C
:1031800010AB97ED007B8DED0E7B97ED027B8DED07
:103190000C7B97ED047B8DED0A7B97ED067B8DED27
:1031A000087B97ED087B8DED067B97ED0A7B8DED17
:1031B000047B97ED0C7B8DED027B97ED0E7B8DED07
:1031C000007BD7E9102327490DF07AF907F148036E
:1031D0001846FFF75FF8FFF7CDF9C82000F09CFE16
:1031E00013E500BF9803002000808944A403002059
:1031F0000000964301DE423E002A2D479A99993EEF
:10320000FFFF7F7FA00300203333733FCDCC4C3DC5
:1032100070030020C3F51C410AD7A33D28030020FA
:103220008FC2F53C2C03002030030020483B0108EE
:103230002D030020543B0108680300206C0300208C
:1032400074030020780300207C0300209C030020EE
:103250002403002034040020380400203C04002013
:103260002C040020643B010880B594B000AF07F146
:1032700020033022002118460DF087F907F10C03D6
:1032800000221A605A609A60DA601A610023BB60FB
:10329000284B1B6C274A43F080531364254B1B6C4F
:1032A00003F08053BB60BB6800237B60224B1B682C
:1032B000214A43F4404313601F4B1B6803F440430F
:1032C0007B607B6801233B624FF480337B62022387
:1032D000BB634FF48003FB6319233B644FF4A87373
:1032E0007B640423BB640723FB6407F120031846B7
:1032F00004F022FD0346002B01D000F073FA0F23E7
:10330000FB6002233B6100237B614FF48053BB6170
:103310000023FB6107F10C030221184604F084FF2F
:103320000346002B01D000F05DFA00BF5037BD46C8
:1033300080BD00BF003802400070004080B584B0FE
:1033400000AF3B4600221A605A609A60DA60214B57
:10335000214A1A601F4B00225A601E4B00229A60BD
:103360001C4B00221A611B4B00221A76194B0022BB
:1033700083F82020174B0022DA62164B174A9A6214
:10338000144B0022DA60134B0122DA61114B002248
:1033900083F830200F4B01225A610E4800F0E0FD07
:1033A0000346002B01D000F01DFA00233B600123EF
:1033B0007B600023BB603B461946064800F014FEC4
:1033C0000346002B01D000F00DFA00BF1037BD46B8
:1033D00080BD00BF48040020002001400100000F14
:1033E00080B500AF124B134A1A60114B124A5A6053
:1033F0000F4B00229A600E4B0022DA600C4B4FF408
:1034000080421A610A4B00225A61094B00229A61DC
:10341000074B0022DA61064B00221A62044801F0D1
:1034200037FC0346002B01D000F0DCF900BF80BD63
:103430009004002000540040A086010080B500AF39
:10344000174B184A1A60164B4FF482725A60144B8D
:1034500000229A60124B0022DA60114B00221A619E
:103460000F4B00225A610E4B4FF400729A610C4BC5
:103470001022DA610A4B00221A62094B00225A62BA
:10348000074B00229A62064B0A22DA62044805F0D2
:10349000ABF80346002B01D000F0A4F900BF80BDBB
:1034A000E40400200030014080B596B000AF07F181
:1034B000480300221A605A609A60DA6007F14003FC
:1034C00000221A605A6007F1240300221A605A6031
:1034D0009A60DA601A615A619A613B1D20220021CC
:1034E00018460DF052F83F4B3F4A1A603D4B5322AD
:1034F0005A603C4B00229A603A4B44F61F62DA60F5
:10350000384B00221A61374B00225A61354B00229A
:103510009A61344805F0D8FD0346002B01D000F035
:1035200061F94FF48053BB6407F1480319462D48F5
:1035300005F0E4FF0346002B01D000F053F92948C1
:1035400005F011FE0346002B01D000F04BF90023DB
:103550003B6400237B6407F140031946214806F0D1
:1035600067FB0346002B01D000F03CF960237B622F
:103570004FF47A73BB620023FB6200233B6300239A
:103580007B630023BB630023FB6307F1240300225A
:103590001946144805F0F0FE0346002B01D000F058
:1035A00021F900237B600023BB600023FB60002324
:1035B0003B6100237B614FF40053BB6100233B62FE
:1035C0003B1D1946074806F0A1FB0346002B01D01E
:1035D00000F008F9034800F053FA00BF5837BD4621
:1035E00080BD00BF3C0500200000014080B500AF59
:1035F000114B124A1A60104B4FF4E1325A600E4BD5
:1036000000229A600C4B0022DA600B4B00221A61F8
:10361000094B0C225A61084B00229A61064B00228A
:10362000DA61054806F0C4FB0346002B01D000F028
:10363000D9F800BF80BD00BF840500200010014004
:1036400080B58AB000AF07F1140300221A605A60F7
:103650009A60DA601A6100233B61414B1B6B404A60
:1036600043F0040313633E4B1B6B03F004033B6105
:103670003B690023FB603A4B1B6B394A43F08003E4
:103680001363374B1B6B03F08003FB60FB68002365
:10369000BB60334B1B6B324A43F001031363304B67
:1036A0001B6B03F00103BB60BB6800237B602C4BEA
:1036B0001B6B2B4A43F002031363294B1B6B03F074
:1036C00002037B607B6800224FF40051254801F023
:1036D000C5FA00221021244801F0C0FA002201217D
:1036E000224801F0BBFA4FF400537B610123BB6118
:1036F0000023FB6100233B6207F1140319461948BC
:1037000001F044F810237B610123BB610023FB61BE
:1037100000233B6207F114031946134801F036F801
:1037200001237B610123BB610023FB6100233B621A
:1037300007F1140319460D4801F028F802237B61B4
:103740004FF48813BB610023FB6107F11403194692
:10375000064801F01BF800BF2837BD4680BD00BFFA
:10376000003802400008024000000240000402400D
:1037700080B582B000AF78607B681B68144A9342C2
:1037800021D1144B1B780A2B0DD0134B1B68762BC1
:1037900009DC114B1B685A1C0F490A600D4A11784D
:1037A0000E4AD1540AE00C4B1B680C4A0021D1543C
:1037B000094B00221A600948FEF73CFC012205492A
:1037C000074806F045FB00BF0837BD4680BD00BF77
:1037D00000100140A803002028040020B0030020AE
:1037E0008405002080B400AF72B600BF00BFFDE7C3
:1037F00080B483B000AF00237B60104B5B6C0F4A3A
:1038000043F4804353640D4B5B6C03F480437B6053
:103810007B6800233B60094B1B6C084A43F08053D4
:103820001364064B1B6C03F080533B603B6800BF86
:103830000C37BD465DF8047B704700BF003802407E
:1038400080B58AB000AF786007F1140300221A60D7
:103850005A609A60DA601A617B681B68174A934263
:1038600027D100233B61164B5B6C154A43F48073F0
:103870005364134B5B6C03F480733B613B6900231F
:10388000FB600F4B1B6B0E4A43F0010313630C4BA1
:103890001B6B03F00103FB60FB6801237B610323C7
:1038A000BB610023FB6107F114031946054800F0D2
:1038B0006DFF00BF2837BD4680BD00BF002001401E
:1038C000003802400000024080B58AB000AF786046
:1038D00007F1140300221A605A609A60DA601A61D4
:1038E0007B681B68194A93422BD100233B61184B1C
:1038F0001B6B174A43F002031363154B1B6B03F05A
:1039000002033B613B69C0237B611223BB6100233F
:10391000FB6103233B6204237B6207F11403194616
:103920000C4800F033FF0023FB60094B1B6C084A76
:1039300043F400131364064B1B6C03F40013FB6089
:10394000FB6800BF2837BD4680BD00BF0054004063
:10395000003802400004024080B582B000AF7860B9
:103960007B681B680A4A93420DD10A4B1B6C094ABB
:1039700023F4001313644021074801F08BF88021E1
:10398000054801F087F800BF0837BD4680BD00BF7D
:1039900000540040003802400004024080B58AB064
:1039A00000AF786007F1140300221A605A609A6031
:1039B000DA601A617B681B681D4A934233D1002389
:1039C0003B611C4B5B6C1B4A43F480535364194BA3
:1039D0005B6C03F480533B613B690023FB60154B38
:1039E0001B6B144A43F001031363124B1B6B03F070
:1039F0000103FB60FB68E0237B610223BB610023C2
:103A0000FB6103233B6205237B6207F11403194624
:103A1000094800F0BBFE00220021232000F0EDFD4C
:103A2000232000F006FE00BF2837BD4680BD00BF42
:103A300000300140003802400000024080B485B0F0
:103A400000AF78607B681B680B4A93420DD100235E
:103A5000FB600A4B5B6C094A43F001035364074B5C
:103A60005B6C03F00103FB60FB6800BF1437BD46CD
:103A70005DF8047B704700BF000001400038024041
:103A800080B588B000AF786007F10C0300221A609F
:103A90005A609A60DA601A617B681B68124A934226
:103AA0001ED10023BB60114B1B6B104A43F0010376
:103AB00013630E4B1B6B03F00103BB60BB684FF439
:103AC0008073FB6002233B6100237B610023BB61A9
:103AD0000123FB6107F10C031946054800F056FE6F
:103AE00000BF2037BD4680BD0000014000380240C5
:103AF0000000024080B58AB000AF786007F114037F
:103B000000221A605A609A60DA601A617B681B684A
:103B10001D4A934234D100233B611C4B5B6C1B4A12
:103B200043F010035364194B5B6C03F010033B61CB
:103B30003B690023FB60154B1B6B144A43F00103E8
:103B40001363124B1B6B03F00103FB60FB684FF424
:103B500004437B610223BB610023FB6103233B62BF
:103B600007237B6207F114031946094800F00EFE93
:103B700000220021252000F040FD252000F059FD05
:103B800000BF2837BD4680BD00100140003802400C
:103B90000000024080B400AF00BFFDE780B400AF7A
:103BA00000BFFDE780B400AF00BFFDE780B400AF09
:103BB00000BFFDE780B400AF00BFFDE780B400AFF9
:103BC00000BFBD465DF8047B704780B400AF00BF06
:103BD000BD465DF8047B704780B400AF00BFBD46B2
:103BE0005DF8047B704780B500AF00F075F900BF49
:103BF00080BD000080B500AF024805F06BF800BF43
:103C000080BD00BFE404002080B500AF024806F08C
:103C100045F900BF80BD00BF8405002080B500AF1E
:103C2000024802F07BFF00BF80BD00BFC01A002029
:103C300080B400AF01231846BD465DF8047B704791
:103C400080B582B000AF786039600CF071FD03463A
:103C500016221A604FF0FF3318460837BD4680BD64
:103C600080B582B000AF78604FF0FF317868FFF721
:103C7000E7FF00BFFDE780B586B000AFF860B96030
:103C80007A6000237B610AE0AFF300800146BB68E5
:103C90005A1CBA60CAB21A707B6901337B617A69B7
:103CA0007B689A42F0DB7B6818461837BD4680BDBA
:103CB00080B586B000AFF860B9607A6000237B61A0
:103CC00009E0BB685A1CBA601B781846AFF3008045
:103CD0007B6901337B617A697B689A42F1DB7B689F
:103CE00018461837BD4680BD80B483B000AF7860F9
:103CF0004FF0FF3318460C37BD465DF8047B704724
:103D000080B483B000AF786039603B684FF40052F4
:103D10005A60002318460C37BD465DF8047B704797
:103D200080B483B000AF7860012318460C37BD46DD
:103D30005DF8047B704780B485B000AFF860B9606F
:103D40007A60002318461437BD465DF8047B70473F
:103D500080B586B000AF7860144A154BD31A7B61EA
:103D60007B693B61134B1B68002B02D1114B124A3C
:103D70001A60104B1A687B6813443A699A4207D25A
:103D80000CF0D6FC03460C221A604FF0FF3309E01A
:103D9000084B1B68FB60074B1A687B681344054A95
:103DA0001360FB6818461837BD4680BD000002202E
:103DB00000040000D80500201023002080B400AFCC
:103DC000064BD3F88830054A43F47003C2F88830B4
:103DD00000BFBD465DF8047B704700BF00ED00E00A
:103DE000DFF834D0FFF7EAFF0C480D490D4A0023F5
:103DF00002E0D458C4500433C4188C42F9D30A4AA0
:103E00000A4C002301E013600432A242FBD30CF001
:103E100095FCFEF7F5FD7047000002200000002031
:103E200008030020F84001080803002010230020A8
:103E3000FEE7000080B500AF0E4B1B680D4A43F44F
:103E4000007313600B4B1B680A4A43F480631360D2
:103E5000084B1B68074A43F480731360032000F08B
:103E6000C1FB0F2000F008F8FFF7C2FC0023184642
:103E700080BD00BF003C024080B582B000AF7860DA
:103E8000124B1A68124B1B7819464FF47A73B3FB26
:103E9000F1F3B2FBF3F3184600F0D9FB0346002B15
:103EA00001D001230EE07B680F2B0AD8002279682D
:103EB0004FF0FF3000F0A1FB064A7B68136000233F
:103EC00000E0012318460837BD4680BD44000020AD
:103ED0004C0000204800002080B400AF064B1B7847
:103EE0001A46064B1B681344044A136000BFBD46C4
:103EF0005DF8047B704700BF4C000020DC0500200B
:103F000080B400AF034B1B681846BD465DF8047BC8
:103F1000704700BFDC05002080B584B000AF78603A
:103F2000FFF7EEFFB8607B68FB60FB68B3F1FF3F13
:103F300005D00A4B1B781A46FB681344FB6000BF90
:103F4000FFF7DEFF0246BB68D31AFA689A42F7D839
:103F500000BF00BF1037BD4680BD00BF4C00002031
:103F600080B584B000AF78600023FB737B68002BC2
:103F700001D1012333E07B681B6C002B09D17868E9
:103F8000FFF75EFC7B6800225A647B68002283F89E
:103F90003C207B681B6C03F01003002B18D17B685E
:103FA0001B6C23F4885323F0020343F002027B6866
:103FB0001A64786800F04AF97B6800225A647B68CA
:103FC0001B6C23F0030343F001027B681A6401E0D9
:103FD0000123FB737B68002283F83C20FB7B18469F
:103FE0001037BD4680BD000080B485B000AF78605A
:103FF00039600023BB607B6893F83C30012B01D112
:10400000022313E17B68012283F83C203B681B6894
:10401000092B25D97B681B68D9683B681B689BB254
:104020001A4613465B0013441E3B072202FA03F3B1
:10403000DA437B681B680A40DA607B681B68D968D2
:104040003B689A683B681B689BB2184603465B0056
:1040500003441E3B9A407B681B680A43DA6022E0F7
:104060007B681B6819693B681B689BB21A4613463C
:104070005B001344072202FA03F3DA437B681B68F0
:104080000A401A617B681B6819693B689A683B683B
:104090001B689BB2184603465B0003449A407B684A
:1040A0001B680A431A613B685B68062B24D87B684F
:1040B0001B68596B3B685A6813469B001344053BC9
:1040C0001F2202FA03F3DA437B681B680A405A6333
:1040D0007B681B68596B3B681B689BB218463B6842
:1040E0005A6813469B001344053B00FA03F27B68B1
:1040F0001B680A435A634CE03B685B680C2B24D86E
:104100007B681B68196B3B685A6813469B00134415
:10411000233B1F2202FA03F3DA437B681B680A4041
:104120001A637B681B68196B3B681B689BB2184657
:104130003B685A6813469B001344233B00FA03F282
:104140007B681B680A431A6323E07B681B68D96A93
:104150003B685A6813469B001344413B1F2202FAF6
:1041600003F3DA437B681B680A40DA627B681B68EA
:10417000D96A3B681B689BB218463B685A6813466D
:104180009B001344413B00FA03F27B681B680A431F
:10419000DA62294BFB607B681B68284A93420FD187
:1041A0003B681B68122B0BD1FB685B6823F4000291
:1041B000FB685A60FB685B6843F48002FB685A60E6
:1041C0007B681B681D4A93422BD13B681B681C4AC5
:1041D000934203D03B681B68112B22D1FB685B68BC
:1041E00023F48002FB685A60FB685B6843F40002BA
:1041F000FB685A603B681B68114A934211D1114B0E
:104200001B68114AA2FB03239A0C13469B0013441C
:104210005B00BB6002E0BB68013BBB60BB68002B7E
:10422000F9D17B68002283F83C200023184614371C
:10423000BD465DF8047B704700230140002001402B
:10424000120000104400002083DE1B4380B485B0C0
:1042500000AF7860794BFB60FB685B6823F4403209
:10426000FB685A60FB685A687B685B681A43FB68A6
:104270005A607B681B685A687B681B6822F48072EE
:104280005A607B681B6859687B681B691A027B68E7
:104290001B680A435A607B681B685A687B681B6806
:1042A00022F040725A607B681B6859687B689A6884
:1042B0007B681B680A435A607B681B689A687B6846
:1042C0001B6822F400629A607B681B6899687B68AF
:1042D000DA687B681B680A439A607B689B6A584A65
:1042E000934222D07B681B689A687B681B6822F027
:1042F00070629A607B681B6899687B689A6A7B68C1
:104300001B680A439A607B681B689A687B681B6815
:1043100022F040529A607B681B6899687B68DA6A71
:104320007B681B680A439A600FE07B681B689A6889
:104330007B681B6822F070629A607B681B689A68D1
:104340007B681B6822F040529A607B681B689A6801
:104350007B681B6822F002029A607B681B68996880
:104360007B681B7E5A007B681B680A439A607B68E7
:1043700093F82030002B1BD07B681B685A687B6841
:104380001B6842F400625A607B681B685A687B684D
:104390001B6822F460425A607B681B6859687B681E
:1043A0005B6A013B5A037B681B680A435A6007E05B
:1043B0007B681B685A687B681B6822F400625A603D
:1043C0007B681B68DA6A7B681B6822F47002DA6219
:1043D0007B681B68D96A7B68DB69013B1A057B68CF
:1043E0001B680A43DA627B681B689A687B681B68F3
:1043F00022F400729A607B681B6899687B6893F866
:1044000030305A027B681B680A439A607B681B68DD
:104410009A687B681B6822F480629A607B681B68DC
:1044200099687B685B699A027B681B680A439A609B
:1044300000BF1437BD465DF8047B70470023014080
:104440000100000F80B485B000AF78607B6803F096
:104450000703FB600C4BDB68BB60BA684FF6FF03D9
:104460001340BB60FB681A02BB68134343F0BF6391
:1044700043F40033BB60044ABB68D36000BF143709
:10448000BD465DF8047B704700ED00E080B400AFEE
:10449000044BDB681B0A03F007031846BD465DF8B2
:1044A000047B704700ED00E080B483B000AF0346AA
:1044B000FB7197F90730002B0BDBFB7903F01F0230
:1044C000074997F907305B09012000FA02F241F829
:1044D000232000BF0C37BD465DF8047B704700BF4A
:1044E00000E100E080B483B000AF03463960FB71A7
:1044F00097F90730002B0ADB3B68DAB20C4997F9D1
:1045000007301201D2B20B4483F800230AE03B6863
:10451000DAB20849FB7903F00F03043B1201D2B26F
:104520000B441A7600BF0C37BD465DF8047B70471C
:1045300000E100E000ED00E080B489B000AFF86079
:10454000B9607A60FB6803F00703FB61FB69C3F1A4
:104550000703042B28BF0423BB61FB690433062B2C
:1045600002D9FB69033B00E000237B614FF0FF327F
:10457000BB6902FA03F3DA43BB681A407B699A40CD
:104580004FF0FF317B6901FA03F3D9437B680B409D
:10459000134318462437BD465DF8047B704700007E
:1045A00080B582B000AF78607B68013BB3F1807F5B
:1045B00001D301230FE00A4A7B68013B53600F21BE
:1045C0004FF0FF30FFF78EFF054B00229A60044B3F
:1045D00007221A60002318460837BD4680BD00BF79
:1045E00010E000E080B582B000AF78607868FFF737
:1045F00029FF00BF0837BD4680BD80B586B000AF3B
:104600000346B9607A60FB7300237B61FFF73EFFCE
:1046100078617A68B9687869FFF78EFF024697F982
:104620000F3011461846FFF75DFF00BF1837BD4633
:1046300080BD80B582B000AF0346FB7197F90730AB
:104640001846FFF731FF00BF0837BD4680BD80B573
:1046500082B000AF78607868FFF7A2FF0346184683
:104660000837BD4680BD80B584B000AF78607B68F8
:104670009B6DFB60FFF744FCB8607B6893F83530B6
:10468000DBB2022B08D07B6880225A657B6800224F
:1046900083F83420012352E07B681B681A687B682A
:1046A0001B6822F016021A607B681B685A697B68D7
:1046B0001B6822F080025A617B681B6C002B03D1BF
:1046C0007B689B6C002B07D07B681B681A687B6833
:1046D0001B6822F008021A607B681B681A687B68F6
:1046E0001B6822F001021A6013E0FFF709FC024682
:1046F000BB68D31A052B0CD97B6820225A657B68CE
:10470000032283F835207B68002283F834200323BA
:1047100015E07B681B681B6803F00103002BE4D1E4
:104720007B68DB6D3F229A40FB689A607B680122C0
:1047300083F835207B68002283F834200023184654
:104740001037BD4680BD80B483B000AF78607B6811
:1047500093F83530DBB2022B04D07B6880225A6597
:1047600001230CE07B68052283F835207B681B68F9
:104770001A687B681B6822F001021A600023184641
:104780000C37BD465DF8047B7047000080B489B0EB
:1047900000AF7860396000237B6100233B61002318
:1047A000BB610023FB6159E10122FB6902FA03F3BB
:1047B0007B613B681B687A6913403B613A697B699E
:1047C0009A4240F048813B685B6803F00303012B89
:1047D00005D03B685B6803F00303022B30D17B6894
:1047E0009B68BB61FB695B00032202FA03F3DB43B6
:1047F000BA691340BB613B68DA68FB695B0002FA87
:1048000003F3BA691343BB617B68BA699A607B683A
:104810005B68BB610122FB6902FA03F3DB43BA69FF
:104820001340BB613B685B681B0903F00102FB6935
:1048300002FA03F3BA691343BB617B68BA695A6031
:104840003B685B6803F00303032B17D07B68DB68CE
:10485000BB61FB695B00032202FA03F3DB43BA6925
:104860001340BB613B689A68FB695B0002FA03F383
:10487000BA691343BB617B68BA69DA603B685B68FD
:1048800003F00303022B23D1FB69DA087B680832AB
:1048900053F82230BB61FB6903F007039B000F2232
:1048A00002FA03F3DB43BA691340BB613B681A6940
:1048B000FB6903F007039B0002FA03F3BA69134391
:1048C000BB61FB69DA087B680832B96943F82210DA
:1048D0007B681B68BB61FB695B00032202FA03F380
:1048E000DB43BA691340BB613B685B6803F00302BA
:1048F000FB695B0002FA03F3BA691343BB617B688F
:10490000BA691A603B685B6803F44033002B00F01F
:10491000A2800023FB60574B5B6C564A43F48043F4
:104920005364544B5B6C03F48043FB60FB68524A56
:10493000FB699B08023352F82330BB61FB6903F02B
:1049400003039B000F2202FA03F3DB43BA6913400F
:10495000BB617B68494A934219D07B68484A9342BD
:1049600013D07B68474A93420DD07B68464A9342F6
:1049700007D07B68454A934201D1042308E007230E
:1049800006E0032304E0022302E0012300E0002309
:10499000FA6902F0030292009340BA691343BB61C3
:1049A0003549FB699B080233BA6941F82320384B2B
:1049B0009B68BB613B69DB43BA691340BB613B68E1
:1049C0005B6803F48013002B03D0BA693B6913437F
:1049D000BB612F4ABB6993602D4BDB68BB613B69B0
:1049E000DB43BA691340BB613B685B6803F40013A7
:1049F000002B03D0BA693B691343BB61244ABB69EE
:104A0000D360234B5B68BB613B69DB43BA691340EE
:104A1000BB613B685B6803F40033002B03D0BA69C9
:104A20003B691343BB611A4ABB695360184B1B684F
:104A3000BB613B69DB43BA691340BB613B685B68A0
:104A400003F48033002B03D0BA693B691343BB6185
:104A50000F4ABB691360FB690133FB61FB690F2BD4
:104A60007FF6A2AE00BF00BF2437BD465DF8047BD1
:104A7000704700BF0038024000380140000002408B
:104A80000004024000080240000C024000100240F6
:104A9000003C014080B487B000AF786039600023EB
:104AA0003B610023FB600023BB6000237B61BBE014
:104AB00001227B6902FA03F33B613A683B691340C8
:104AC000FB60FA683B699A4240F0AB805C4A7B69C4
:104AD0009B08023352F82330BB607B6903F0030369
:104AE0009B000F2202FA03F3BA681340BB607B6895
:104AF000544A934219D07B68534A934213D07B683F
:104B0000524A93420DD07B68514A934207D07B684A
:104B1000504A934201D1042308E0072306E003230F
:104B200004E0022302E0012300E000237A6902F09E
:104B3000030292009340BA689A4232D1464B1A68F7
:104B4000FB68DB43444913400B60434B5A68FB68E6
:104B5000DB43414913404B603F4BDA68FB68DB4362
:104B60003D491340CB603C4B9A68FB68DB433A49B4
:104B700013408B607B6903F003039B000F2202FA52
:104B800003F3BB602E4A7B699B08023352F8231063
:104B9000BB68DA432A487B699B080A40023340F825
:104BA00023207B681A687B695B00032101FA03F309
:104BB000DB431A407B681A607B69DA087B6808323D
:104BC00053F822107B6903F007039B000F2202FABF
:104BD00003F3DB437A69D20819407B68083243F853
:104BE00022107B68DA687B695B00032101FA03F31A
:104BF000DB431A407B68DA607B685A6801217B6975
:104C000001FA03F3DB431A407B685A607B689A68B9
:104C10007B695B00032101FA03F3DB431A407B68E5
:104C20009A607B6901337B617B690F2B7FF640AF14
:104C300000BF00BF1C37BD465DF8047B704700BF56
:104C40000038014000000240000402400008024019
:104C5000000C024000100240003C014080B483B0D0
:104C600000AF78600B467B8013467B707B78002B0F
:104C700003D07A887B689A6103E07B881A047B689A
:104C80009A6100BF0C37BD465DF8047B7047000099
:104C900080B584B000AF78607B68002B01D1012320
:104CA0002BE17B6893F83D30DBB2002B06D17B68AB
:104CB000002283F83C207868FEF706FE7B682422F9
:104CC00083F83D207B681B681A687B681B6822F0AC
:104CD00001021A607B681B681A687B681B6842F4D3
:104CE00000421A607B681B681A687B681B6822F4A4
:104CF00000421A6003F050FCF8607B685B68814AF0
:104D0000934207D8FB68804A934294BF0123002353
:104D1000DBB206E0FB687D4A934294BF0123002387
:104D2000DBB2002B01D00123E7E0FB68784AA2FB4D
:104D300003239B0CBB607B681B685B6823F03F010F
:104D40007B681B68BA680A435A607B681B681B6AE9
:104D500023F03F017B685B686A4A934202D8BB68D4
:104D6000013309E0BB684FF4967202FB03F3694A12
:104D7000A2FB03239B0901337A6812680B43136279
:104D80007B681B68DB6923F44F4222F0FF027B68DB
:104D90005B685C498B4219D8FB68591E7B685B686D
:104DA0005B00B1FBF3F3591C40F6FC730B40002B86
:104DB0000AD0FB68591E7B685B685B00B1FBF3F3AC
:104DC0000133C3F30B0351E004234FE07B689B687E
:104DD000002B11D1FB68581E7B6859680B465B009D
:104DE0000B44B0FBF3F30133C3F30B03002B0CBFF5
:104DF00001230023DBB212E0FB68581E7B68596870
:104E00000B469B000B4499000B44B0FBF3F30133BA
:104E1000C3F30B03002B0CBF01230023DBB2002BD9
:104E200001D0012322E07B689B68002B0ED1FB6838
:104E3000581E7B6859680B465B000B44B0FBF3F3CC
:104E40000133C3F30B0343F400430FE0FB68581E28
:104E50007B6859680B469B000B4499000B44B0FBE0
:104E6000F3F30133C3F30B0343F440437968096858
:104E70001343CB617B681B681B6823F0C0017B6810
:104E8000DA697B681B6A1A437B681B680A431A60ED
:104E90007B681B689B6823F4034323F0FF037A6855
:104EA00011697A68D26811437A6812680B4393607B
:104EB0007B681B68DB6823F0FF017B685A697B68AD
:104EC0009B691A437B681B680A43DA607B681B682E
:104ED0001A687B681B6842F001021A607B68002236
:104EE0001A647B68202283F83D207B6800221A63C5
:104EF0007B68002283F83E20002318461037BD4609
:104F000080BD00BFA08601007F841E00FF083D0019
:104F100083DE1B43D34D621080B582B000AF786052
:104F20007B68002B01D1012321E07B68242283F8D8
:104F30003D207B681B681A687B681B6822F00102B1
:104F40001A607868FEF708FD7B6800221A647B68A7
:104F5000002283F83D207B6800221A637B680022D0
:104F600083F83E207B68002283F83C20002318460B
:104F70000837BD4680BD000080B588B002AFF8603C
:104F80007A601A460B467B8113463B81FEF7B8FFD9
:104F90007861FB6893F83D30DBB2202B40F0E08075
:104FA0007B690093192301227049F86801F03CFAEB
:104FB0000346002B01D00223D3E0FB6893F83C307A
:104FC000012B01D10223CCE0FB68012283F83C20B5
:104FD000FB681B681B6803F00103012B07D0FB680B
:104FE0001B681A68FB681B6842F001021A60FB68C4
:104FF0001B681A68FB681B6822F400621A60FB6871
:10500000212283F83D20FB68102283F83E20FB68B4
:1050100000221A64FB687A685A62FB683A895A85EA
:10502000FB685B8D9AB2FB681A85FB68504ADA62AE
:1050300079897B693A6AF86800F028FF0346002BFB
:1050400001D001238DE000233B61FB681B685B6995
:105050003B61FB681B689B693B613B6966E07A6961
:10506000396AF86801F0FAFA0346002B0DD0FB68A4
:105070001B6C042B07D1FB681B681A68FB681B6854
:1050800042F400721A6001236BE0FB685B6A1A78D5
:10509000FB681B681A61FB685B6A5A1CFB685A62F2
:1050A000FB685B8D9BB2013B9AB2FB685A85FB683B
:1050B0001B8D013B9AB2FB681A85FB681B685B6914
:1050C00003F00403042B1BD1FB681B8D002B17D0AE
:1050D000FB685B6A1A78FB681B681A61FB685B6A8D
:1050E0005A1CFB685A62FB685B8D9BB2013B9AB20B
:1050F000FB685A85FB681B8D013B9AB2FB681A85D9
:105100007A69396AF86801F0F1FA0346002B0DD08C
:10511000FB681B6C042B07D1FB681B681A68FB68D3
:105120001B6842F400721A6001231AE0FB681B8DB1
:10513000002B94D1FB681B681A68FB681B6842F45B
:1051400000721A60FB68202283F83D20FB68002271
:1051500083F83E20FB68002283F83C20002300E017
:10516000022318461837BD4680BD00BF020010005C
:105170000000FFFF80B58CB002AFF8607A601A467D
:105180000B467B8113463B81FEF7BAFE7862FB68D3
:1051900093F83D30DBB2202B40F017827B6A0093FE
:1051A000192301227C49F86801F03EF90346002BDF
:1051B00001D002230AE2FB6893F83C30012B01D1B5
:1051C000022303E2FB68012283F83C20FB681B6892
:1051D0001B6803F00103012B07D0FB681B681A68EA
:1051E000FB681B6842F001021A60FB681B681A68C2
:1051F000FB681B6822F400621A60FB68222283F8B5
:105200003D20FB68102283F83E20FB6800221A64D0
:10521000FB687A685A62FB683A895A85FB685B8D3D
:105220009AB2FB681A85FB685C4ADA6279897B6A04
:105230003A6BF86800F0ACFE0346002B01D0012366
:10524000C4E1FB681B8D002B13D100233B62FB687C
:105250001B685B693B62FB681B689B693B623B6A3E
:10526000FB681B681A68FB681B6842F400721A60CE
:1052700098E1FB681B8D012B1BD1FB681B681A682A
:10528000FB681B6822F480621A600023FB61FB68E4
:105290001B685B69FB61FB681B689B69FB61FB69C1
:1052A000FB681B681A68FB681B6842F400721A608E
:1052B00078E1FB681B8D022B1BD1FB681B681A6809
:1052C000FB681B6822F480621A60FB681B681A681E
:1052D000FB681B6842F400621A600023BB61FB6834
:1052E0001B685B69BB61FB681B689B69BB61BB6931
:1052F00058E1FB681B681A68FB681B6842F480620F
:105300001A6000237B61FB681B685B697B61FB683B
:105310001B689B697B617B6944E1FB681B8D032BE8
:1053200000F2F180FB681B8D012B23D17A6A396B67
:10533000F86801F023FA0346002B01D0012345E170
:10534000FB681B681A69FB685B6AD2B21A70FB685B
:105350005B6A5A1CFB685A62FB681B8D013B9AB260
:10536000FB681A85FB685B8D9BB2013B9AB2FB68B8
:105370005A8517E1FB681B8D022B4ED17B6A009387
:105380003B6B00220649F86801F04EF80346002BFB
:1053900008D001231AE100BF020010000000FFFF47
:1053A00004000100FB681B681A68FB681B6842F474
:1053B00000721A60FB681B681A69FB685B6AD2B2EC
:1053C0001A70FB685B6A5A1CFB685A62FB681B8D8B
:1053D000013B9AB2FB681A85FB685B8D9BB2013B6F
:1053E0009AB2FB685A85FB681B681A69FB685B6A9E
:1053F000D2B21A70FB685B6A5A1CFB685A62FB687F
:105400001B8D013B9AB2FB681A85FB685B8D9BB2D2
:10541000013B9AB2FB685A85C4E07B6A00933B6B00
:1054200000226C49F86800F0FFFF0346002B01D012
:105430000123CBE0FB681B681A68FB681B6822F439
:1054400080621A60FB681B681A69FB685B6AD2B2EB
:105450001A70FB685B6A5A1CFB685A62FB681B8DFA
:10546000013B9AB2FB681A85FB685B8D9BB2013BDE
:105470009AB2FB685A857B6A00933B6B00225549C0
:10548000F86800F0D1FF0346002B01D001239DE016
:10549000FB681B681A68FB681B6842F400721A609C
:1054A000FB681B681A69FB685B6AD2B21A70FB68FA
:1054B0005B6A5A1CFB685A62FB681B8D013B9AB2FF
:1054C000FB681A85FB685B8D9BB2013B9AB2FB6857
:1054D0005A85FB681B681A69FB685B6AD2B21A704E
:1054E000FB685B6A5A1CFB685A62FB681B8D013BB8
:1054F0009AB2FB681A85FB685B8D9BB2013B9AB23E
:10550000FB685A854EE07A6A396BF86801F036F923
:105510000346002B01D0012358E0FB681B681A6981
:10552000FB685B6AD2B21A70FB685B6A5A1CFB6844
:105530005A62FB681B8D013B9AB2FB681A85FB68B7
:105540005B8D9BB2013B9AB2FB685A85FB681B6876
:105550005B6903F00403042B24D1FB681B8D032B30
:1055600007D1FB681B681A68FB681B6822F480621D
:105570001A60FB681B681A69FB685B6AD2B21A7012
:10558000FB685B6A5A1CFB685A62FB681B8D013B17
:105590009AB2FB681A85FB685B8D9BB2013B9AB29D
:1055A000FB685A85FB681B8D002B7FF4B6AEFB6849
:1055B000202283F83D20FB68002283F83E20FB6810
:1055C000002283F83C20002300E0022318462837FD
:1055D000BD4680BD0400010080B588B002AFF86010
:1055E000084611461A4603467B810B463B8113460B
:1055F000FB80FEF785FC7861FB6893F83D30DBB2F9
:10560000202B40F0D9807B690093192301226D493A
:10561000F86800F009FF0346002B01D00223CCE01C
:10562000FB6893F83C30012B01D10223C5E0FB68F5
:10563000012283F83C20FB681B681B6803F0010310
:10564000012B07D0FB681B681A68FB681B6842F0D7
:1056500001021A60FB681B681A68FB681B6822F469
:1056600000621A60FB68212283F83D20FB6840221B
:1056700083F83E20FB6800221A64FB683A6A5A628B
:10568000FB68BA8C5A85FB685B8D9AB2FB681A85F9
:10569000FB684D4ADA62F8883A8979897B69019317
:1056A000BB6A00930346F86800F040FD0346002BF8
:1056B00052D0012381E07A69B96AF86800F0CEFF20
:1056C0000346002B0DD0FB681B6C042B07D1FB6835
:1056D0001B681A68FB681B6842F400721A60012399
:1056E0006BE0FB685B6A1A78FB681B681A61FB68F1
:1056F0005B6A5A1CFB685A62FB681B8D013B9AB2BD
:10570000FB681A85FB685B8D9BB2013B9AB2FB6814
:105710005A85FB681B685B6903F00403042B1BD1EB
:10572000FB681B8D002B17D0FB685B6A1A78FB683F
:105730001B681A61FB685B6A5A1CFB685A62FB684B
:105740001B8D013B9AB2FB681A85FB685B8D9BB28F
:10575000013B9AB2FB685A85FB681B8D002BAAD1CE
:105760007A69B96AF86800F0C1FF0346002B0DD0D2
:10577000FB681B6C042B07D1FB681B681A68FB686D
:105780001B6842F400721A60012316E0FB681B6874
:105790001A68FB681B6842F400721A60FB682022DA
:1057A00083F83D20FB68002283F83E20FB6800223E
:1057B00083F83C20002300E0022318461837BD463A
:1057C00080BD00BF020010000000FFFF80B58CB05C
:1057D00002AFF860084611461A4603467B810B4625
:1057E0003B811346FB80FEF78BFB7862FB6893F8E6
:1057F0003D30DBB2202B40F014827B6A00931923EA
:1058000001227B49F86800F00FFE0346002B01D00F
:10581000022307E2FB6893F83C30012B01D10223FD
:1058200000E2FB68012283F83C20FB681B681B68D0
:1058300003F00103012B07D0FB681B681A68FB68A3
:105840001B6842F001021A60FB681B681A68FB685B
:105850001B6822F400621A60FB68222283F83D2054
:10586000FB68402283F83E20FB6800221A64FB6834
:105870003A6B5A62FB68BA8E5A85FB685B8D9AB2A6
:10588000FB681A85FB685B4ADA62F8883A8979898D
:105890007B6A0193BB6B00930346F86800F0DCFC65
:1058A0000346002B01D00123BCE1FB681B8D002BBC
:1058B00013D100233B62FB681B685B693B62FB689A
:1058C0001B689B693B623B6AFB681B681A68FB6844
:1058D0001B6842F400721A6090E1FB681B8D012B7B
:1058E0001BD1FB681B681A68FB681B6822F4806286
:1058F0001A600023FB61FB681B685B69FB61FB6846
:105900001B689B69FB61FB69FB681B681A68FB6885
:105910001B6842F400721A6070E1FB681B8D022B59
:105920001BD1FB681B681A68FB681B6822F4806245
:105930001A60FB681B681A68FB681B6842F4006207
:105940001A600023BB61FB681B685B69BB61FB6875
:105950001B689B69BB61BB6950E100237B61FB68ED
:105960001B685B697B61FB681B689B697B617B696A
:1059700044E1FB681B8D032B00F2F180FB681B8D5B
:10598000012B23D17A6AB96BF86800F0F7FE034661
:10599000002B01D0012345E1FB681B681A69FB68F5
:1059A0005B6AD2B21A70FB685B6A5A1CFB685A6267
:1059B000FB681B8D013B9AB2FB681A85FB685B8D07
:1059C0009BB2013B9AB2FB685A8517E1FB681B8DBD
:1059D000022B4ED17B6A0093BB6B00220649F8680C
:1059E00000F022FD0346002B08D001231AE100BF7E
:1059F000020010000000FFFF04000100FB681B68AC
:105A00001A68FB681B6842F400721A60FB681B6826
:105A10001A69FB685B6AD2B21A70FB685B6A5A1C2F
:105A2000FB685A62FB681B8D013B9AB2FB681A85C2
:105A3000FB685B8D9BB2013B9AB2FB685A85FB68A1
:105A40001B681A69FB685B6AD2B21A70FB685B6AF2
:105A50005A1CFB685A62FB681B8D013B9AB2FB68BB
:105A60001A85FB685B8D9BB2013B9AB2FB685A8535
:105A7000C4E07B6A0093BB6B00226C49F86800F0BD
:105A8000D3FC0346002B01D00123CBE0FB681B684D
:105A90001A68FB681B6822F480621A60FB681B6846
:105AA0001A69FB685B6AD2B21A70FB685B6A5A1C9F
:105AB000FB685A62FB681B8D013B9AB2FB681A8532
:105AC000FB685B8D9BB2013B9AB2FB685A857B6A8F
:105AD0000093BB6B00225549F86800F0A5FC034613
:105AE000002B01D001239DE0FB681B681A68FB684E
:105AF0001B6842F400721A60FB681B681A69FB6835
:105B00005B6AD2B21A70FB685B6A5A1CFB685A6205
:105B1000FB681B8D013B9AB2FB681A85FB685B8DA5
:105B20009BB2013B9AB2FB685A85FB681B681A69F5
:105B3000FB685B6AD2B21A70FB685B6A5A1CFB682E
:105B40005A62FB681B8D013B9AB2FB681A85FB68A1
:105B50005B8D9BB2013B9AB2FB685A854EE07A6A34
:105B6000B96BF86800F00AFE0346002B01D0012350
:105B700058E0FB681B681A69FB685B6AD2B21A704E
:105B8000FB685B6A5A1CFB685A62FB681B8D013B11
:105B90009AB2FB681A85FB685B8D9BB2013B9AB297
:105BA000FB685A85FB681B685B6903F00403042BE0
:105BB00024D1FB681B8D032B07D1FB681B681A6877
:105BC000FB681B6822F480621A60FB681B681A6914
:105BD000FB685B6AD2B21A70FB685B6A5A1CFB688E
:105BE0005A62FB681B8D013B9AB2FB681A85FB6801
:105BF0005B8D9BB2013B9AB2FB685A85FB681B8D9B
:105C0000002B7FF4B6AEFB68202283F83D20FB68B2
:105C1000002283F83E20FB68002283F83C2000230A
:105C200000E0022318462837BD4680BD040001006D
:105C300080B58AB002AFF8607A603B600B467B812A
:105C4000FEF75EF9F8610023BB61FB6893F83D3015
:105C5000DBB2202B40F01181FB6900931923012254
:105C60008849F86800F0E0FB0346002B01D00223CE
:105C700004E1FB6893F83C30012B01D10223FDE0E5
:105C8000FB68012283F83C20FB681B681B6803F05B
:105C90000103012B07D0FB681B681A68FB681B68AF
:105CA00042F001021A60FB681B681A68FB681B68F7
:105CB00022F400621A60FB68242283F83D20FB680E
:105CC00000221A64FB68704ADA62FB681B681A6873
:105CD000FB681B6842F480721A60FB6900933B68A2
:105CE00000224FF00111F86800F09EFB0346002BE4
:105CF0000DD0FB681B681B6803F48073B3F5807FCD
:105D000003D1FB684FF400721A640323B6E07B8969
:105D1000DBB21A46FB681B6802F0FE021A61FEF74E
:105D2000EFF8F861FB681B685B6903F00203022B64
:105D30000CBF01230023DBB2FB75FB681B685B69AA
:105D400003F48063B3F5806F0CBF01230023DBB243
:105D5000BB7525E0FEF7D4F80246FB69D31A3A6812
:105D60009A4202D33B68002B03D1FB68A02283F840
:105D70003D20FB681B685B6903F00203022B0CBF2C
:105D800001230023DBB2FB75FB681B685B6903F42E
:105D90008063B3F5806F0CBF01230023DBB2BB75BA
:105DA000FB6893F83D30DBB2A02B05D0FB7D002BC8
:105DB00002D1BB7D002BCDD0FB68202283F83D2093
:105DC000FB681B685B6903F00203022B29D1FB68A7
:105DD0001B681A68FB681B6842F400721A60002393
:105DE0003B61FB681B685B693B61FB681B689B69E7
:105DF0003B613B69FB690093192301222149F86843
:105E000000F012FB0346002B01D0012336E0FB68B3
:105E1000202283F83D20FB68002283F83C200023E9
:105E20002CE0FB681B681A68FB681B6842F4007270
:105E30001A60FB681B686FF480625A61FB6900930B
:105E4000192301220F49F86800F0EEFA0346002BEF
:105E500001D0012312E0BB690133BB61BA697B68E1
:105E60009A42FFF432AFFB68202283F83D20FB68A2
:105E7000002283F83C20012300E00223184620374B
:105E8000BD4680BD020010000000FFFF80B588B055
:105E900002AFF8607A603B600B467B81FB68DB6A8F
:105EA0007B617B69082B06D07B69012B03D07B6962
:105EB00013F5803F08D1FB681B681A68FB681B68F4
:105EC00042F480721A600BE0FB681B6B122B07D147
:105ED000FB681B681A68FB681B6842F480721A60D2
:105EE0003B6800937B6800224FF00111F86800F0D6
:105EF0009BFA0346002B0DD0FB681B681B6803F45C
:105F00008073B3F5807F03D1FB684FF400721A648D
:105F1000032335E0FB681B69B3F5804F08D17B890B
:105F2000DBB21A46FB681B6802F0FE021A611BE036
:105F30007B89DB11DBB203F00603DBB263F00F03F6
:105F4000DAB2FB681B681A613B687A680E49F86828
:105F500000F0E4FA0346002B01D0012310E07B8916
:105F6000DAB2FB681B681A613B687A680749F8680F
:105F700000F0D4FA0346002B01D0012300E00023F7
:105F800018461837BD4680BD080001000200010018
:105F900080B588B002AFF8607A603B600B467B81C9
:105FA000FB68DB6A7B61FB681B681A68FB681B681F
:105FB00042F480621A607B69082B06D07B69012B52
:105FC00003D07B6913F5803F08D1FB681B681A6812
:105FD000FB681B6842F480721A600BE0FB681B6B65
:105FE000112B07D1FB681B681A68FB681B6842F419
:105FF00080721A603B6800937B6800224FF00111A9
:10600000F86800F011FA0346002B0DD0FB681B68FE
:106010001B6803F48073B3F5807F03D1FB684FF4F2
:1060200000721A64032379E0FB681B69B3F5804FA3
:1060300008D17B89DBB243F00103DAB2FB681B684D
:106040001A615FE07B89DB11DBB203F00603DBB290
:1060500063F00F03DAB2FB681B681A613B687A6869
:106060003049F86800F05AFA0346002B01D00123AA
:1060700054E07B89DAB2FB681B681A613B687A6876
:106080002949F86800F04AFA0346002B01D00123A1
:1060900044E000233B61FB681B685B693B61FB6874
:1060A0001B689B693B613B69FB681B681A68FB685E
:1060B0001B6842F480721A603B6800937B68002280
:1060C0004FF00111F86800F0AFF90346002B0DD036
:1060D000FB681B681B6803F48073B3F5807F03D1F2
:1060E000FB684FF400721A64032317E07B89DB110D
:1060F000DBB203F00603DBB263F00E03DAB2FB6837
:106100001B681A613B687A680749F86800F006FA6C
:106110000346002B01D0012300E000231846183766
:10612000BD4680BD080001000200010080B588B0B6
:1061300002AFF860084611461A4603467B810B46BB
:106140003B811346FB80FB681B681A68FB681B6871
:1061500042F480721A607B6A00933B6A00224FF01F
:106160000111F86800F060F90346002B0DD0FB68C0
:106170001B681B6803F48073B3F5807F03D1FB6851
:106180004FF400721A6403235FE07B89DBB21A4686
:10619000FB681B6802F0FE021A617B6A3A6A2D49AD
:1061A000F86800F0BBF90346002B01D001234CE056
:1061B00000237B61FB681B685B697B61FB681B6874
:1061C0009B697B617B697A6A396AF86800F046FAF4
:1061D0000346002B0DD0FB681B6C042B07D1FB681A
:1061E0001B681A68FB681B6842F400721A6001237E
:1061F0002BE0FB88012B05D13B89DAB2FB681B68D9
:106200001A6121E03B891B0A9BB2DAB2FB681B686A
:106210001A617A6A396AF86800F020FA0346002B9E
:106220000DD0FB681B6C042B07D1FB681B681A6838
:10623000FB681B6842F400721A60012305E03B8989
:10624000DAB2FB681B681A61002318461837BD468E
:1062500080BD00BF0200010080B588B002AFF860C9
:10626000084611461A4603467B810B463B8113467E
:10627000FB80FB681B681A68FB681B6842F480623D
:106280001A60FB681B681A68FB681B6842F480721E
:106290001A607B6A00933B6A00224FF00111F86894
:1062A00000F0C2F80346002B0DD0FB681B681B688A
:1062B00003F48073B3F5807F03D1FB684FF4007261
:1062C0001A640323AAE07B89DBB21A46FB681B68C9
:1062D00002F0FE021A617B6A3A6A5249F86800F0DD
:1062E0001DF90346002B01D0012397E000237B61B9
:1062F000FB681B685B697B61FB681B689B697B6152
:106300007B697A6A396AF86800F0A8F90346002BBD
:106310000DD0FB681B6C042B07D1FB681B681A6847
:10632000FB681B6842F400721A60012376E0FB8868
:10633000012B05D13B89DAB2FB681B681A6121E0A9
:106340003B891B0A9BB2DAB2FB681B681A617A6A46
:10635000396AF86800F082F90346002B0DD0FB681B
:106360001B6C042B07D1FB681B681A68FB681B6851
:1063700042F400721A60012350E03B89DAB2FB68F4
:106380001B681A617A6A396AF86800F067F903468F
:10639000002B0DD0FB681B6C042B07D1FB681B681E
:1063A0001A68FB681B6842F400721A60012335E02A
:1063B000FB681B681A68FB681B6842F480721A60ED
:1063C0007B6A00933B6A00224FF00111F86800F0ED
:1063D0002BF80346002B0DD0FB681B681B6803F4E9
:1063E0008073B3F5807F03D1FB684FF400721A64A9
:1063F000032313E07B89DBB243F00103DAB2FB68CD
:106400001B681A617B6A3A6A0649F86800F086F8E8
:106410000346002B01D0012300E000231846183763
:10642000BD4680BD0200010080B584B000AFF860B9
:10643000B9603B601346FB7148E03B68B3F1FF3F36
:1064400044D0FDF75DFD0246BB69D31A3A689A4213
:1064500002D33B68002B39D1BB681B0CDBB2012B8C
:106460000DD1FB681B685B69DA43BB6813409BB2C4
:10647000002B0CBF01230023DBB21A460CE0FB68A3
:106480001B689B69DA43BB6813409BB2002B0CBFAF
:1064900001230023DBB21A46FB799A4216D1FB682E
:1064A00000221A63FB68202283F83D20FB6800224B
:1064B00083F83E20FB681B6C43F02002FB681A64E3
:1064C000FB68002283F83C20012323E0BB681B0CFF
:1064D000DBB2012B0DD1FB681B685B69DA43BB683B
:1064E00013409BB2002B0CBF01230023DBB21A46E2
:1064F0000CE0FB681B689B69DA43BB6813409BB2E6
:10650000002B0CBF01230023DBB21A46FB799A4211
:1065100093D0002318461037BD4680BD80B584B0A7
:1065200000AFF860B9607A603B6071E0FB681B689F
:106530005B6903F48063B3F5806F23D1FB681B684C
:106540001A68FB681B6842F400721A60FB681B68DB
:106550006FF480625A61FB6800221A63FB68202294
:1065600083F83D20FB68002283F83E20FB681B6C0B
:1065700043F00402FB681A64FB68002283F83C20A5
:10658000012367E07B68B3F1FF3F41D0FDF7B8FC22
:1065900002463B68D31A7A689A4202D37B68002B82
:1065A00036D1BB681B0CDBB2012B0CD1FB681B681E
:1065B0005B69DA43BB6813409BB2002B14BF012315
:1065C0000023DBB20BE0FB681B689B69DA43BB6806
:1065D00013409BB2002B14BF01230023DBB2002B1E
:1065E00016D0FB6800221A63FB68202283F83D2046
:1065F000FB68002283F83E20FB681B6C43F02002FE
:10660000FB681A64FB68002283F83C20012321E028
:10661000BB681B0CDBB2012B0CD1FB681B685B69F0
:10662000DA43BB6813409BB2002B14BF0123002345
:10663000DBB20BE0FB681B689B69DA43BB68134065
:106640009BB2002B14BF01230023DBB2002B7FF48D
:106650006DAF002318461037BD4680BD80B584B0AD
:1066600000AFF860B9607A6034E0F86800F0E3F8F1
:106670000346002B01D0012334E0BB68B3F1FF3F98
:1066800028D0FDF73DFC02467B68D31ABA689A42CF
:1066900002D3BB68002B1DD1FB681B685B6903F04C
:1066A0008003802B16D0FB6800221A63FB6820222F
:1066B00083F83D20FB68002283F83E20FB681B6CBA
:1066C00043F02002FB681A64FB68002283F83C2038
:1066D000012307E0FB681B685B6903F08003802BE4
:1066E000C3D1002318461037BD4680BD80B584B0A5
:1066F00000AFF860B9607A6034E0F86800F09BF8A9
:106700000346002B01D0012334E0BB68B3F1FF3F07
:1067100028D0FDF7F5FB02467B68D31ABA689A4287
:1067200002D3BB68002B1DD1FB681B685B6903F0BB
:106730000403042B16D0FB6800221A63FB68202296
:1067400083F83D20FB68002283F83E20FB681B6C29
:1067500043F02002FB681A64FB68002283F83C20A7
:10676000012307E0FB681B685B6903F00403042B4B
:10677000C3D1002318461037BD4680BD80B584B014
:1067800000AFF860B9607A6049E0FB681B685B693C
:1067900003F01003102B19D1FB681B686FF0100277
:1067A0005A61FB6800221A63FB68202283F83D20AF
:1067B000FB68002283F83E20FB681A6CFB681A64B1
:1067C000FB68002283F83C20012330E0FDF798FBB2
:1067D00002467B68D31ABA689A4202D3BB68002B80
:1067E0001DD1FB681B685B6903F04003402B16D08A
:1067F000FB6800221A63FB68202283F83D20FB68B7
:10680000002283F83E20FB681B6C43F02002FB68EB
:106810001A64FB68002283F83C20012307E0FB6830
:106820001B685B6903F04003402BAED10023184680
:106830001037BD4680BD80B483B000AF78607B6800
:106840001B685B6903F48063B3F5806F1BD17B68C1
:106850001B686FF480625A617B6800221A637B6850
:10686000202283F83D207B68002283F83E207B684D
:106870001B6C43F004027B681A647B68002283F877
:106880003C20012300E0002318460C37BD465DF88C
:10689000047B704780B586B002AF78607B68002BC0
:1068A00001D1012301E17B681B68BB607B6893F821
:1068B0009534DBB2002B06D17B68002283F8942448
:1068C000786807F041FF7B68032283F89524BB6852
:1068D000B3F1A04F02D17B6800229A717B681B68DC
:1068E000184604F004FB7B6818687B681A7C8DF8F6
:1068F000002004330ECB04F0E3F90346002B05D04F
:106900007B68022283F895240123CEE07B681B6814
:106910000021184604F0FCFA0346002B05D07B68E2
:10692000022283F895240123BFE00023FB734AE091
:10693000FA7B79681346DB0013449B000B44153344
:1069400001221A70FA7B79681346DB0013449B001E
:106950000B441433FA7B1A70FA7BFB7B98B279688C
:106960001346DB0013449B000B442E3302461A806F
:10697000FA7B79681346DB0013449B000B44183301
:1069800000221A70FA7B79681346DB0013449B00DF
:106990000B441C3300221A60FA7B79681346DB0033
:1069A00013449B000B44203300221A60FA7B796861
:1069B0001346DB0013449B000B44243300221A606F
:1069C000FB7B0133FB737B681B79FA7B9A42AFD365
:1069D0000023FB7344E0FA7B79681346DB00134421
:1069E0009B000B4403F2552300221A70FA7B79684E
:1069F0001346DB0013449B000B4403F51573FA7B2D
:106A00001A70FA7B79681346DB0013449B000B4431
:106A100003F5167300221A70FA7B79681346DB00BF
:106A200013449B000B4403F5177300221A60FA7B92
:106A300079681346DB0013449B000B4403F518737D
:106A400000221A60FA7B79681346DB0013449B002E
:106A50000B4403F5197300221A60FB7B0133FB73AF
:106A60007B681B79FA7B9A42B5D37B6818687B6890
:106A70001A7C8DF8002004330ECB04F095FA0346FF
:106A8000002B05D07B68022283F8952401230CE0BB
:106A90007B6800225A747B68012283F895247B6806
:106AA0001B68184605F0DFFA002318461037BD466C
:106AB00080BD80B584B000AF78607B681B68FB60E8
:106AC0007B6893F89434012B01D1022322E07B6888
:106AD000012283F89424FB68DB6803F04003002B59
:106AE00009D07B685B7B012B05D1FB689B6B43F472
:106AF0008032FB689A637B681B68184604F0E6F9ED
:106B00007B681B68184605F08DFA7B68002283F8C5
:106B10009424002318461037BD4680BD90B58DB033
:106B200000AF78607B681B683B623B6AFB617B68F7
:106B30001B68184605F04BFB0346002B40F08C8485
:106B40007B681B68184605F0AFFA0346002B00F07F
:106B50008284FB6903F500639B681B0AC3F30D0283
:106B60007B68C3F8D4247B681B68184605F09CFA40
:106B7000034603F00203022B07D17B681B685A69A6
:106B80007B681B6802F002025A617B681B6818462A
:106B900005F08AFA034603F01003102B61D17B68DD
:106BA0001B689A697B681B6822F010029A613B6A35
:106BB0001B6ABB61BB6903F00F021346DB00134481
:106BC0009B0003F514737A68134404337B61BB693B
:106BD00003F4F013B3F5802F24D1BA6947F6F073AC
:106BE0001340002B35D07B69D968BB691B099BB268
:106BF000C3F30A039BB21A46386A05F0C1F87B69F1
:106C0000DA68BB691B09C3F30A031A447B69DA60BB
:106C10007B695A69BB691B09C3F30A031A447B6980
:106C20005A6116E0BB6903F4F013B3F5402F10D19D
:106C30007B6803F29C4308221946386A05F0A0F8E5
:106C40007B695A69BB691B09C3F30A031A447B6950
:106C50005A617B681B689A697B681B6842F0100266
:106C60009A617B681B68184605F01EFA034603F418
:106C70000023B3F5002F40F0A78000237B627B68E0
:106C80001B68184605F023FAB86299E0BB6A03F066
:106C90000103002B00F08E807B681B687A6AD2B2F9
:106CA0001146184605F047FA38613B6903F00103C5
:106CB000002B0CD07B6A5A01FB69134403F5306347
:106CC0001A4601239360796A786800F0A3FE3B6955
:106CD00003F00803002B0CD07B6A5A01FB691344B4
:106CE00003F530631A4608239360796A786800F0E8
:106CF00079FF3B6903F01003002B08D07B6A5A012F
:106D0000FB69134403F530631A46102393603B6913
:106D100003F00203002B30D03B6A5B6903F0800371
:106D2000802B09D1FB6903F500635B68FA6902F502
:106D3000006243F4806353607A6A1346DB001344B5
:106D40009B0003F514737A68134404337B617B69F9
:106D5000DB78012B08D17B690022DA707B6ADBB219
:106D60001946786807F0ECFD7B6A5A01FB69134409
:106D700003F530631A46022393603B6903F0200356
:106D8000002B08D07B6A5A01FB69134403F530637A
:106D90001A46202393603B6903F40053002B09D06B
:106DA0007B6A5A01FB69134403F530631A464FF4BA
:106DB000005393607B6A01337B62BB6A5B08BB62F2
:106DC000BB6A002B7FF462AF7B681B68184605F036
:106DD0006BF9034603F48023B3F5802F40F0DB808A
:106DE0007B681B68184605F08CF9B86200237B624B
:106DF000CDE0BB6A03F00103002B00F0C2807B688A
:106E00001B687A6AD2B21146184605F0B2F93861A9
:106E10003B6903F00103002B57D07B6A03F00F039B
:106E2000012202FA03F3FB60FB6903F500635A6B6E
:106E3000FB68DB43F96901F5006113404B637B6A32
:106E40005A01FB69134403F510631A46012393604A
:106E50007B689B79012B32D179687A6A1346DB0013
:106E600013449B000B442033196878687A6A1346F0
:106E7000DB0013449B0003441C331B6819447868EF
:106E80007A6A1346DB0013449B00034420331960E5
:106E90007B6A002B13D179687A6A1346DB001344AE
:106EA0009B000B4424331B68002B08D17B681868B7
:106EB0007B6803F29C431A46012105F0B9F97B6A0D
:106EC000DBB21946786807F0C0FC3B6903F00803A1
:106ED000002B08D07B6A5A01FB69134403F5106349
:106EE0001A46082393603B6903F01003002B08D077
:106EF0007B6A5A01FB69134403F510631A46102399
:106F000093603B6903F04003002B08D07B6A5A0171
:106F1000FB69134403F510631A46402393603B69F1
:106F200003F00203002B23D0796A386A04F0A0F939
:106F30007A6A1346DB0013449B0010337A681344CB
:106F400004337B617B69DB78012B08D17B690022EC
:106F5000DA707B6ADBB21946786807F003FD7B6A5A
:106F60005A01FB69134403F510631A460223936028
:106F70003B6903F08003002B03D0796A786800F046
:106F8000BDFC7B6A01337B62BB6A5B08BB62BB6A88
:106F9000002B7FF42EAF7B681B68184605F084F841
:106FA000034603F00043B3F1004F22D1FB6903F520
:106FB00000635B68FA6902F5006223F00103536025
:106FC0007B6893F8CC34012B08D17B68002283F8CE
:106FD000CC240021786800F0A3FE02E0786807F076
:106FE000A1FC7B681B685A697B681B6802F0004241
:106FF0005A617B681B68184605F056F8034603F48F
:107000000063B3F5006F12D1FB6903F500639B6861
:1070100003F00103012B02D1786807F05DFC7B6867
:107020001B685A697B681B6802F400625A617B68BE
:107030001B68184605F038F8034603F48053B3F58F
:10704000805F40F0B780FB6903F500635B68FA6915
:1070500002F5006223F0010353607B681B68102176
:10706000184604F005F90023FB6246E0FB6A5A016A
:10707000FB69134403F510631A464FF67F339360A0
:10708000FB6A5A01FB69134403F510631B68FA6A33
:107090005101FA690A4402F5106223F400131360E7
:1070A000FB6A5A01FB69134403F530631A464FF635
:1070B0007F339360FB6A5A01FB69134403F5306325
:1070C0001B68FA6A5101FA690A4402F5306223F436
:1070D00000131360FB6A5A01FB69134403F5306324
:1070E0001B68FA6A5101FA690A4402F5306243F0FA
:1070F00000631360FB6A0133FB627B681B791A46ED
:10710000FB6A9342B2D3FB6903F50063DB69FA695A
:1071100002F5006243F00113D3617B68DB7B002B37
:1071200016D0FB6903F50063D3F88430FA6902F5E1
:10713000006243F00B03C2F88430FB6903F500637F
:107140005B6CFA6902F5006243F00B03536415E0CF
:10715000FB6903F500635B69FA6902F5006243F4B9
:10716000005343F02B035361FB6903F500631B6974
:10717000FA6902F5006243F00B031361FB6903F542
:1071800000631B68FA6902F5006223F4FE63136072
:107190007B6818687B6899797B6803F29C431A4680
:1071A00005F046F87B681B685A697B681B6802F427
:1071B00080525A617B681B68184604F075FF0346CD
:1071C00003F40053B3F5005F23D17B681B681846B6
:1071D00005F00BF87B681B68184604F0C2F80346FC
:1071E0001A467B68DA717B681C6801F0C9F90146B0
:1071F0007B68DB791A46204603F0C6FD786807F005
:107200004CFB7B681B685A697B681B6802F4005260
:107210005A617B681B68184604F046FF034603F07A
:107220000803082B0AD1786807F029FB7B681B68E4
:107230005A697B681B6802F008025A617B681B6808
:10724000184604F031FF034603F08003802B23D15E
:107250003B6A9B6923F080023B6A9A6101237B624F
:1072600014E079687A6A1346DB0013449B000B44F0
:1072700003F257231B78012B05D17B6ADBB2194639
:10728000786800F00AFB7B6A01337B627B681B79BC
:107290001A467B6A9342E4D37B681B68184604F065
:1072A00003FF034603F48013B3F5801F3CD1012391
:1072B0007B622BE07B6A5A01FB69134403F5106380
:1072C0001B68BB6179687A6A1346DB0013449B0034
:1072D0000B4418331B78012B15D1BB69002B12DA34
:1072E00079687A6A1346DB0013449B000B4417331A
:1072F00001221A707B6ADBB263F07F03DBB21946AE
:10730000786800F0CAFA7B6A01337B627B681B797C
:107310001A467B6A9342CDD37B681B685A697B68A7
:107320001B6802F480125A617B681B68184604F0DF
:10733000BBFE034603F40013B3F5001F56D101232F
:107340007B6245E07B6A5A01FB69134403F53063B5
:107350001B68BB6179687A6A1346DB0013449B00A3
:107360000B4403F516731B78012B2ED1BB69002B40
:107370002BDABB691A0C7B68D3F8D434534003F082
:107380000103002B21D179687A6A1346DB0013448C
:107390009B000B4403F2572301221A703B6A9B693E
:1073A00043F080023B6A9A613B6A5B6903F08003A9
:1073B000002B0AD1FB6903F500635B68FA6902F5EB
:1073C000006243F40073536008E07B6A01337B6220
:1073D0007B681B791A467B6A9342B3D37B681B6830
:1073E0005A697B681B6802F400125A617B681B684B
:1073F000184604F059FE034603F08043B3F1804F72
:107400000AD1786807F0C0FA7B681B685A697B6804
:107410001B6802F080425A617B681B68184604F0C2
:1074200043FE034603F00403042B15D17B681B685D
:107430005B68BB61BB6903F00403002B02D0786872
:1074400007F0B0FA7B681B6859687B681B68BA69EB
:107450000A435A6000E000BF3437BD4690BD80B596
:1074600082B000AF78600B46FB707B6893F8943471
:10747000012B01D1022312E07B68012283F89424BE
:107480007B68FA785A747B681B68FA78114618464C
:1074900004F0A2FD7B68002283F8942400231846A0
:1074A0000837BD4680BD80B584B000AF786008461F
:1074B00011461A460346FB700B463B801346BB70D1
:1074C0000023FB7297F90330002B0FDAFB7803F0EF
:1074D0000F021346DB0013449B0010337A681344F9
:1074E0000433FB60FB6801225A700FE0FB7803F065
:1074F0000F021346DB0013449B0003F514737A68F4
:1075000013440433FB60FB6800225A70FB7803F0DD
:107510000F03DAB2FB681A703B88C3F30A02FB68F8
:107520009A60FB68BA781A71FB685B78002B04D00C
:10753000FB681B781A46FB685A83BB78022B02D182
:10754000FB6800225A717B6893F89434012B01D1B7
:1075500002230EE07B68012283F894247B681B6879
:10756000F968184603F022FF7B68002283F8942410
:10757000FB7A18461037BD4680BD80B584B000AF99
:1075800078600B46FB7097F90330002B0FDAFB781D
:1075900003F00F021346DB0013449B0010337A689C
:1075A00013440433FB60FB6801225A700FE0FB7840
:1075B00003F00F021346DB0013449B0003F5147322
:1075C0007A6813440433FB60FB6800225A70FB782E
:1075D00003F00F03DAB2FB681A707B6893F89434F7
:1075E000012B01D102230EE07B68012283F8942451
:1075F0007B681B68F968184603F060FF7B6800220F
:1076000083F89424002318461037BD4680BD80B50A
:1076100086B000AFF8607A603B600B46FB72FB7A85
:1076200003F00F021346DB0013449B0003F51473B1
:10763000FA68134404337B617B697A68DA607B699A
:107640003A681A617B6900225A617B6900225A708C
:10765000FB7A03F00F03DAB27B691A70FB689B793F
:10766000012B02D17A687B69DA61FB681868FB68D4
:107670009B791A46796903F0FDFF002318461837F5
:10768000BD4680BD80B483B000AF78600B46FB7010
:10769000FB7803F00F0279681346DB0013449B006C
:1076A0000B4403F51A731B6818460C37BD465DF88A
:1076B000047B704780B586B000AFF8607A603B60AD
:1076C0000B46FB72FB7A03F00F021346DB001344F8
:1076D0009B001033FA68134404337B617B697A683A
:1076E000DA607B693A681A617B6900225A617B69BA
:1076F00001225A70FB7A03F00F03DAB27B691A7029
:10770000FB689B79012B02D17A687B69DA61FB689F
:107710001868FB689B791A46796903F0ABFF002370
:1077200018461837BD4680BD80B584B000AF78607C
:107730000B46FB70FB7803F00F037A6812799342D3
:1077400001D901234FE097F90330002B0FDAFB78C2
:1077500003F00F021346DB0013449B0010337A68DA
:1077600013440433FB60FB6801225A700DE0FA7881
:107770001346DB0013449B0003F514737A6813442B
:107780000433FB60FB6800225A70FB6801229A7088
:10779000FB7803F00F03DAB2FB681A707B6893F88A
:1077A0009434012B01D102231DE07B68012283F870
:1077B00094247B681B68F968184604F039FBFB7851
:1077C00003F00F03002B09D17B6818687B68997957
:1077D0007B6803F29C431A4604F02AFD7B68002272
:1077E00083F89424002318461037BD4680BD80B529
:1077F00084B000AF78600B46FB70FB7803F00F039A
:107800007A681279934201D9012342E097F9033053
:10781000002B0FDAFB7803F00F021346DB00134452
:107820009B0010337A6813440433FB60FB68012229
:107830005A700FE0FB7803F00F021346DB0013448D
:107840009B0003F514737A6813440433FB60FB68F0
:1078500000225A70FB6800229A70FB7803F00F0335
:10786000DAB2FB681A707B6893F89434012B01D16B
:1078700002230EE07B68012283F894247B681B6856
:10788000F968184604F042FB7B68002283F89424D0
:10789000002318461037BD4680BD80B584B000AFC8
:1078A00078600B46FB7097F90330002B0CDAFB78FD
:1078B00003F00F021346DB0013449B0010337A6879
:1078C00013440433FB600CE0FB7803F00F02134613
:1078D000DB0013449B0003F514737A6813440433EC
:1078E000FB607B681B68F968184604F061F9034681
:1078F000FB72FB7A18461037BD4680BD80B58AB052
:1079000002AF786039607B681B687B617B693B6193
:107910003A681346DB0013449B0010337A68134423
:107920000433FB60FB685A69FB681B699A4201D902
:1079300001236BE0FB681A69FB685B69D31AFB6182
:10794000FB689B68FA699A4202D9FB689B68FB61F5
:10795000FB6903339B08BB612AE0FB681A69FB687B
:107960005B69D31AFB61FB689B68FA699A4202D98A
:10797000FB689B68FB61FB6903339B08BB61FB6889
:10798000D9683B68DAB2FB6998B27B689B7900934F
:107990000346786904F0B6F9FB68DA68FB691A44B3
:1079A000FB68DA60FB685A69FB691A44FB685A6134
:1079B0003B685A013B69134403F510639B699BB212
:1079C000BA699A4209D8FB685A69FB681B699A42EE
:1079D00003D2FB681B69002BBFD1FB681A69FB68E7
:1079E0005B699A4211D83B6803F00F03012202FA47
:1079F00003F3BB603B6903F500635A6BBB68DB4371
:107A0000396901F5006113404B63002318462037A4
:107A1000BD4680BD80B588B000AF786039607B68B6
:107A20001B68FB61FB69BB61FB693C3304331B686A
:107A30007B613B685A01BB69134403F530639B6863
:107A40003B617B689B79012B7BD13B6903F0080389
:107A5000002B15D07B69614A934240F2B9803B69A3
:107A600003F40043002B00F0B3803B685A01BB696C
:107A7000134403F530631A464FF400439360A7E0C4
:107A80003B6903F02003002B09D03B685A01BB6916
:107A9000134403F530631A462023936098E03B6952
:107AA00003F02803002B40F093807B694B4A9342FC
:107AB0000FD93B6903F40043002B0AD03B685A01FD
:107AC000BB69134403F530631A464FF400439360D7
:107AD0007EE03A681346DB0013449B0003F5147301
:107AE0007A6813440433FB60FB681A6A3B685901E7
:107AF000BB690B4403F530631B69C3F31203D21A4D
:107B0000FB685A613B68002B14D1FB681B69002B92
:107B100009D17B6818687B6803F29C431A460121EF
:107B200004F086FB06E0FB68DA68FB685B691A44D0
:107B3000FB68DA603B68DBB21946786806F06AFEDB
:107B400046E07B69264A934224D13B6903F4004313
:107B5000002B0AD03B685A01BB69134403F530631C
:107B60001A464FF40043936032E03B6903F0200370
:107B7000002B08D03B685A01BB69134403F53063FE
:107B80001A46202393603B68DBB21946786806F0FA
:107B900041FE1DE03B68002B14D179683A6813461A
:107BA000DB0013449B000B4403F519731B68002B87
:107BB00008D17B6818687B6803F29C431A46002151
:107BC00004F036FB3B68DBB21946786806F022FE0B
:107BD000002318462037BD4680BD00BF0A30544FF1
:107BE0000A31544F80B586B000AF786039607B6849
:107BF0001B687B617B693B617B693C3304331B6899
:107C0000FB603B685A013B69134403F530639B6892
:107C1000BB60FB68154A93420ED9BB6803F400436E
:107C2000002B09D03B685A013B69134403F53063CC
:107C30001A464FF400439360786806F0D9FDFB685C
:107C40000A4A93420CD97B689B79012B08D17B6847
:107C500018687B6803F29C431A46012104F0E8FA95
:107C6000002318461837BD4680BD00BF0A30544F68
:107C700080B485B000AF78600B46FB7013463B8044
:107C80007B681B685B6ABB60FB78002B07D13B8875
:107C900019047B681B68BA680A439A6228E07B680B
:107CA0001B689B6A1B0CBA681344BB600023FB7300
:107CB0000DE07B681A68FB7B40339B0013445B68D4
:107CC0001B0CBA681344BB60FB7B0133FB73FA7B6C
:107CD000FB78013B9A42ECD33B8818047B68196817
:107CE000FB78013BBA68024340339B000B445A6067
:107CF000002318461437BD465DF8047B704780B4F6
:107D000083B000AF78600B467B807B681B687A8805
:107D10005A62002318460C37BD465DF8047B704755
:107D200080B483B000AF78600B46FB7000BF0C37A7
:107D3000BD465DF8047B704780B586B000AF7860C3
:107D40007B68002B01D1012367E27B681B6803F08D
:107D50000103002B75D0884B9B6803F00C03042BA8
:107D60000CD0854B9B6803F00C03082B12D1824B7F
:107D70005B6803F48003B3F5800F0BD17E4B1B6867
:107D800003F40033002B5BD07B685B68002B57D17A
:107D9000012342E27B685B68B3F5803F06D1764BF6
:107DA0001B68754A43F4803313601DE07B685B6891
:107DB000B3F5A02F0CD1704B1B686F4A43F480239E
:107DC00013606D4B1B686C4A43F4803313600BE007
:107DD000694B1B68684A23F480331360664B1B6849
:107DE000654A23F4802313607B685B68002B13D003
:107DF000FCF786F8386108E0FCF782F802463B6938
:107E0000D31A642B01D9032307E25B4B1B6803F4ED
:107E10000033002BF0D014E0FCF772F8386108E072
:107E2000FCF76EF802463B69D31A642B01D9032391
:107E3000F3E1514B1B6803F40033002BF0D100E059
:107E400000BF7B681B6803F00203002B63D04A4B22
:107E50009B6803F00C03002B0BD0474B9B6803F08F
:107E60000C03082B1CD1444B5B6803F48003002BEC
:107E700016D1414B1B6803F00203002B05D07B6831
:107E8000DB68012B01D00123C7E13B4B1B6823F0CA
:107E9000F8027B681B69DB00374913430B603AE04B
:107EA0007B68DB68002B20D0344B01221A60FCF782
:107EB00027F8386108E0FCF723F802463B69D31A3B
:107EC000022B01D90323A8E12B4B1B6803F002030B
:107ED000002BF0D0284B1B6823F0F8027B681B694D
:107EE000DB00254913430B6015E0244B00221A6088
:107EF000FCF706F8386108E0FCF702F802463B6937
:107F0000D31A022B01D9032387E11B4B1B6803F013
:107F10000203002BF0D17B681B6803F00803002BE1
:107F200036D07B685B69002B16D0154B01221A6096
:107F3000FBF7E6FF386108E0FBF7E2FF02463B692A
:107F4000D31A022B01D9032367E10B4B5B6F03F0BC
:107F50000203002BF0D01BE0094B00221A60FBF754
:107F6000CFFF38610EE0FBF7CBFF02463B69D31A27
:107F7000022B07D9032350E100380240000047429A
:107F8000800E4742884B5B6F03F00203002BEAD15F
:107F90007B681B6803F00403002B00F0978000232C
:107FA000FB75814B1B6C03F08053002B0FD100231A
:107FB000BB607D4B1B6C7C4A43F0805313647A4B4F
:107FC0001B6C03F08053BB60BB680123FB75774BD0
:107FD0001B6803F48073002B18D1744B1B68734A21
:107FE00043F480731360FBF78BFF386108E0FBF705
:107FF00087FF02463B69D31A022B01D903230CE108
:108000006A4B1B6803F48073002BF0D07B689B687D
:10801000012B06D1644B1B6F634A43F001031367C6
:108020001CE07B689B68052B0CD15F4B1B6F5E4A85
:1080300043F0040313675C4B1B6F5B4A43F001037F
:1080400013670BE0584B1B6F574A23F0010313676C
:10805000554B1B6F544A23F0040313677B689B68DE
:10806000002B15D0FBF74CFF38610AE0FBF748FF07
:1080700002463B69D31A41F28832934201D9032365
:10808000CBE0494B1B6F03F00203002BEED014E052
:10809000FBF736FF38610AE0FBF732FF02463B6927
:1080A000D31A41F28832934201D90323B5E03E4B03
:1080B0001B6F03F00203002BEED1FB7D012B05D1DA
:1080C000394B1B6C384A23F0805313647B689B69DF
:1080D000002B00F0A180344B9B6803F00C03082BAD
:1080E0005CD07B689B69022B41D1314B00221A6026
:1080F000FBF706FF386108E0FBF702FF02463B6929
:10810000D31A022B01D9032387E0274B1B6803F006
:108110000073002BF0D17B68DA697B681B6A1A4315
:108120007B685B6A9B011A437B689B6A5B08013B27
:108130001B041A437B68DB6A1B061B4913434B6015
:108140001B4B01221A60FBF7DBFE386108E0FBF7EE
:10815000D7FE02463B69D31A022B01D903235CE008
:10816000114B1B6803F00073002BF0D054E0104B50
:1081700000221A60FBF7C4FE386108E0FBF7C0FE7E
:1081800002463B69D31A022B01D9032345E0064B73
:108190001B6803F00073002BF0D13DE07B689B6906
:1081A000012B07D1012338E0003802400070004065
:1081B000600047421B4B5B68FB607B689B69012B3F
:1081C00028D0FB6803F480027B68DB699A4221D1E6
:1081D000FB6803F03F027B681B6A9A421AD1FA6877
:1081E00047F6C07313407A68526A9201934211D1E4
:1081F000FB6803F440327B689B6A5B08013B1B040D
:108200009A4207D1FB6803F070627B68DB6A1B0649
:108210009A4201D0012300E0002318461837BD46DA
:1082200080BD00BF0038024080B584B000AF7860E8
:1082300039607B68002B01D10123CCE0684B1B68BF
:1082400003F007033A689A420CD9654B3A68D2B2F8
:108250001A70634B1B6803F007033A689A4201D017
:108260000123B8E07B681B6803F00203002B20D0D9
:108270007B681B6803F00403002B05D0594B9B68F7
:10828000584A43F4E05393607B681B6803F008038B
:10829000002B05D0534B9B68524A43F460439360D4
:1082A000504B9B6823F0F0027B689B684D49134359
:1082B0008B607B681B6803F00103002B44D07B6854
:1082C0005B68012B07D1474B1B6803F40033002B7D
:1082D00019D101237FE07B685B68022B03D07B68A8
:1082E0005B68032B07D13F4B1B6803F00073002B27
:1082F00009D101236FE03B4B1B6803F00203002B05
:1083000001D1012367E0374B9B6823F003027B68B0
:108310005B68344913438B60FBF7F2FDF8600AE0B9
:10832000FBF7EEFD0246FB68D31A41F28832934216
:1083300001D903234FE02B4B9B6803F00C027B68B1
:108340005B689B009A42EBD1254B1B6803F0070347
:108350003A689A420CD2224B3A68D2B21A70204B39
:108360001B6803F007033A689A4201D0012332E008
:108370007B681B6803F00403002B08D0194B9B6833
:1083800023F4E0527B68DB68164913438B607B68FB
:108390001B6803F00803002B09D0124B9B6823F4E1
:1083A00060427B681B69DB000E4913438B6000F061
:1083B00021F802460B4B9B681B0903F00F030A4987
:1083C000CB5C22FA03F3094A1360094B1B68184679
:1083D000FBF752FD002318461037BD4680BD00BF95
:1083E000003C0240003802403C3C010844000020B0
:1083F000480000202DE9B04F90B000AF00237B6310
:108400000023FB6300233B630023BB63594B9B6842
:1084100003F00C03082B0DD0082B00F2A180002BD9
:1084200002D0042B03D09BE0534BBB639BE0534B28
:10843000BB6398E04F4B5B6803F03F037B634D4B9E
:108440005B6803F48003002B28D04A4B5B689B09D0
:1084500000223B627A623B6AC3F308000021474B6B
:1084600003FB01F2002300FB03F31344434AA0FB88
:108470000212FA620A46BA62FA6A1344FB627B6B22
:108480000022BB61FA61D7E90623D7E90A01F8F7B0
:1084900011FD02460B461346FB6353E0354B5B6808
:1084A0009B0900223B617A613B69C3F3080A4FF0E4
:1084B000000B52465B464FF000004FF0000159019F
:1084C00041EAD261500102460B46B2EB0A0863EB67
:1084D0000B094FF000024FF000034FEA891343EA03
:1084E00098634FEA8812B2EB080463EB09054FF07A
:1084F00000024FF00003EB0043EA5473E20014461D
:108500001D4614EB0A033B6045EB0B037B604FF009
:1085100000024FF00003D7E9004529468B022146AF
:1085200043EA915321468A02104619467B6B00228A
:10853000BB60FA60D7E90223F8F7BCFC02460B46A1
:108540001346FB630B4B5B681B0C03F00303013307
:108550005B003B63FA6B3B6BB2FBF3F3BB6302E084
:10856000054BBB6300BFBB6B18464037BD46BDE83B
:10857000B08F00BF003802400024F40040787D0135
:1085800080B400AF034B1B681846BD465DF8047B02
:10859000704700BF4400002080B500AFFFF7F0FF38
:1085A0000246054B9B689B0A03F007030349CB5C1B
:1085B00022FA03F3184680BD003802404C3C010803
:1085C00080B500AFFFF7DCFF0246054B9B685B0BF5
:1085D00003F007030349CB5C22FA03F3184680BD7E
:1085E000003802404C3C010880B582B000AF786092
:1085F0007B68002B01D101237BE07B685B6A002B49
:1086000008D17B685B68B3F5827F09D07B68002264
:10861000DA6105E07B6800221A617B6800225A61FA
:108620007B6800229A627B6893F85130DBB2002BA2
:1086300006D17B68002283F850207868FBF7AEF9FA
:108640007B68022283F851207B681B681A687B686C
:108650001B6822F040021A607B685B6803F4827238
:108660007B689B6803F404431A437B68DB6803F46C
:1086700000631A437B681B6903F002031A437B689B
:108680005B6903F001031A437B689B6903F4007381
:108690001A437B68DB6903F038031A437B681B6A63
:1086A00003F0800342EA03017B689B6A03F40052F3
:1086B0007B681B680A431A607B689B691B0C03F08C
:1086C00004017B685B6A03F010027B681B680A4345
:1086D0005A607B681B68DA697B681B6822F4006259
:1086E000DA617B6800225A657B68012283F8512099
:1086F000002318460837BD4680BD80B588B000AF5E
:10870000F860B9603B601346FB80FBF7F9FBF8614A
:10871000FB887B83FB6893F85130DBB2012B01D0DF
:1087200002232AE1BB68002B02D0FB88002B01D179
:10873000012322E1FB6893F85030012B01D1022381
:108740001BE1FB68012283F85020FB68032283F8B9
:108750005120FB6800225A65FB68BA681A63FB68FF
:10876000FA889A86FB68FA88DA86FB6800229A63A0
:10877000FB6800229A87FB680022DA87FB680022E8
:108780005A64FB6800221A64FB689B68B3F5004FCB
:108790000FD1FB681B681A68FB681B6822F0400257
:1087A0001A60FB681B681A68FB681B6842F4804209
:1087B0001A60FB681B681B6803F04003402B07D05E
:1087C000FB681B681A68FB681B6842F040021A606D
:1087D000FB68DB68B3F5006F52D1FB685B68002B68
:1087E00002D07B8B012B45D1FB681B6B1A88FB6881
:1087F0001B68DA60FB681B6B9A1CFB681A63FB68DA
:10880000DB8E9BB2013B9AB2FB68DA8632E0FB68F2
:108810001B689B6803F00203022B12D1FB681B6BE1
:108820001A88FB681B68DA60FB681B6B9A1CFB6884
:108830001A63FB68DB8E9BB2013B9AB2FB68DA8657
:1088400018E0FBF75DFB0246FB69D31A3A689A42CF
:1088500003D83B68B3F1FF3F02D13B68002B09D13D
:10886000FB68012283F85120FB68002283F8502026
:10887000032382E0FB68DB8E9BB2002BC7D153E061
:10888000FB685B68002B02D07B8B012B47D1FB6818
:108890001A6BFB681B680C3312781A70FB681B6B31
:1088A0005A1CFB681A63FB68DB8E9BB2013B9AB2D1
:1088B000FB68DA8633E0FB681B689B6803F0020301
:1088C000022B13D1FB681A6BFB681B680C33127800
:1088D0001A70FB681B6B5A1CFB681A63FB68DB8E03
:1088E0009BB2013B9AB2FB68DA8618E0FBF708FB03
:1088F0000246FB69D31A3A689A4203D83B68B3F13F
:10890000FF3F02D13B68002B09D1FB68012283F8AD
:108910005120FB68002283F8502003232DE0FB68E0
:10892000DB8E9BB2002BC6D1FA693968F86800F07B
:1089300077FB0346002B02D0FB6820225A65FB68B8
:108940009B68002B0AD100237B61FB681B68DB68F6
:108950007B61FB681B689B687B617B69FB6801220C
:1089600083F85120FB68002283F85020FB685B6D80
:10897000002B01D0012300E0002318462037BD461C
:1089800080BD80B58AB000AFF860B9607A607B8046
:1089900001237B62FBF7B4FA3862FB6893F851302D
:1089A000FB77FB685B68BB617B88FB82FB7F012BED
:1089B0000CD0BB69B3F5827F06D1FB689B68002BA6
:1089C00002D1FB7F042B01D002237FE1BB68002B87
:1089D00005D07B68002B02D07B88002B01D10123BE
:1089E00074E1FB6893F85030012B01D102236DE153
:1089F000FB68012283F85020FB6893F85130DBB20A
:108A0000042B03D0FB68052283F85120FB68002269
:108A10005A65FB687A689A63FB687A88DA87FB682C
:108A20007A889A87FB68BA681A63FB687A88DA865C
:108A3000FB687A889A86FB6800221A64FB68002229
:108A40005A64FB681B681B6803F04003402B07D087
:108A5000FB681B681A68FB681B6842F040021A60DA
:108A6000FB68DB68B3F5006F7ED1FB685B68002BA9
:108A700002D0FB8A012B6CD1FB681B6B1A88FB6848
:108A80001B68DA60FB681B6B9A1CFB681A63FB6847
:108A9000DB8E9BB2013B9AB2FB68DA8659E0FB6839
:108AA0001B689B6803F00203022B1BD1FB68DB8E63
:108AB0009BB2002B16D07B6A012B13D1FB681B6B7A
:108AC0001A88FB681B68DA60FB681B6B9A1CFB68E2
:108AD0001A63FB68DB8E9BB2013B9AB2FB68DA86B5
:108AE00000237B62FB681B689B6803F00103012B7A
:108AF00019D1FB68DB8F9BB2002B14D0FB681B687D
:108B0000DA68FB689B6B92B21A80FB689B6B9A1CBD
:108B1000FB689A63FB68DB8F9BB2013B9AB2FB68F0
:108B2000DA8701237B62FBF7EBF902463B6AD31A33
:108B30003A6B9A420DD83B6BB3F1FF3F09D0FB680B
:108B4000012283F85120FB68002283F85020032380
:108B5000BCE0FB68DB8E9BB2002BA0D1FB68DB8FF7
:108B60009BB2002B9BD182E0FB685B68002B02D09C
:108B7000FB8A012B71D1FB681A6BFB681B680C33F5
:108B800012781A70FB681B6B5A1CFB681A63FB682F
:108B9000DB8E9BB2013B9AB2FB68DA865DE0FB6834
:108BA0001B689B6803F00203022B1CD1FB68DB8E61
:108BB0009BB2002B17D07B6A012B14D1FB681A6B78
:108BC000FB681B680C3312781A70FB681B6B5A1C0D
:108BD000FB681A63FB68DB8E9BB2013B9AB2FB68B1
:108BE000DA8600237B62FB681B689B6803F0010345
:108BF000012B19D1FB68DB8F9BB2002B14D0FB68D3
:108C00001B68DA68FB689B6BD2B21A70FB689B6BBF
:108C10005A1CFB689A63FB68DB8F9BB2013B9AB2DC
:108C2000FB68DA8701237B62FBF76AF902463B6A3D
:108C3000D31A3A6B9A4203D83B6BB3F1FF3F02D190
:108C40003B6B002B09D1FB68012283F85120FB68A4
:108C5000002283F85020032338E0FB68DB8E9BB2B0
:108C6000002B9CD1FB68DB8F9BB2002B97D13A6A1B
:108C7000396BF86800F0D4F90346002B08D0FB6884
:108C800020225A65FB68002283F8502001231DE052
:108C9000FB689B68002B0AD100233B61FB681B68C3
:108CA000DB683B61FB681B689B683B613B69FB6859
:108CB000012283F85120FB68002283F85020FB68D2
:108CC0005B6D002B01D0012300E0002318462837FC
:108CD000BD4680BD80B588B000AF78607B681B68FA
:108CE0005B68FB617B681B689B68BB61BB699B0918
:108CF00003F00103002B0FD1BB6903F00103002B2C
:108D00000AD0FB699B0903F00103002B04D07B68A8
:108D10001B6C78689847D7E0BB695B0803F00103D8
:108D2000002B0AD0FB69DB0903F00103002B04D000
:108D30007B685B6C78689847C6E0BB695B0903F0A9
:108D40000103002B0CD1BB699B0903F00103002B2D
:108D500006D1BB691B0A03F00103002B00F0B480AD
:108D6000FB695B0903F00103002B00F0AD80BB69D8
:108D70009B0903F00103002B23D07B6893F851304B
:108D8000DBB2032B11D07B685B6D43F004027B6880
:108D90005A6500237B617B681B68DB687B617B68AD
:108DA0001B689B687B617B690BE000233B617B68F0
:108DB0001B68DB683B617B681B689B683B613B69A8
:108DC00082E0BB695B0903F00103002B14D07B68D0
:108DD0005B6D43F001027B685A650023FB607B6892
:108DE0001B689B68FB607B681B681A687B681B6854
:108DF00022F040021A60FB68BB691B0A03F0010302
:108E0000002B0CD07B685B6D43F008027B685A65D1
:108E10000023BB607B681B689B68BB60BB687B688A
:108E20005B6D002B4FD07B681B685A687B681B68A2
:108E300022F0E0025A607B68012283F85120FB692E
:108E400003F00203002B04D1FB6903F00103002BA4
:108E500034D07B681B685A687B681B6822F0030269
:108E60005A607B68DB6C002B11D07B68DB6C184A86
:108E70001A657B68DB6C1846FBF765FC0346002B24
:108E800005D07B685B6D43F040027B685A657B6868
:108E90009B6C002B16D07B689B6C0D4A1A657B6817
:108EA0009B6C1846FBF74FFC0346002B0AD07B68EF
:108EB0005B6D43F040027B685A6503E0786800F020
:108EC00009F800E000BF00BF2037BD4680BD00BFED
:108ED000E98E000880B483B000AF786000BF0C3723
:108EE000BD465DF8047B704780B584B000AF786004
:108EF0007B689B6BFB60FB680022DA87FB680022C3
:108F0000DA86F868FFF7E6FF00BF1037BD4680BD80
:108F100080B588B000AFF860B9603B601346FB7164
:108F2000FAF7EEFF0246BB6A9B1A3A681344FB61EC
:108F3000FAF7E6FFB861394B1B685B011B0DFA6954
:108F400002FB03F37B6155E03B68B3F1FF3F51D077
:108F5000FAF7D6FF0246BB69D31AFA699A4202D9D8
:108F6000FB69002B3DD1FB681B685A68FB681B68D6
:108F700022F0E0025A60FB685B68B3F5827F11D192
:108F8000FB689B68B3F5004F04D0FB689B68B3F5A2
:108F9000806F07D1FB681B681A68FB681B6822F0AA
:108FA00040021A60FB689B6AB3F5005F0FD1FB6853
:108FB0001B681A68FB681B6822F400521A60FB6881
:108FC0001B681A68FB681B6842F400521A60FB6851
:108FD000012283F85120FB68002283F850200323EC
:108FE00018E07B69002B02D10023FB6102E07B6962
:108FF000013B7B61FB681B689A68BB681340BA68D9
:109000009A420CBF01230023DBB21A46FB799A4235
:109010009AD1002318462037BD4680BD4400002069
:1090200080B588B002AFF860B9607A607B68009361
:10903000BB6801220221F868FFF76AFF0346002B94
:1090400007D0FB685B6D43F02002FB685A65032381
:1090500032E01B4B1B681B4AA2FB03235B0D4FF442
:109060007A7202FB03F37B61FB685B68B3F5827F76
:1090700012D17B680093BB6800228021F868FFF75B
:1090800047FF0346002B16D0FB685B6D43F02002C0
:10909000FB685A6503230FE07B69002B0AD07B69CC
:1090A000013B7B61FB681B689B6803F08003802B9E
:1090B000F2D000E000BF002318461837BD4680BD3F
:1090C00044000020819F5E1680B582B000AF7860BA
:1090D0007B68002B01D1012341E07B6893F83D3090
:1090E000DBB2002B06D17B68002283F83C20786835
:1090F000FAF7A4FC7B68022283F83D207B681A689B
:109100007B6804331946104600F0C0FA7B680122E0
:1091100083F846207B68012283F83E207B68012289
:1091200083F83F207B68012283F840207B6801227E
:1091300083F841207B68012283F842207B6801226A
:1091400083F843207B68012283F844207B68012256
:1091500083F845207B68012283F83D2000231846D0
:109160000837BD4680BD80B582B000AF78607B68AF
:10917000002B01D1012341E07B6893F83D30DBB245
:10918000002B06D17B68002283F83C20786800F031
:1091900039F87B68022283F83D207B681A687B6877
:1091A00004331946104600F071FA7B68012283F8F7
:1091B00046207B68012283F83E207B68012283F8E9
:1091C0003F207B68012283F840207B68012283F8DE
:1091D00041207B68012283F842207B68012283F8CA
:1091E00043207B68012283F844207B68012283F8B6
:1091F00045207B68012283F83D200023184608376C
:10920000BD4680BD80B483B000AF786000BF0C372E
:10921000BD465DF8047B704780B584B000AF7860D0
:1092200039603B68002B09D17B6893F83E30DBB294
:10923000012B14BF01230023DBB222E03B68042B87
:1092400009D17B6893F83F30DBB2012B14BF0123B7
:109250000023DBB215E03B68082B09D17B6893F84B
:109260004030DBB2012B14BF01230023DBB208E046
:109270007B6893F84130DBB2012B14BF012300233C
:10928000DBB2002B01D0012368E03B68002B04D146
:109290007B68022283F83E2013E03B68042B04D154
:1092A0007B68022283F83F200BE03B68082B04D147
:1092B0007B68022283F8402003E07B68022283F867
:1092C00041207B681B6801223968184600F08AFC3F
:1092D0007B681B68234A934207D17B681B685A6CE2
:1092E0007B681B6842F400425A647B681B681D4A15
:1092F000934218D07B681B68B3F1804F13D07B6812
:109300001B68194A93420ED07B681B68174A934228
:1093100009D07B681B68164A934204D07B681B689F
:10932000144A934211D17B681B689B6803F00703C2
:10933000FB60FB68062B10D07B681B681A687B6893
:109340001B6842F001021A6007E07B681B681A681C
:109350007B681B6842F001021A6000231846103730
:10936000BD4680BD000001400004004000080040F0
:10937000000C00400040014080B586B000AFF860AE
:10938000B9607A600023FB75FB6893F83C30012BD1
:1093900001D10223AEE0FB68012283F83C207B6808
:1093A0000C2B00F29F8001A252F823F0E1930008F9
:1093B000E5940008E5940008E5940008219400086D
:1093C000E5940008E5940008E5940008639400081B
:1093D000E5940008E5940008E5940008A3940008CB
:1093E000FB681B68B968184600F0D6F9FB681B6873
:1093F0009A69FB681B6842F008029A61FB681B6867
:109400009A69FB681B6822F004029A61FB681B687A
:109410009969BB681A69FB681B680A439A6164E032
:10942000FB681B68B968184600F01CFAFB681B68EB
:109430009A69FB681B6842F400629A61FB681B68CA
:109440009A69FB681B6822F480629A61FB681B685A
:109450009969BB681B691A02FB681B680A439A6119
:1094600043E0FB681B68B968184600F067FAFB68C0
:109470001B68DA69FB681B6842F00802DA61FB6866
:109480001B68DA69FB681B6822F00402DA61FB687A
:109490001B68D969BB681A69FB681B680A43DA61F3
:1094A00023E0FB681B68B968184600F0B1FAFB6856
:1094B0001B68DA69FB681B6842F40062DA61FB68CA
:1094C0001B68DA69FB681B6822F48062DA61FB685A
:1094D0001B68D969BB681B691A02FB681B680A43D1
:1094E000DA6102E00123FB7500BFFB68002283F80C
:1094F0003C20FB7D18461837BD4680BD80B584B042
:1095000000AF786039600023FB737B6893F83C30D0
:10951000012B01D10223B4E07B68012283F83C20B7
:109520007B68022283F83D207B681B689B68BB60D8
:10953000BB6823F07703BB60BB6823F47F43BB6049
:109540007B681B68BA689A603B681B68B3F5005F6C
:109550003ED0B3F5005F00F28780B3F5805F00F086
:109560008680B3F5805F7FD8702B1AD0702B7BD8A4
:10957000602B50D0602B77D8502B3CD0502B73D819
:10958000402B58D0402B6FD8302B64D0302B6BD869
:10959000202B60D0202B67D8002B5CD0102B5AD00A
:1095A00062E07B6818683B6899683B685A683B686A
:1095B000DB6800F0F7FA7B681B689B68BB60BB68E0
:1095C00043F07703BB607B681B68BA689A604FE022
:1095D0007B6818683B6899683B685A683B68DB6839
:1095E00000F0E0FA7B681B689A687B681B6842F4AD
:1095F00080429A603CE07B6818683B6859683B6829
:10960000DB681A4600F054FA7B681B685021184644
:1096100000F0ADFA2CE07B6818683B6859683B683D
:10962000DB681A4600F073FA7B681B6860211846F5
:1096300000F09DFA1CE07B6818683B6859683B683D
:10964000DB681A4600F034FA7B681B684021184634
:1096500000F08DFA0CE07B681A683B681B681946BD
:10966000104600F084FA03E00123FB7300E000BF22
:109670007B68012283F83D207B68002283F83C2030
:10968000FB7B18461037BD4680BD000080B485B016
:1096900000AF786039607B681B68FB607B68374A85
:1096A00093420FD07B68B3F1804F0BD07B68344A74
:1096B000934207D07B68334A934203D07B68324A97
:1096C000934208D1FB6823F07003FB603B685B6842
:1096D000FA681343FB607B68284A93421BD07B687F
:1096E000B3F1804F17D07B68254A934213D07B6833
:1096F000244A93420FD07B68234A93420BD07B6865
:10970000224A934207D07B68214A934203D07B6868
:10971000204A934208D1FB6823F44073FB603B6806
:10972000DB68FA681343FB60FB6823F080023B6848
:109730005B691343FB603B689A687B68DA623B684D
:109740001A687B689A627B680C4A934203D13B6833
:109750001A697B681A637B681B6843F004027B68A4
:109760001A607B6801225A617B68FA681A6000BF40
:109770001437BD465DF8047B704700BF0000014010
:109780000004004000080040000C00400040014080
:10979000004401400048014080B487B000AF7860C9
:1097A00039607B681B6A7B617B681B6A23F001025E
:1097B0007B681A627B685B683B617B689B69FB60C6
:1097C000FB6823F07003FB60FB6823F00303FB607E
:1097D0003B681B68FA681343FB607B6923F0020354
:1097E0007B613B689B687A6913437B617B681C4A99
:1097F00093420CD17B6923F008037B613B68DB68F3
:109800007A6913437B617B6923F004037B617B6886
:10981000134A934211D13B6923F480733B613B6946
:1098200023F400733B613B685B693A6913433B6116
:109830003B689B693A6913433B617B683A695A60AC
:109840007B68FA689A613B685A687B685A637B68F0
:109850007A691A6200BF1C37BD465DF8047B704709
:109860000000014080B487B000AF786039607B6849
:109870001B6A7B617B681B6A23F010027B681A629B
:109880007B685B683B617B689B69FB60FB6823F4DA
:10989000E043FB60FB6823F44073FB603B681B689C
:1098A0001B02FA681343FB607B6923F020037B6192
:1098B0003B689B681B017A6913437B617B681E4A86
:1098C00093420DD17B6923F080037B613B68DB68A9
:1098D0001B017A6913437B617B6923F040037B6141
:1098E0007B68154A934213D13B6923F480633B6143
:1098F0003B6923F400633B613B685B699B003A6909
:1099000013433B613B689B699B003A6913433B618E
:109910007B683A695A607B68FA689A613B685A6862
:109920007B689A637B687A691A6200BF1C37BD4600
:109930005DF8047B704700BF0000014080B487B031
:1099400000AF786039607B681B6A7B617B681B6A4B
:1099500023F480727B681A627B685B683B617B687A
:10996000DB69FB60FB6823F07003FB60FB6823F09E
:109970000303FB603B681B68FA681343FB607B6969
:1099800023F400737B613B689B681B027A69134375
:109990007B617B681D4A93420DD17B6923F4006390
:1099A0007B613B68DB681B027A6913437B617B69DF
:1099B00023F480637B617B68144A934213D13B6933
:1099C00023F480533B613B6923F400533B613B68C4
:1099D0005B691B013A6913433B613B689B691B014F
:1099E0003A6913433B617B683A695A607B68FA685D
:1099F000DA613B685A687B68DA637B687A691A6265
:109A000000BF1C37BD465DF8047B70470000014075
:109A100080B487B000AF786039607B681B6A3B61B7
:109A20007B681B6A23F480527B681A627B685B68E0
:109A30007B617B68DB69FB60FB6823F4E043FB60D0
:109A4000FB6823F44073FB603B681B681B02FA68E9
:109A50001343FB603B6923F400533B613B689B6805
:109A60001B033A6913433B617B68104A934209D157
:109A70007B6923F480437B613B685B699B017A6966
:109A800013437B617B687A695A607B68FA68DA61A4
:109A90003B685A687B681A647B683A691A6200BF3F
:109AA0001C37BD465DF8047B704700BF00000140D5
:109AB00080B487B000AFF860B9607A60FB681B6A59
:109AC0007B61FB681B6A23F00102FB681A62FB687A
:109AD0009B693B613B6923F0F0033B617B681B01A1
:109AE0003A6913433B617B6923F00A037B617A691E
:109AF000BB6813437B61FB683A699A61FB687A69CA
:109B00001A6200BF1C37BD465DF8047B704780B405
:109B100087B000AFF860B9607A60FB681B6A7B6150
:109B2000FB681B6A23F01002FB681A62FB689B69E2
:109B30003B613B6923F470433B617B681B033A69DB
:109B400013433B617B6923F0A0037B61BB681B016E
:109B50007A6913437B61FB683A699A61FB687A69A9
:109B60001A6200BF1C37BD465DF8047B704780B4A5
:109B700085B000AF786039607B689B68FB60FB68EC
:109B800023F07003FB603A68FB68134343F007035C
:109B9000FB607B68FA689A6000BF1437BD465DF8C9
:109BA000047B704780B487B000AFF860B9607A601A
:109BB0003B60FB689B687B617B6923F47F437B612F
:109BC0003B681A027B681A43BB6813437A691343E4
:109BD0007B61FB687A699A6000BF1C37BD465DF8FF
:109BE000047B704780B487B000AFF860B9607A60DA
:109BF000BB6803F01F03012202FA03F37B61FB68D9
:109C00001A6A7B69DB431A40FB681A62FB681A6AAE
:109C1000BB6803F01F03796801FA03F31A43FB687A
:109C20001A6200BF1C37BD465DF8047B7047000018
:109C300080B485B000AF786039607B6893F83C30C1
:109C4000012B01D1022350E07B68012283F83C20E4
:109C50007B68022283F83D207B681B685B68FB60A1
:109C60007B681B689B68BB60FB6823F07003FB602C
:109C70003B681B68FA681343FB607B681B68FA68E3
:109C80005A607B681B681C4A934218D07B681B682B
:109C9000B3F1804F13D07B681B68184A93420ED0F3
:109CA0007B681B68164A934209D07B681B68154A7B
:109CB000934204D07B681B68134A93420CD1BB6863
:109CC00023F08003BB603B685B68BA681343BB60EA
:109CD0007B681B68BA689A607B68012283F83D2024
:109CE0007B68002283F83C20002318461437BD46C9
:109CF0005DF8047B704700BF000001400004004095
:109D000000080040000C00400040014080B485B0D5
:109D100000AF786039600023FB607B6893F83C30CB
:109D2000012B01D102233DE07B68012283F83C2016
:109D3000FB6823F0FF023B68DB681343FB60FB68B2
:109D400023F440723B689B681343FB60FB6823F479
:109D500080623B685B681343FB60FB6823F400622E
:109D60003B681B681343FB60FB6823F480523B682D
:109D70001B691343FB60FB6823F400523B685B697B
:109D80001343FB60FB6823F480423B68DB691343A9
:109D9000FB607B681B68FA685A647B68002283F862
:109DA0003C20002318461437BD465DF8047B7047FD
:109DB00080B582B000AF78607B68002B01D10123B1
:109DC00042E07B6893F84130DBB2002B06D17B6820
:109DD000002283F840207868F9F78CFE7B68242203
:109DE00083F841207B681B68DA687B681B6822F473
:109DF0000052DA60786800F0EFFC7B681B681A6933
:109E00007B681B6822F490421A617B681B685A6960
:109E10007B681B6822F02A025A617B681B68DA683B
:109E20007B681B6842F40052DA607B6800225A6447
:109E30007B68202283F841207B68202283F842201F
:109E40007B6800225A63002318460837BD4680BD50
:109E500080B584B000AFF860B9601346FB80FB6842
:109E600093F84230DBB2202B12D1BB68002B02D01A
:109E7000FB88002B01D101230BE0FB6800221A6351
:109E8000FB881A46B968F86800F0D2FA034600E089
:109E9000022318461037BD4680BD000080B5BAB019
:109EA00000AF78607B681B681B68C7F8E4307B688C
:109EB0001B68DB68C7F8E0307B681B685B69C7F824
:109EC000DC300023C7F8D8300023C7F8D430D7F8E7
:109ED000E43003F00F03C7F8D830D7F8D830002BA0
:109EE0000FD1D7F8E43003F02003002B09D0D7F8C6
:109EF000E03003F02003002B03D0786800F0AEFBC5
:109F000073E2D7F8D830002B00F0DE80D7F8DC30D1
:109F100003F00103002B06D1D7F8E03003F490736F
:109F2000002B00F0D180D7F8E43003F00103002BC0
:109F30000BD0D7F8E03003F48073002B05D07B689A
:109F40005B6C43F001027B685A64D7F8E43003F09D
:109F50000403002B0BD0D7F8DC3003F00103002BF7
:109F600005D07B685B6C43F002027B685A64D7F8CB
:109F7000E43003F00203002B0BD0D7F8DC3003F001
:109F80000103002B05D07B685B6C43F004027B6807
:109F90005A64D7F8E43003F00803002B11D0D7F847
:109FA000E03003F02003002B05D1D7F8DC3003F0BC
:109FB0000103002B05D07B685B6C43F008027B68D3
:109FC0005A647B685B6C002B00F00A82D7F8E4309F
:109FD00003F02003002B08D0D7F8E03003F0200373
:109FE000002B02D0786800F039FB7B681B685B6946
:109FF00003F04003402B0CBF01230023DBB2C7F862
:10A00000D4307B685B6C03F00803002B03D1D7F8D6
:10A01000D430002B4FD0786800F044FA7B681B687E
:10A020005B6903F04003402B41D17B681B6814330C
:10A03000C7F89C30D7F89C3053E8003FC7F89830F9
:10A04000D7F8983023F04003C7F8D0307B681B68FE
:10A050001433D7F8D020C7F8A820C7F8A430D7F811
:10A06000A410D7F8A82041E80023C7F8A030D7F8FB
:10A07000A030002BD9D17B68DB6B002B13D07B6821
:10A08000DB6B8A4A1A657B68DB6B1846FAF75BFB69
:10A090000346002B16D07B68DB6B1B6D7A68D26B96
:10A0A000104698470EE0786800F0ACF90AE078684E
:10A0B00000F0A8F906E0786800F0A4F97B680022B7
:10A0C0005A648DE100BF8BE17B681B6B012B40F074
:10A0D0006781D7F8E43003F01003002B00F06081B3
:10A0E000D7F8E03003F01003002B00F05981002373
:10A0F000BB607B681B681B68BB607B681B685B6818
:10A10000BB60BB687B681B685B6903F04003402B46
:10A1100040F0CE807B68DB6B1B685B68A7F8BE30C5
:10A12000B7F8BE30002B00F0A9807B689B8DB7F894
:10A13000BE209A4280F0A2807B68B7F8BE20DA8504
:10A140007B68DB6BDB69B3F5807F00F088807B6820
:10A150001B680C33C7F88830D7F8883053E8003FC5
:10A16000C7F88430D7F8843023F48073C7F8B83048
:10A170007B681B680C33D7F8B820C7F89420C7F861
:10A180009030D7F89010D7F8942041E80023C7F812
:10A190008C30D7F88C30002BD9D17B681B681433F6
:10A1A0007B677B6F53E8003F3B673B6F23F0010306
:10A1B000C7F8B4307B681B681433D7F8B420C7F8ED
:10A1C0008020FB67F96FD7F8802041E80023BB6748
:10A1D000BB6F002BE1D17B681B6814333B663B6E81
:10A1E00053E8003FFB65FB6D23F04003C7F8B03038
:10A1F0007B681B681433D7F8B020FA66BB66B96E6B
:10A20000FA6E41E800237B667B6E002BE3D17B680E
:10A21000202283F842207B6800221A637B681B6837
:10A220000C33FB64FB6C53E8003FBB64BB6C23F056
:10A230001003C7F8AC307B681B680C33D7F8AC2030
:10A24000BA657B65796DBA6D41E800233B653B6D6E
:10A25000002BE3D17B68DB6B1846FAF704FA7B68C6
:10A2600002225A637B689A8D7B68DB8D9BB2D31A7E
:10A270009BB21946786800F0CFF8B3E07B689B8DFD
:10A28000B7F8BE209A4240F0AD807B68DB6BDB699B
:10A29000B3F5807F40F0A6807B6802225A637B681A
:10A2A0009B8D1946786800F0B7F89BE06BA5000815
:10A2B0007B689A8D7B68DB8D9BB2D31AA7F8CE3072
:10A2C0007B68DB8D9BB2002B00F08E80B7F8CE3020
:10A2D000002B00F089807B681B680C33BB63BB6B71
:10A2E00053E8003F7B637B6B23F49073C7F8C8305F
:10A2F0007B681B680C33D7F8C8207A643B64396CE0
:10A300007A6C41E80023FB63FB6B002BE3D17B6895
:10A310001B6814337B627B6A53E8003F3B623B6AF5
:10A3200023F00103C7F8C4307B681B681433D7F8E7
:10A33000C4203A63FB62F96A3A6B41E80023BB62CE
:10A34000BB6A002BE3D17B68202283F842207B6824
:10A3500000221A637B681B680C333B613B6953E83E
:10A36000003FFB60FB6823F01003C7F8C0307B6838
:10A370001B680C33D7F8C020FA61BB61B969FA6970
:10A3800041E800237B617B69002BE3D17B680222DB
:10A390005A63B7F8CE301946786800F03DF823E0EC
:10A3A000D7F8E43003F08003002B09D0D7F8E03071
:10A3B00003F08003002B03D0786800F0E7F814E086
:10A3C000D7F8E43003F04003002B0ED0D7F8E0308C
:10A3D00003F04003002B08D0786800F027F904E070
:10A3E00000BF02E000BF00E000BFE837BD4680BD0F
:10A3F00080B483B000AF786000BF0C37BD465DF815
:10A40000047B704780B483B000AF786000BF0C3726
:10A41000BD465DF8047B704780B483B000AF7860C0
:10A420000B467B8000BF0C37BD465DF8047B704750
:10A4300080B485B000AFF860B9601346FB80FB685C
:10A44000BA689A62FB68FA889A85FB68FA88DA85A6
:10A45000FB6800225A64FB68222283F84220FB68D2
:10A460001B69002B07D0FB681B68DA68FB681B6858
:10A4700042F48072DA60FB681B685A69FB681B68EB
:10A4800042F001025A61FB681B68DA68FB681B68CE
:10A4900042F02002DA60002318461437BD465DF80A
:10A4A000047B704780B495B000AF78607B681B6810
:10A4B0000C337B637B6B53E8003F3B633B6B23F4C4
:10A4C0009073FB647B681B680C33FA6C3A64FB6323
:10A4D000F96B3A6C41E80023BB63BB6B002BE5D101
:10A4E0007B681B6814333B623B6A53E8003FFB61A7
:10A4F000FB6923F00103BB647B681B681433BA6CEF
:10A50000FA62BB62B96AFA6A41E800237B627B6A3D
:10A51000002BE5D17B681B6B012B19D17B681B6875
:10A520000C33FB60FB6853E8003FBB60BB6823F063
:10A5300010037B647B681B680C337A6CBA617B61A7
:10A540007969BA6941E800233B613B69002BE5D199
:10A550007B68202283F842207B6800221A6300BFB8
:10A560005437BD465DF8047B704780B584B000AFBA
:10A5700078607B689B6BFB60FB680022DA85F8687B
:10A58000FFF740FF00BF1037BD4680BD80B485B0E7
:10A5900000AF78607B6893F84130DBB2212B3ED16D
:10A5A0007B689B68B3F5805F14D17B681B69002BC7
:10A5B00010D17B681B6AFB60FB681B881A467B68AE
:10A5C0001B68C2F308025A607B681B6A9A1C7B688E
:10A5D0001A6208E07B681B6A591C7A6811621A7853
:10A5E0007B681B685A607B68DB8C9BB2013B9BB22B
:10A5F0007A681946D184002B0FD17B681B68DA6812
:10A600007B681B6822F08002DA607B681B68DA686E
:10A610007B681B6842F04002DA60002300E00223FE
:10A6200018461437BD465DF8047B704780B582B08C
:10A6300000AF78607B681B68DA687B681B6822F073
:10A640004002DA607B68202283F841207868FFF7B7
:10A65000CFFE002318460837BD4680BD80B58CB0BC
:10A6600000AF78600023FB620023BB627B6893F835
:10A670004230DBB2222B40F0AA807B689B68B3F5A6
:10A68000805F15D17B681B69002B11D17B689B6AA9
:10A69000BB627B681B685B689BB2C3F308039AB21A
:10A6A000BB6A1A807B689B6A9A1C7B689A6224E06A
:10A6B0007B689B6AFB627B689B68B3F5805F07D011
:10A6C0007B689B68002B0AD17B681B69002B06D135
:10A6D0007B681B685B68DAB2FB6A1A7008E07B680B
:10A6E0001B685B68DBB203F07F03DAB2FB6A1A70A7
:10A6F0007B689B6A5A1C7B689A627B68DB8D9BB285
:10A70000013B9BB27A681946D185002B5DD17B68ED
:10A710001B68DA687B681B6822F02002DA607B68BD
:10A720001B68DA687B681B6822F48072DA607B68D9
:10A730001B685A697B681B6822F001025A617B68BA
:10A74000202283F842207B6800225A637B681B6BBF
:10A75000012B35D17B6800221A637B681B680C33A0
:10A760007B617B6953E8003F3B613B6923F0100349
:10A770007B627B681B680C337A6A3A62FB61F96919
:10A780003A6A41E80023BB61BB69002BE5D17B68D5
:10A790001B681B6803F01003102B0AD10023FB6019
:10A7A0007B681B681B68FB607B681B685B68FB60E1
:10A7B000FB687B689B8D19467868FFF72DFE02E0E9
:10A7C0007868F8F7D5FF002302E0002300E00223B9
:10A7D00018463037BD4680BD2DE9B04FC0B000AF40
:10A7E000C7F8F400D7F8F4301B681B6923F4405015
:10A7F000D7F8F430D968D7F8F4301A6840EA010382
:10A800001361D7F8F4309A68D7F8F4301B691A430B
:10A81000D7F8F4305B691A43D7F8F430DB69134397
:10A82000C7F8F830D7F8F4301B68DB6823F416411A
:10A8300021F00C01D7F8F4301A68D7F8F8300B4340
:10A84000D360D7F8F4301B685B6923F44070D7F805
:10A85000F4309969D7F8F4301A6840EA010353617B
:10A86000D7F8F4301A688F4B9A4205D0D7F8F430F5
:10A870001A688D4B9A4204D1FDF7A2FEC7F8FC007E
:10A8800003E0FDF789FEC7F8FC00D7F8F430DB6978
:10A89000B3F5004F40F00C81D7F8FC300022C7F828
:10A8A000E830C7F8EC20D7E93A4522462B46911804
:10A8B000B9655B41FB65D7E91623214612EB010818
:10A8C000294643EB01094FF000024FF000034FEA25
:10A8D000C90343EA58734FEAC80290469946234693
:10A8E00018EB0303C7F8E0302B4649EB0303C7F826
:10A8F000E430D7F8F4305B680022C7F8D830C7F8E6
:10A90000DC20D7E936120B46DB183B65134642EBD9
:10A9100003037B65D7E91423D7E93801F6F7CAFAB0
:10A9200002460B46614BA3FB02235B091C01D7F8CF
:10A93000FC300022C7F8D030C7F8D420D7E93489DA
:10A9400042464B469118B9645B41FB64D7E9122338
:10A95000414612EB010A494643EB010B4FF000025E
:10A960004FF000034FEACB0343EA5A734FEACA029F
:10A9700092469B4643461AEB0303C7F8C8304B4642
:10A980004BEB0303C7F8CC30D7F8F4305B680022F8
:10A99000C7F8C030C7F8C420D7E930120B46DB181F
:10A9A0003B64134642EB03037B64D7E91023D7E9EA
:10A9B0003201F6F77FFA02460B4611463B4BA3FBEA
:10A9C00001235B09642202FB03F3CB1ADB0003F1D2
:10A9D0003202364BA3FB02235B095B0003F4F873DE
:10A9E0001C44D7F8FC300022C7F8B830C7F8BC20A8
:10A9F000D7E92E8942464B469118B9635B41FB6308
:10AA0000D7E90E2341465118396349464B417B63D0
:10AA10004FF000024FF00003D7E90CAB5946CB00D2
:10AA2000514643EA51735146CA001046194603463F
:10AA300042469B18C7F8B0304B460A4642EB030328
:10AA4000C7F8B430D7F8F4305B680022C7F8A830F4
:10AA5000C7F8AC20D7E92A120B46DB18BB621346B5
:10AA600042EB0303FB62D7E90A23D7E92C01F6F78F
:10AA700021FA02460B460D4BA3FB02135B0964212E
:10AA800001FB03F3D31ADB003233084AA2FB032392
:10AA90005B0903F00702D7F8F4301B6822449A6080
:10AAA00006E100BF00100140001401401F85EB517A
:10AAB000D7F8FC300022C7F8A030C7F8A420D7E9A7
:10AAC000288942464B46911839625B417B62D7E93F
:10AAD000082341465418494643EB01054FF0000254
:10AAE0004FF00003EB0043EA5473E20014461D46A6
:10AAF0004346E318C7F898304B4645EB0303C7F8C5
:10AB00009C30D7F8F4305B680022C7F89030C7F863
:10AB100094204FF000024FF00003D7E92445294666
:10AB20008B00214643EA917321468A00D7E926012A
:10AB3000F6F7C0F902460B46604BA3FB02235B0904
:10AB40001C01D7F8FC300022C7F88830C7F88C20E9
:10AB5000D7E9228942464B469118B9615B41FB61B6
:10AB6000D7E9062341465118396149464B417B617B
:10AB70004FF000024FF00003D7E904AB5946CB0079
:10AB8000514643EA51735146CA00104619460346DE
:10AB900042469B18C7F880304B460A4642EB0303F7
:10ABA000C7F88430D7F8F4305B680022BB67FA67D7
:10ABB0004FF000024FF00003D7E91E8949468B0091
:10ABC000414643EA917341468A00D7E92001F6F7EE
:10ABD00071F902460B461146384BA3FB01235B0972
:10ABE000642202FB03F3CB1A1B013233334AA2FB6C
:10ABF00003235B0903F0F0031C44D7F8FC30002268
:10AC00003B677A67D7E91C8942464B469118B96081
:10AC10005B41FB60D7E90223414651183960494640
:10AC20004B417B604FF000024FF00003D7E900ABCF
:10AC30005946CB00514643EA51735146CA0010466B
:10AC40001946034642469B18BB664B460A4642EBF2
:10AC50000303FB66D7F8F4305B6800223B667A6634
:10AC60004FF000024FF00003D7E9188949468B00E6
:10AC7000414643EA917341468A00D7E91A01F6F743
:10AC800019F902460B460D4BA3FB02135B09642125
:10AC900001FB03F3D31A1B013233084AA2FB03233F
:10ACA0005B0903F00F02D7F8F4301B6822449A6066
:10ACB00000BF07F58077BD46BDE8B08F1F85EB511B
:10ACC00084B080B584B000AF786007F11C0080E8E4
:10ACD0000E0097F82130012B23D17B689B6B23F466
:10ACE00080327B689A637B68DB6823F4840323F0FB
:10ACF00040037A68D3607B68DB6823F440127B688A
:10AD0000DA6097F82830012B05D17B68DB6843F4C3
:10AD100080127B68DA60786801F0E8FA0346FB731A
:10AD20001BE07B68DB6843F040027B68DA60786890
:10AD300001F0DCFA0346FB7397F82530002B06D1AF
:10AD40007B689B6B43F480327B689A6305E07B6889
:10AD50009B6B23F480327B689A63BB7F012B0BD102
:10AD60007B689B6843F006027B689A607B689B68FF
:10AD700043F020027B689A60FB7B18461037BD4683
:10AD8000BDE8804004B0704780B487B000AFF86081
:10AD9000B9601346FB71FB79022B65D1BB68414A50
:10ADA000934206D9BB68404A934202D20F237B618B
:10ADB00062E0BB683C4A934206D3BB683B4A93427D
:10ADC00002D20E237B6157E0BB68384A934206D318
:10ADD000BB68374A934202D20D237B614CE0BB68CB
:10ADE000334A934206D3BB68324A934202D80C23BB
:10ADF0007B6141E0BB682F4A934206D9BB682E4A6B
:10AE0000934202D80B237B6136E0BB682A4A934207
:10AE100006D9BB68294A934202D80A237B612BE0FA
:10AE2000BB68264A934206D9BB68254A934202D2A0
:10AE300009237B6120E0BB68214A934206D3BB68AB
:10AE4000204A934202D808237B6115E0BB681D4A63
:10AE5000934206D9BB681C4A934202D207237B6106
:10AE60000AE006237B6107E0FB79002B02D109236E
:10AE70007B6101E009237B61FB68DB6823F470528E
:10AE8000FB68DA60FB68DA687B699B0203F4705345
:10AE90001A43FB68DA60002318461C37BD465DF88C
:10AEA000047B7047BFACD800C0E1E4000024F4008C
:10AEB000807306019F491A01FF2C31013FA44C0108
:10AEC00000366E011FABA6010048E80180B483B0D4
:10AED00000AF78607B689B6843F001027B689A60F2
:10AEE000002318460C37BD465DF8047B704780B4DC
:10AEF00083B000AF78607B689B6823F001027B68B9
:10AF00009A60002318460C37BD465DF8047B7047F5
:10AF100080B584B000AF78600B46FB700023FB6007
:10AF20007B68DB6823F0C0427B68DA60FB78012B2A
:10AF300015D17B68DB6843F000527B68DA600A2039
:10AF4000F8F7EAFFFB680A33FB60786801F03FF925
:10AF50000346012B1ED0FB68C72BF0D91AE0FB7803
:10AF6000002B15D17B68DB6843F080427B68DA6098
:10AF70000A20F8F7D1FFFB680A33FB60786801F01C
:10AF800026F90346002B05D0FB68C72BF0D901E05A
:10AF9000012305E0FB68C82B01D1012300E0002359
:10AFA00018461037BD4680BD84B080B586B000AF6E
:10AFB000786007F1240080E80E000023FB757B68B1
:10AFC000FB6000233B6109E07A683B6940339B00EA
:10AFD000134400225A603B6901333B613B690E2BED
:10AFE000F2D997F82E30002B1CD1FB6803F50063D3
:10AFF0005B68FA6802F5006243F0020353607B6805
:10B000009B6B43F400127B689A637B689B6B23F411
:10B0100000227B689A637B689B6B23F480227B68A9
:10B020009A630BE07B689B6B23F400127B689A6346
:10B030007B689B6B43F400227B689A63FB6803F593
:10B0400060631A460023136097F82930012B0DD155
:10B0500097F82730002B04D10021786800F068F9B8
:10B0600008E00121786800F063F903E003217868C3
:10B0700000F05EF91021786800F0FAF80346002B22
:10B0800001D00123FB75786800F024F90346002BFA
:10B0900001D00123FB75FB6803F500631A4600230A
:10B0A0001361FB6803F500631A4600235361FB68D4
:10B0B00003F500631A460023D36100233B6143E09C
:10B0C0003B695A01FB68134403F510631B6803F0E6
:10B0D0000043B3F1004F18D13B69002B0AD13B6903
:10B0E0005A01FB68134403F510631A464FF00063DE
:10B0F000136013E03B695A01FB68134403F51063C6
:10B100001A464FF09043136008E03B695A01FB6810
:10B11000134403F510631A46002313603B695A0178
:10B12000FB68134403F510631A46002313613B695F
:10B130005A01FB68134403F510631A464FF67F3338
:10B1400093603B6901333B6197F824301A463B69B1
:10B150009342B5D300233B6143E03B695A01FB684E
:10B16000134403F530631B6803F00043B3F1004F51
:10B1700018D13B69002B0AD13B695A01FB68134483
:10B1800003F530631A464FF00063136013E03B6928
:10B190005A01FB68134403F530631A464FF090439D
:10B1A000136008E03B695A01FB68134403F5306300
:10B1B0001A46002313603B695A01FB68134403F5E8
:10B1C00030631A46002313613B695A01FB6813443C
:10B1D00003F530631A464FF67F3393603B690133C2
:10B1E0003B6197F824301A463B699342B5D3FB681C
:10B1F00003F500631B69FA6802F5006223F48073AB
:10B2000013617B6800229A617B686FF080425A610B
:10B2100097F82630002B05D17B689B6943F010021C
:10B220007B689A617B689A69104B13437A689361D3
:10B2300097F82A30002B05D07B689B6943F0080201
:10B240007B689A6197F82E30012B07D17B689B6948
:10B2500043F0804343F004037A689361FB7D184612
:10B260001837BD46BDE8804004B0704700383C80C8
:10B2700080B485B000AF786039600023FB60FB6864
:10B280000133FB60FB68B3F1706F01D903231BE04E
:10B290007B681B69002BF2DA0023FB603B689B0193
:10B2A00043F020027B681A61FB680133FB60FB6896
:10B2B000B3F1706F01D9032306E07B681B6903F0CB
:10B2C0002003202BF0D0002318461437BD465DF82C
:10B2D000047B704780B485B000AF78600023FB60CA
:10B2E000FB680133FB60FB68B3F1706F01D9032386
:10B2F00018E07B681B69002BF2DA0023FB607B6897
:10B3000010221A61FB680133FB60FB68B3F1706FB8
:10B3100001D9032306E07B681B6903F01003102B9F
:10B32000F0D0002318461437BD465DF8047B704703
:10B3300080B485B000AF78600B46FB707B68FB6023
:10B34000FB6803F500631A68FB78F96801F5006192
:10B3500013430B60002318461437BD465DF8047B89
:10B36000704780B487B000AF78607B683B613B6911
:10B3700003F500639B6803F00603FB60FB68002B8A
:10B3800002D10023FB750AE0FB68022B02D0FB68A8
:10B39000062B02D10223FB7501E00F23FB75FB7D19
:10B3A00018461C37BD465DF8047B704780B485B0F5
:10B3B00000AF786039607B68FB603B681B78BB60DE
:10B3C0003B685B78012B3AD1FB6803F50063DA69CF
:10B3D0003B681B7803F00F03012101FA03F39BB2D2
:10B3E000F96801F500611343CB61BB685A01FB6842
:10B3F000134403F510631B6803F40043002B55D17D
:10B40000BB685A01FB68134403F510631A683B6874
:10B410009B68C3F30A013B681B799B041943BB6813
:10B420009B050B431343BA685101FA680A4402F5BD
:10B43000106243F0805343F40043136036E0FB682E
:10B4400003F50063DA693B681B7803F00F03012101
:10B4500001FA03F31B04F96801F500611343CB61A2
:10B46000BB685A01FB68134403F530631B6803F49F
:10B470000043002B1AD1BB685A01FB68134403F543
:10B4800030631A683B689B68C3F30A013B681B7909
:10B490009B040B431343BA685101FA680A4402F54E
:10B4A000306243F0805343F4004313600023184696
:10B4B0001437BD465DF8047B7047000080B485B04A
:10B4C00000AF786039607B68FB603B681B78BB60CD
:10B4D0003B685B78012B61D1BB685A01FB68134460
:10B4E00003F510631B6803F00043B3F1004F1FD155
:10B4F000BB685A01FB68134403F510631B68BA6804
:10B500005101FA680A4402F5106243F000631360C7
:10B51000BB685A01FB68134403F510631B68BA68E3
:10B520005101FA680A4402F5106243F08043136047
:10B53000FB6803F50063DA6B3B681B7803F00F03CD
:10B54000012101FA03F39BB2DB43F96801F50061C5
:10B550001340CB63FB6803F50063DA693B681B7833
:10B5600003F00F03012101FA03F39BB2DB43F968F7
:10B5700001F500611340CB61BB685A01FB681344BD
:10B5800003F510631A68BB685901FB680B4403F5A7
:10B5900010631946354B13400B6060E0BB685A01DD
:10B5A000FB68134403F530631B6803F00043B3F1F9
:10B5B000004F1FD1BB685A01FB68134403F5306389
:10B5C0001B68BA685101FA680A4402F5306243F018
:10B5D00000631360BB685A01FB68134403F53063D2
:10B5E0001B68BA685101FA680A4402F5306243F0F8
:10B5F00080431360FB6803F50063DA6B3B681B78DC
:10B6000003F00F03012101FA03F31B04DB43F96884
:10B6100001F500611340CB63FB6803F50063DA6951
:10B620003B681B7803F00F03012101FA03F31B04AD
:10B63000DB43F96801F500611340CB61BB685A0137
:10B64000FB68134403F530631A68BB685901FB6853
:10B650000B4403F530631946054B13400B60002380
:10B6600018461437BD465DF8047B7047007833EC0C
:10B670000078F3EF80B58AB002AFF860B960134686
:10B68000FB71FB68FB61BB681B78BB61BB685B78C7
:10B69000012B40F07F81BB681B69002B32D1BB6955
:10B6A0005A01FB69134403F510631B69BA69510120
:10B6B000FA690A4402F5106223F0FF5323F4C01321
:10B6C0001361BB695A01FB69134403F510631B69DD
:10B6D000BA695101FA690A4402F5106243F4002381
:10B6E0001361BB695A01FB69134403F510631B69BD
:10B6F000BA695101FA690A4402F51062DB0CDB04F5
:10B70000136197E0BB695A01FB69134403F51063A9
:10B710001B69BA695101FA690A4402F51062DB0C2F
:10B72000DB041361BB695A01FB69134403F5106321
:10B730001B69BA695101FA690A4402F5106223F0E3
:10B74000FF5323F4C0131361BB69002B1AD1BB68EC
:10B750001A69BB689B689A4203D9BB689A68BB6840
:10B760001A61BB695A01FB69134403F510631B6935
:10B77000BA695101FA690A4402F5106243F40023E0
:10B78000136144E0BB681A69BB689B6813445A1E86
:10B79000BB689B68B2FBF3F3FB82BB695A01FB6990
:10B7A000134403F510631A69FB8AD904A44B0B40B8
:10B7B000B9694801F969014401F5106113430B614E
:10B7C000BB681B79012B22D1BB695A01FB69134469
:10B7D00003F510631B69BA695101FA690A4402F55D
:10B7E000106223F0C0431361BB695A01FB69134423
:10B7F00003F510631A69FB8A5B0703F0C043B9695C
:10B800004801F969014401F5106113430B61BB69FB
:10B810005A01FB69134403F510631A69BB681B697D
:10B82000C3F31203B9694801F969014401F51061D4
:10B8300013430B61FB79012B4BD1BB68DB69002BF8
:10B8400009D0BB695A01FB69134403F510631A461A
:10B85000BB68DB695361BB681B79012B28D1FB698D
:10B8600003F500639B6803F48073002B10D1BB6960
:10B870005A01FB69134403F510631B68BA6951014F
:10B88000FA690A4402F5106243F0005313600FE0B6
:10B89000BB695A01FB69134403F510631B68BA695D
:10B8A0005101FA690A4402F5106243F080531360B3
:10B8B000BB695A01FB69134403F510631B68BA693D
:10B8C0005101FA690A4402F5106243F0044313601F
:10B8D00066E1BB695A01FB69134403F510631B68F9
:10B8E000BA695101FA690A4402F5106243F004434F
:10B8F0001360BB681B79012B15D0BB681B69002B3B
:10B9000000F04E81FB6903F500635A6BBB681B783E
:10B9100003F00F03012101FA03F3F96901F5006156
:10B9200013434B633CE1FB6903F500639B6803F43D
:10B930008073002B10D1BB695A01FB69134403F5D6
:10B9400010631B68BA695101FA690A4402F5106272
:10B9500043F0005313600FE0BB695A01FB691344C5
:10B9600003F510631B68BA695101FA690A4402F5CC
:10B97000106243F080531360BB68D968BB681A78C3
:10B98000BB681B6998B2FB7900930346F86800F026
:10B99000B9F905E1BB695A01FB69134403F530634A
:10B9A0001B69BA695101FA690A4402F53062DB0C7D
:10B9B000DB041361BB695A01FB69134403F530636F
:10B9C0001B69BA695101FA690A4402F5306223F031
:10B9D000FF5323F4C0131361BB69002B32D1BB6842
:10B9E0001B69002B03D0BB689A68BB681A61BB68EF
:10B9F0009A68BB681A62BB695A01FB69134403F574
:10BA000030631A69BB681B6AC3F31203B969480142
:10BA1000F969014401F5306113430B61BB695A01B7
:10BA2000FB69134403F530631B69BA695101FA6974
:10BA30000A4402F5306243F40023136162E000BF60
:10BA40000000F81FBB681B69002B23D1BB695A019A
:10BA5000FB69134403F530631A69BB689B68C3F341
:10BA60001203B9694801F969014401F530611343D2
:10BA70000B61BB695A01FB69134403F530631B6911
:10BA8000BA695101FA690A4402F5306243F40023AD
:10BA9000136137E0BB681A69BB689B6813445A1E80
:10BAA000BB689B68B2FBF3F3FB82BB689B68FA8AB6
:10BAB00003FB02F2BB681A62BB695A01FB691344BB
:10BAC00003F530631A69FB8AD904384B0B40B96916
:10BAD0004801F969014401F5306113430B61BB6909
:10BAE0005A01FB69134403F530631A69BB681B6A8A
:10BAF000C3F31203B9694801F969014401F53061E2
:10BB000013430B61FB79012B0DD1BB68DB68002B64
:10BB100009D0BB68D968BB695A01FB69134403F5B6
:10BB200030630A465A61BB681B79012B28D1FB6937
:10BB300003F500639B6803F48073002B10D1BB698D
:10BB40005A01FB69134403F530631B68BA6951015C
:10BB5000FA690A4402F5306243F0005313600FE0C3
:10BB6000BB695A01FB69134403F530631B68BA696A
:10BB70005101FA690A4402F5306243F080531360C0
:10BB8000BB695A01FB69134403F530631B68BA694A
:10BB90005101FA690A4402F5306243F0044313602C
:10BBA000002318462037BD4680BD00BF0000F81FA7
:10BBB00080B487B000AF786039600023FB60002359
:10BBC000FB757B683B613B685B78012B4AD13B6826
:10BBD0001B785A013B69134403F510631B6803F09B
:10BBE0000043B3F1004F40F086803B681B785A0158
:10BBF0003B69134403F510631B683A6812785101DE
:10BC00003A690A4402F5106243F0006313603B682E
:10BC10001B785A013B69134403F510631B683A68AB
:10BC2000127851013A690A4402F5106243F08043E8
:10BC30001360FB680133FB60FB6842F210729342B1
:10BC400002D90123FB7556E03B681B785A013B691A
:10BC5000134403F510631B6803F00043B3F1004F76
:10BC6000E7D048E03B681B785A013B69134403F571
:10BC700030631B6803F00043B3F1004F3BD13B68D6
:10BC80001B785A013B69134403F530631B683A681B
:10BC9000127851013A690A4402F5306243F00063B8
:10BCA00013603B681B785A013B69134403F530630A
:10BCB0001B683A68127851013A690A4402F5306209
:10BCC00043F080431360FB680133FB60FB6842F282
:10BCD0001072934202D90123FB750CE03B681B787C
:10BCE0005A013B69134403F530631B6803F00043BA
:10BCF000B3F1004FE7D0FB7D18461C37BD465DF819
:10BD0000047B704780B489B000AFF860B960114619
:10BD10001A460B46FB711346BB80FB687B61BB6810
:10BD2000FB6197F82830002B23D1BB8803339B0895
:10BD30003B610023BB6118E0FB791A037B69134464
:10BD400003F580531A46FB691B681360FB690133D6
:10BD5000FB61FB690133FB61FB690133FB61FB693B
:10BD60000133FB61BB690133BB61BA693B699A422C
:10BD7000E2D3002318462437BD465DF8047B7047A4
:10BD800080B48BB000AFF860B9601346FB80FB68ED
:10BD9000BB61BB687B62FB889B089BB27B61FB88B5
:10BDA00003F00303FB8300233B6214E0BB6903F54C
:10BDB00080531A687B6A1A607B6A01337B627B6AF4
:10BDC00001337B627B6A01337B627B6A01337B6276
:10BDD0003B6A01333B623A6A7B699A42E6D3FB8B4A
:10BDE000002B1ED000233B62BB6903F580531A462B
:10BDF00007F1100312681A603A693B6ADBB2DB0094
:10BE000022FA03F3DAB27B6A1A703B6A01333B62AF
:10BE10007B6A01337B62FB8B013BFB83FB8B002B3B
:10BE2000EAD17B6A18462C37BD465DF8047B704723
:10BE300080B485B000AF786039607B68FB603B6898
:10BE40001B78BB603B685B78012B2CD1BB685A0127
:10BE5000FB68134403F510631B68002B12DBBB68FF
:10BE6000002B0FD0BB685A01FB68134403F5106325
:10BE70001B68BA685101FA680A4402F5106223F09F
:10BE800080431360BB685A01FB68134403F51063D9
:10BE90001B68BA685101FA680A4402F5106243F45B
:10BEA000001313602BE0BB685A01FB68134403F5D1
:10BEB00030631B68002B12DBBB68002B0FD0BB6804
:10BEC0005A01FB68134403F530631B68BA685101DB
:10BED000FA680A4402F5306223F080431360BB68BD
:10BEE0005A01FB68134403F530631B68BA685101BB
:10BEF000FA680A4402F5306243F400131360002329
:10BF000018461437BD465DF8047B704780B485B091
:10BF100000AF786039607B68FB603B681B78BB6072
:10BF20003B685B78012B28D1BB685A01FB6813443E
:10BF300003F510631B68BA685101FA680A4402F5F8
:10BF4000106223F4001313603B681B79032B03D0AA
:10BF50003B681B79022B38D1BB685A01FB6813443C
:10BF600003F510631B68BA685101FA680A4402F5C8
:10BF7000106243F08053136027E0BB685A01FB68EE
:10BF8000134403F530631B68BA685101FA680A4428
:10BF900002F5306223F4001313603B681B79032B16
:10BFA00003D03B681B79022B0FD1BB685A01FB6899
:10BFB000134403F530631B68BA685101FA680A44F8
:10BFC00002F5306243F080531360002318461437A3
:10BFD000BD465DF8047B704780B485B000AF7860E3
:10BFE0000B46FB707B68FB60FB6803F500631B6816
:10BFF000FA6802F5006223F4FE631360FB6803F540
:10C0000000631A68FB781B0103F4FE63F96801F50D
:10C01000006113430B60002318461437BD465DF8DA
:10C02000047B704780B485B000AF78607B68FB60AC
:10C03000FB6803F560631B68FA6802F5606223F031
:10C0400003031360FB6803F500635B68FA6802F59D
:10C05000006223F002035360002318461437BD46E4
:10C060005DF8047B704780B485B000AF78607B6872
:10C07000FB60FB6803F560631B68FA6802F56062A9
:10C0800023F003031360FB6803F500635B68FA6841
:10C0900002F5006243F00203536000231846143790
:10C0A000BD465DF8047B704780B485B000AF786012
:10C0B0007B685B69FB607B689B69FA681340FB6087
:10C0C000FB6818461437BD465DF8047B704780B4A2
:10C0D00085B000AF78607B68FB60FB6803F50063A8
:10C0E0009B69BB60FB6803F50063DB69BA681340BA
:10C0F000BB60BB681B0C18461437BD465DF8047B5B
:10C10000704780B485B000AF78607B68FB60FB68E7
:10C1100003F500639B69BB60FB6803F50063DB69A3
:10C12000BA681340BB60BB689BB218461437BD4663
:10C130005DF8047B704780B485B000AF78600B4633
:10C14000FB707B68FB60FB785A01FB68134403F5C6
:10C1500030639B68BB60FB6803F500635B69BA688A
:10C160001340BB60BB6818461437BD465DF8047BBE
:10C17000704780B487B000AF78600B46FB707B6877
:10C180007B617B6903F500631B693B617B6903F598
:10C1900000635B6BFB60FB7803F00F03FA6822FA25
:10C1A00003F3DB01DBB23A6913433B61FB785A01CD
:10C1B0007B69134403F510639B683A691340BB60C5
:10C1C000BB6818461C37BD465DF8047B704780B4D9
:10C1D00083B000AF78607B685B6903F001031846A9
:10C1E0000C37BD465DF8047B704780B485B000AF66
:10C1F00078607B68FB60FB6803F510631B68FA6876
:10C2000002F5106223F4FF6323F007031360FB6859
:10C2100003F500635B68FA6802F5006243F480731B
:10C220005360002318461437BD465DF8047B704701
:10C2300080B487B000AFF8600B467A60FB72FB6891
:10C240007B61FB683C3304331B683B613B69264AD6
:10C2500093420AD97B6903F530631B6803F00043FE
:10C26000B3F1004F01D1002337E07B6903F5306360
:10C270001A46002313617B6903F530631B697A69F1
:10C2800002F5306243F4002313617B6903F53063E8
:10C290001B697A6902F5306243F0180313617B6908
:10C2A00003F530631B697A6902F5306243F0C043DD
:10C2B0001361FB7A012B0FD17B6903F530631A46BA
:10C2C0007B6853617B6903F530631B687A6902F50B
:10C2D000306243F080231360002318461C37BD46AC
:10C2E0005DF8047B704700BF0A30544F80B485B0BE
:10C2F00000AF78600023FB60FB680133FB60FB68E4
:10C30000B3F1706F01D9032322E07B681B69002B16
:10C31000F2DA0A23FB6002E0FB68013BFB60FB688A
:10C32000002BF9D17B681B6943F001027B681A611D
:10C33000FB680133FB60FB68B3F1706F01D9032325
:10C3400006E07B681B6903F00103012BF0D000239A
:10C3500018461437BD465DF8047B704780B584B03D
:10C3600000AF78600B46FB704FF4077002F0B2FC30
:10C37000F860FB68002B09D17B68D3F8D4227B6876
:10C38000B032002143F822100223D4E04FF40772A8
:10C390000021F86804F0F9F87B68D3F8D4227B68B0
:10C3A000B032F96843F822107B68D3F8D4227B6856
:10C3B000B03253F822207B68C3F8BC227B681B7C18
:10C3C000002B38D15E4B19784FF400730222786845
:10C3D00002F05DFB5A4B1B7803F00F02796813469D
:10C3E0009B0013449B000B44233301221A70554BCE
:10C3F00019784FF400730222786802F048FB514B21
:10C400001B7803F00F02796813469B0013449B00CE
:10C410000B4403F2631301221A704B4B1B7803F099
:10C420000F02796813469B0013449B000B441C3396
:10C4300010221A6035E0424B1978402302227868B6
:10C4400002F025FB3E4B1B7803F00F027968134680
:10C450009B0013449B000B44233301221A70394B79
:10C46000197840230222786802F011FB354B1B78C3
:10C4700003F00F02796813469B0013449B000B44A2
:10C4800003F2631301221A702F4B1B7803F00F0283
:10C49000796813469B0013449B000B441C33102205
:10C4A0001A60294B197808230322786802F0EFFA02
:10C4B000254B1B7803F00F02796813469B00134449
:10C4C0009B000B44233301221A70FB680022C3F83F
:10C4D00004227B68D3F8D4327A68B0339B001344CB
:10C4E0005B681B689847FB680022C3F81422FB684E
:10C4F0000022C3F81822FB68D3F80432002B01D1C4
:10C50000022318E07B681B7C002B0AD10D4B1978A5
:10C51000FB68D3F804224FF40073786802F0A6FB9E
:10C5200008E0084B1978FB68D3F8042240237868A8
:10C5300002F09CFB002318461037BD4680BD00BFAB
:10C54000D7000020D8000020D900002080B582B09C
:10C5500000AF78600B46FB703A4B1B781946786841
:10C5600002F0BBFA374B1B7803F00F0279681346D1
:10C570009B0013449B000B44233300221A70324B60
:10C580001B781946786802F0A8FA2F4B1B7803F045
:10C590000F02796813469B0013449B000B4403F27F
:10C5A000631300221A70294B1B781946786802F031
:10C5B00094FA264B1B7803F00F02796813469B0010
:10C5C00013449B000B44233300221A701F4B1B782B
:10C5D00003F00F02796813469B0013449B000B4441
:10C5E0001C3300221A607B68D3F8D4227B68B032F7
:10C5F00053F82230002B1FD07B68D3F8D4327A68EE
:10C60000B0339B0013445B685B6898477B68D3F842
:10C61000D4227B68B03253F82230184602F068FB0F
:10C620007B68D3F8D4227B68B032002143F8221013
:10C630007B680022C3F8BC22002318460837BD4699
:10C6400080BD00BFD7000020D8000020D900002006
:10C6500080B586B000AF786039607B68D3F8D422AB
:10C660007B68B03253F822303B6100237B73002398
:10C670007B810023FB753B69002B01D10323BFE0C5
:10C680003B681B7803F06003002B50D0202B40F058
:10C69000AF803B68DB88002B3AD03B681B785BB2ED
:10C6A000002B1BDA7B68D3F8D4327A68B0339B0056
:10C6B00013445B689B683A68507839693A68D28855
:10C6C00098473B68DB88072B28BF0723FB813B6922
:10C6D000FA891946786801F0A9FD90E03B685A781C
:10C6E0003B6983F800223B68DB883F2B03D83B681B
:10C6F000DB88DAB200E040223B6983F80122396925
:10C700003B6993F801321A46786801F0BEFD76E085
:10C710007B68D3F8D4327A68B0339B0013445B68EB
:10C720009B683A68507800223968984767E03B6810
:10C730005B780B2B51D801A252F823F06DC700088B
:10C74000E9C70008DBC70008DBC70008DBC7000833
:10C75000DBC70008DBC70008DBC70008DBC7000831
:10C76000DBC7000897C70008C1C700087B6893F8BB
:10C770009C32DBB2032B07D107F10A0302221946D0
:10C78000786801F053FD32E03968786801F0D1FC37
:10C790000323FB752BE07B6893F89C32DBB2032B01
:10C7A00007D107F10D0301221946786801F03EFD1B
:10C7B0001DE03968786801F0BCFC0323FB7516E0C6
:10C7C0007B6893F89C32DBB2032B0FD03968786812
:10C7D00001F0AFFC0323FB7508E03968786801F0CD
:10C7E000A8FC0323FB7502E000BF08E000BF06E0E1
:10C7F0003968786801F09DFC0323FB7500BFFB7D61
:10C8000018461837BD4680BD80B584B000AF78604B
:10C810000B46FB707B68D3F8C832FB607B68D3F8AB
:10C82000D4227B68B03253F82230002B01D103238D
:10C8300065E07B68D3F8D4227B68B03253F82230AD
:10C84000BB60FB7803F00F02796813469B0013442A
:10C850009B000B4414331B68002B2FD0FB7803F094
:10C860000F02796813469B0013449B000B4414335A
:10C870001A68FB7803F00F01F8680B46DB000B44E5
:10C880009B0003441C331B68B2FBF3F101FB03F371
:10C89000D31A002B12D1FB7803F00F0279681346EC
:10C8A0009B0013449B000B44143300221A60F97858
:10C8B00000230022786802F0B8F91FE0BB6800226C
:10C8C000C3F814227B68D3F8D4327A68B0339B0063
:10C8D00013445B681B69002B10D07B68D3F8D432FB
:10C8E0007A68B0339B0013445B681B69BA68D2F85E
:10C8F0000802BA6802F50471FA78984700231846CE
:10C900001037BD4680BD80B584B000AF78600B465F
:10C91000FB707B68D3F8D4227B68B03253F82230A6
:10C92000FB607B68D3F8D4227B68B03253F82230A6
:10C93000002B01D103231AE0FB781946786802F036
:10C94000B6F90246FB68C3F80C227B68D3F8D432F0
:10C950007A68B0339B0013445B68DB68FA68D2F8EE
:10C960000402FA6802F5037211469847002318463C
:10C970001037BD4680BD80B584B000AF78607B685D
:10C98000D3F8D4227B68B03253F82230FB60FB68C6
:10C99000002B01D1032324E07B68D3F8D4327A68DA
:10C9A000B0339B0013445B68002B19D0FB6893F8ED
:10C9B0000032FF2B14D07B68D3F8D4327A68B033BE
:10C9C0009B0013445B689B68FA6892F80002F96860
:10C9D000FA6892F801229847FB68FF2283F8002248
:10C9E000002318461037BD4680BD000080B586B0D4
:10C9F00000AF78608221184800F062FD7861012163
:10CA0000154800F05DFD38618121134800F058FDA4
:10CA1000F8607B69002B02D07B6910229A713B6918
:10CA2000002B06D03B69002242F040021A7100221E
:10CA30005A71FB68002B06D0FB68002242F04002CE
:10CA40001A7100225A717B6843221A80024B1846E1
:10CA50001837BD4680BD00BF9400002080B586B069
:10CA600000AF78608221184800F02AFD786101212A
:10CA7000154800F025FD38618121134800F020FDA4
:10CA8000F8607B69002B02D07B6910229A713B69A8
:10CA9000002B06D03B6900221A71002242F00202EC
:10CAA0005A71FB68002B06D0FB6800221A71002225
:10CAB00042F002025A717B6843221A80024B1846E8
:10CAC0001837BD4680BD00BF9400002080B586B0F9
:10CAD00000AF78608221184800F0F2FC78610121F3
:10CAE000154800F0EDFC38618121134800F0E8FCA6
:10CAF000F8607B69002B02D07B6910229A713B6938
:10CB0000002B06D03B69002242F040021A7100223D
:10CB10005A71FB68002B06D0FB68002242F04002ED
:10CB20001A7100225A717B6843221A80024B184600
:10CB30001837BD4680BD00BF9400002080B483B08C
:10CB400000AF78607B680A221A80034B18460C37C6
:10CB5000BD465DF8047B70475000002080B483B070
:10CB600000AF786039603B68002B01D1032309E0F6
:10CB70007B68D3F8D4327A68B0339B0013443A68A8
:10CB80005A60002318460C37BD465DF8047B704799
:10CB900080B487B000AFF860B9607A60FB68D3F802
:10CBA000D422FB68B03253F822307B617B69002BC2
:10CBB00001D1032308E07B69BA68C3F808227B69C6
:10CBC0007A68C3F81022002318461C37BD465DF86A
:10CBD000047B704780B485B000AF786039607B68B3
:10CBE000D3F8D4227B68B03253F82230FB60FB6864
:10CBF000002B01D1032304E0FB683A68C3F8042248
:10CC0000002318461437BD465DF8047B70470000CA
:10CC100080B584B000AF78607B68D3F8D4227B689D
:10CC2000B03253F82230BB600123FB73BB68002B8A
:10CC300001D1032325E0BB68D3F81432002B1FD1A8
:10CC4000BB680122C3F81422104B1B7803F00F02BB
:10CC5000BB68D3F81012786813469B0013449B00FE
:10CC6000034414331960094B1978BB68D3F80822C0
:10CC7000BB68D3F81032786801F0D7FF0023FB734C
:10CC8000FB7B18461037BD4680BD00BFD700002093
:10CC900080B584B000AF78607B68D3F8D4227B681D
:10CCA000B03253F82230FB607B68D3F8D4227B6823
:10CCB000B03253F82230002B01D1032318E07B68F7
:10CCC0001B7C002B0AD10C4B1978FB68D3F804228B
:10CCD0004FF40073786801F0C9FF08E0064B19783B
:10CCE000FB68D3F804224023786801F0BFFF0023DB
:10CCF00018461037BD4680BDD800002080B586B0EC
:10CD000000AFF860B9601346FB71FB68002B01D1DE
:10CD100003231FE0FB680022C3F8B822FB6800224F
:10CD2000C3F8C422FB680022C3F8D022BB68002BE2
:10CD300003D0FB68BA68C3F8B422FB68012283F809
:10CD40009C22FB68FA791A70F86801F039FE0346F4
:10CD5000FB75FB7D18461837BD4680BD80B584B095
:10CD600000AF786039600023FB813B68002B01D164
:10CD7000032325E07B683A68C3F8B8227B68D3F8C0
:10CD8000D4227B68AE3253F82230DB6A002B0FD0FE
:10CD90007B68D3F8D4227B68AE3253F82230DB6A4A
:10CDA00007F10E021046984702467B68C3F8D0226E
:10CDB0007B68D3F8D8325A1C7B68C3F8D82200238A
:10CDC00018461037BD4680BD80B582B000AF786090
:10CDD000786801F041FE034618460837BD4680BD1D
:10CDE00080B483B000AF7860002318460C37BD468E
:10CDF0005DF8047B704780B584B000AF78600B4667
:10CE0000FB700023FB737B68D3F8B832002B09D08A
:10CE10007B68D3F8B8321B68FA781146786898476F
:10CE20000346FB73FB7B18461037BD4680BD80B5BB
:10CE300084B000AF78600B46FB700023FB737B6807
:10CE4000D3F8B8325B68FA78114678689847034699
:10CE5000002B01D00323FB73FB7B18461037BD4624
:10CE600080BD80B584B000AF786039607B6803F224
:10CE7000AA233968184601F022F97B680122C3F819
:10CE800094227B68B3F8B0321A467B68C3F89822C4
:10CE90007B6893F8AA3203F01F03022B1AD0022BEF
:10CEA00022D8002B02D0012B0AD01DE07B6803F2B0
:10CEB000AA231946786800F077FB0346FB7320E04D
:10CEC0007B6803F2AA231946786800F0DFFB03466B
:10CED000FB7316E07B6803F2AA231946786800F01A
:10CEE00041FC0346FB730CE07B6893F8AA3223F005
:10CEF0007F03DBB21946786801F00EFE0346FB7330
:10CF000000BFFB7B18461037BD4680BD80B586B09C
:10CF100000AFF8600B467A60FB720023FB75FB7A6A
:10CF2000002B77D1FB6803F5AA733B61FB68D3F84C
:10CF30009432032B40F0A1803B695B683A69928987
:10CF400093421CD93B695B683A6992899A1A3B699A
:10CF50005A603B691B693A6992891A443B691A61B4
:10CF60003B6919693B699B891A463B695B68934237
:10CF700038BF13461A46F86801F0A8F97DE0FB684F
:10CF800093F8AA3203F01F03022B14D0022B1DD8F2
:10CF9000002B02D0012B03D018E00023BB7518E052
:10CFA000FB68B3F8AE32DBB21946F86800F06EFAEF
:10CFB0000346BB750DE0FB68B3F8AE32DBB2194631
:10CFC000F86800F070FA0346BB7502E00023BB75F9
:10CFD00000BFBB7D002B19D1FB6893F89C32DBB2FC
:10CFE000032B13D1BA7DFB68AE3253F822301B6994
:10CFF000002B0BD0BA7DFB68C3F8D422BA7DFB6846
:10D00000AE3253F822301B69F8689847F86801F08F
:10D010006EF932E0FB7A03F07F03DBB21946F86861
:10D0200000F041FA0346BB75BB7DFF2B25D0BB7DCD
:10D03000002B22D1FB6893F89C32DBB2032B17D173
:10D04000BA7DFB68AE3253F822309B69002B0FD0BB
:10D05000BA7DFB68C3F8D422BA7DFB68AE3253F8C0
:10D0600022309B69FA7A1146F86898470346FB75A7
:10D07000FB7D002B01D0FB7D00E000231846183714
:10D08000BD4680BD80B586B000AFF8600B467A60C3
:10D09000FB72FB7A002B78D1FB6814333B61FB6891
:10D0A000D3F89432022B63D13B695B683A69928969
:10D0B00093421CD93B695B683A6992899A1A3B6929
:10D0C0005A603B691B693A6992891A443B691A6143
:10D0D0003B6919693B695B681A46F86801F0C4F856
:10D0E000002300220021F86801F0C0FD40E03B6908
:10D0F0009B891A463B695B689A421CD13B691B6855
:10D100003A699289934216D33B691A68FB68D3F84F
:10D1100098329A420FD200220021F86801F0A4F858
:10D12000FB680022C3F89822002300220021F8683F
:10D1300001F09CFD1CE0FB6893F89C32DBB2032BF2
:10D140000FD1FB68D3F8B832DB68002B09D0FB683D
:10D150000022C3F8D422FB68D3F8B832DB68F86841
:10D1600098478021F86801F0D7FCF86801F0D2F800
:10D17000FB6893F8A032002B3AD0F868FFF730FE36
:10D18000FB68002283F8A02232E0FB7A63F07F0381
:10D19000DBB21946F86800F086F90346FB75FB7DA3
:10D1A000FF2B25D0FB7D002B22D1FB6893F89C320E
:10D1B000DBB2032B1CD1FA7DFB68AE3253F8223070
:10D1C0005B69002B14D0FA7DFB68C3F8D422FA7D8A
:10D1D000FB68AE3253F822305B69FA7A1146F86880
:10D1E00098470346BB75BB7D002B01D0BB7D00E09B
:10D1F000002318461837BD4680BD80B584B000AF07
:10D2000078600023FB737B68012283F89C227B6893
:10D210000022C3F894227B6800225A607B680022B7
:10D22000C3F8A4227B68002283F8A0227B68D3F88D
:10D23000B832002B14D07B68D3F8B8325B68002B6F
:10D240000ED07B68D3F8B8325B687A685268D2B285
:10D250001146786898470346002B01D00323FB73DF
:10D26000402300220021786801F011FC7B68012234
:10D2700083F863217B684022A3F8602140230022C9
:10D280008021786801F003FC7B68012283F8232069
:10D290007B6840221A84FB7B18461037BD4680BD50
:10D2A00080B483B000AF78600B46FB707B68FA787F
:10D2B0001A74002318460C37BD465DF8047B70478E
:10D2C00080B483B000AF78607B6893F89C32DBB2A7
:10D2D000042B06D07B6893F89C32DAB27B6883F823
:10D2E0009D227B68042283F89C22002318460C3779
:10D2F000BD465DF8047B704780B483B000AF7860B2
:10D300007B6893F89C32DBB2042B06D17B6893F8E0
:10D310009D32DAB27B6883F89C22002318460C37D2
:10D32000BD465DF8047B704780B582B000AF786081
:10D330007B6893F89C32DBB2032B10D17B68D3F867
:10D34000B832002B0BD07B68D3F8B832DB69002BE6
:10D3500005D07B68D3F8B832DB697868984700233A
:10D3600018460837BD4680BD80B582B000AF7860F2
:10D370000B46FB707B68D3F8D4227B68AE3253F83F
:10D380002230002B01D103231CE07B6893F89C32F0
:10D39000DBB2032B15D17B68D3F8D4227B68AE3285
:10D3A00053F822301B6A002B0BD07B68D3F8D422B1
:10D3B0007B68AE3253F822301B6AFA7811467868DF
:10D3C0009847002318460837BD4680BD80B582B017
:10D3D00000AF78600B46FB707B68D3F8D4227B6883
:10D3E000AE3253F82230002B01D103231CE07B68BE
:10D3F00093F89C32DBB2032B15D17B68D3F8D4228F
:10D400007B68AE3253F822305B6A002B0BD07B680E
:10D41000D3F8D4227B68AE3253F822305B6AFA78B4
:10D42000114678689847002318460837BD4680BDE6
:10D4300080B483B000AF7860002318460C37BD4637
:10D440005DF8047B704780B584B000AF786000233E
:10D45000FB737B68012283F89C227B68D3F8B83287
:10D46000002B0ED07B68D3F8B8325B687A685268BC
:10D47000D2B21146786898470346002B01D00323A7
:10D48000FB73FB7B18461037BD4680BD80B483B06C
:10D4900000AF78600B46FB70002318460C37BD4682
:10D4A0005DF8047B704780B483B000AF78600B46B2
:10D4B000FB70002318460C37BD465DF8047B7047AF
:10D4C00080B586B000AF78600B46FB707B687B61EF
:10D4D0007B68FB6000233B61FB685B889BB2FA685A
:10D4E000127893421FD9FB681B787B8113E007F108
:10D4F0000A031946786900F01BF878617B695B784C
:10D50000052B08D17B693B613B699B78FA789A428D
:10D5100008D000233B61FB685B889AB27B899A4202
:10D52000E5D800E000BF3B6918461837BD4680BD0E
:10D5300080B485B000AF786039607B68FB603B6881
:10D540001B88FA68127813449AB23B681A80FB6809
:10D550001B781A467B681344FB60FB681846143737
:10D56000BD465DF8047B704780B487B000AF78603B
:10D570007B687B617B691B787B827B6901337B6184
:10D580007B691B783B82B7F910301B021AB2B7F9DE
:10D59000123013431BB2FB81FB8918461C37BD4672
:10D5A0005DF8047B7047000080B584B000AF786000
:10D5B00039600023FB733B681B7803F06003402B4A
:10D5C00005D0402B57D8002B0FD0202B53D17B6890
:10D5D000D3F8D4227B68AE3253F822309B68396886
:10D5E000786898470346FB734AE03B685B78092BF1
:10D5F0003BD801A252F823F04DD6000861D60008AE
:10D600006BD6000857D600086BD600082BD600084A
:10D6100021D600086BD6000843D6000835D600088E
:10D620003968786800F03EFA24E03968786800F0DC
:10D63000A3FB1FE03968786800F0E2FB0346FB7348
:10D6400018E03968786800F085FC13E0396878687C
:10D6500000F0B6FC0EE03968786800F0E5FC09E0FF
:10D660003968786800F009FD04E03968786800F0EE
:10D6700060FD00BF04E03968786800F05AFD00BF23
:10D68000FB7B18461037BD4680BD00BF80B584B017
:10D6900000AF786039600023FB733B681B7803F0B0
:10D6A0006003402B05D0402B52D8002B01D0202BFB
:10D6B0004ED17B6893F89C32DBB2013B022B40D801
:10D6C0003B689B88DBB2012B36D83B689B88DBB27A
:10D6D00019467868FFF7DAFE0346BB73BB7BFF2B66
:10D6E0001DD0BB7B002B1AD1BA7B7B68AE3253F8BE
:10D6F00022309B68002B0FD0BA7B7B68C3F8D42202
:10D70000BA7B7B68AE3253F822309B683968786800
:10D7100098470346FB7304E00323FB7301E00323F4
:10D72000FB733B68DB88002B10D1FB7B002B0DD1FA
:10D73000786800F0DCFD09E03968786800F0F9FCF1
:10D7400004E03968786800F0F4FC00E000BF04E011
:10D750003968786800F0EDFC00BFFB7B1846103795
:10D76000BD4680BD80B584B000AF786039600023CD
:10D77000FB733B689B88BB733B681B7803F06003BB
:10D78000402B07D0402B00F28181002B2AD0202B88
:10D7900040F07C81BB7B19467868FFF784FE034626
:10D7A0007B737B7BFF2B00F076817B7B002B40F033
:10D7B00072817A7B7B68C3F8D4227A7B7B68AE3235
:10D7C00053F822309B68002B00F065817A7B7B68E0
:10D7D000AE3253F822309B68396878689847034620
:10D7E000FB7358E13B685B78032B08D0032B00F3F5
:10D7F0004781002B00F09B80012B3CD040E17B68EF
:10D8000093F89C32DBB2022B02D0032B16D02CE013
:10D81000BB7B002B0DD0BB7B802B0AD0BB7B19467A
:10D82000786801F079F98021786801F075F900BF16
:10D8300020E03968786800F07CFC1BE03B685B887E
:10D84000002B0ED1BB7B002B0BD0BB7B802B08D0D9
:10D850003B68DB88002B04D1BB7B1946786801F05C
:10D860005BF9786800F043FD04E03968786800F0FF
:10D8700060FC00BF09E17B6893F89C32DBB2022BAD
:10D8800002D0032B16D04BE0BB7B002B0DD0BB7B13
:10D89000802B0AD0BB7B1946786801F03DF98021C6
:10D8A000786801F039F900BF40E03968786800F025
:10D8B00040FC3BE03B685B88002B36D1BB7B03F030
:10D8C0007F03002B04D0BB7B1946786801F043F935
:10D8D000786800F00CFDBB7B19467868FFF7E3FD24
:10D8E00003467B737B7BFF2B1FD07B7B002B1CD1E4
:10D8F0007A7B7B68C3F8D4227A7B7B68AE3253F89C
:10D9000022309B68002B10D07A7B7B68AE3253F8B4
:10D9100022309B683968786898470346FB7304E0B7
:10D920003968786800F005FC00E000BFADE07B6876
:10D9300093F89C32DBB2022B02D0032B33D099E058
:10D94000BB7B002B07D0BB7B802B04D03968786869
:10D9500000F0EFFB93E097F90E30002B0BDABB7B66
:10D9600003F07F0213469B0013449B0010337A6838
:10D97000134404330BE0BB7B03F07F0213469B0090
:10D9800013449B0003F5A8737A6813440433BB6007
:10D99000BB6800229A73BB680E330222194678686E
:10D9A00000F044FC6BE097F90E30002B11DABB7BE2
:10D9B00003F00F02796813469B0013449B000B444D
:10D9C00023331B78002B17D13968786800F0B1FB3E
:10D9D00055E0BB7B03F00F02796813469B001344AC
:10D9E0009B000B4403F263131B78002B04D13968AE
:10D9F000786800F09EFB42E097F90E30002B0BDABE
:10DA0000BB7B03F07F0213469B0013449B00103343
:10DA10007A68134404330BE0BB7B03F07F021346A8
:10DA20009B0013449B0003F5A8737A6813440433E6
:10DA3000BB60BB7B002B02D0BB7B802B03D1BB68C0
:10DA400000229A730EE0BB7B1946786801F0A2F8B9
:10DA50000346002B03D0BB6801229A7302E0BB6827
:10DA600000229A73BB680E3302221946786800F0D0
:10DA7000DDFB04E03968786800F05BFB00BF04E080
:10DA80003968786800F055FB00BF05E039687868B0
:10DA900000F04FFB00E000BFFB7B18461037BD468F
:10DAA00080BD000080B584B000AF7860396000238D
:10DAB0003B810023FB600023FB723B685B881B0AF1
:10DAC0009BB2013B062B00F2288101A252F823F001
:10DAD000EDDA000805DB000845DB00081BDD000867
:10DAE0001BDD0008BBDC0008E7DC00087B68D3F81E
:10DAF000B4321B687A68127C07F108011046984717
:10DB0000F86012E17B681B7C002B0DD17B68D3F899
:10DB1000B8329B6A07F1080210469847F860FB6824
:10DB2000013302221A7000E17B68D3F8B832DB6A55
:10DB300007F1080210469847F860FB68013302229B
:10DB40001A70F2E03B685B88DBB2052B00F2AC8018
:10DB500001A252F823F000BF71DB0008A5DB00082A
:10DB6000D9DB00080DDC000841DC000875DC00088A
:10DB70007B68D3F8B4325B68002B0BD07B68D3F89A
:10DB8000B4325B687A68127C07F108011046984746
:10DB9000F86091E03968786800F0CBFAFB7A0133DD
:10DBA000FB7289E07B68D3F8B4329B68002B0BD002
:10DBB0007B68D3F8B4329B687A68127C07F108015D
:10DBC00010469847F86077E03968786800F0B1FA55
:10DBD000FB7A0133FB726FE07B68D3F8B432DB6809
:10DBE000002B0BD07B68D3F8B432DB687A68127CE8
:10DBF00007F1080110469847F8605DE039687868D9
:10DC000000F097FAFB7A0133FB7255E07B68D3F89A
:10DC1000B4321B69002B0BD07B68D3F8B4321B697C
:10DC20007A68127C07F1080110469847F86043E0D3
:10DC30003968786800F07DFAFB7A0133FB723BE0CB
:10DC40007B68D3F8B4325B69002B0BD07B68D3F8C8
:10DC5000B4325B697A68127C07F108011046984774
:10DC6000F86029E03968786800F063FAFB7A0133DC
:10DC7000FB7221E07B68D3F8B4329B69002B0BD098
:10DC80007B68D3F8B4329B697A68127C07F108018B
:10DC900010469847F8600FE03968786800F049FA54
:10DCA000FB7A0133FB7207E03968786800F041FACB
:10DCB000FB7A0133FB7200BF37E07B681B7C002BD3
:10DCC00009D17B68D3F8B8325B6B07F108021046C4
:10DCD0009847F86029E03968786800F02AFAFB7AFA
:10DCE0000133FB7221E07B681B7C002B0DD17B682C
:10DCF000D3F8B8321B6B07F1080210469847F8605A
:10DD0000FB68013307221A700FE03968786800F069
:10DD100010FAFB7A0133FB7207E03968786800F08B
:10DD200008FAFB7A0133FB7200BFFB7A002B1ED18D
:10DD30003B68DB88002B16D03B89002B0ED03B685C
:10DD4000DA883B89934228BF13469BB23B813B89CB
:10DD50001A46F968786800F069FA09E03968786865
:10DD600000F0E7F904E0786800F0C1FA00E000BFD5
:10DD70001037BD4680BD00BF80B584B000AF78606D
:10DD800039603B689B88002B31D13B68DB88002BD6
:10DD90002DD13B685B887F2B29D83B685B88DBB241
:10DDA00003F07F03FB737B6893F89C32DBB2032B99
:10DDB00004D13968786800F0BCF91DE07B68FA7B13
:10DDC00083F89E22FB7B1946786800F00FFF786885
:10DDD00000F08DFAFB7B002B04D07B68022283F8D5
:10DDE0009C2209E07B68012283F89C2204E03968C8
:10DDF000786800F09EF900BF00BF1037BD4680BDB7
:10DE000080B584B000AF786039600023FB733B6855
:10DE10005B88DAB24E4B1A704D4B1B78012B05D93B
:10DE20003968786800F085F903238CE07B6893F803
:10DE30009C32DBB2022B02D0032B29D075E0444B7D
:10DE40001B78002B20D0424B1B781A467B685A6007
:10DE50003F4B1B7819467868FEF7CDFF0346FB73EE
:10DE6000FB7B002B08D03968786800F062F97B688A
:10DE7000022283F89C2265E0786800F038FA7B681B
:10DE8000032283F89C225DE0786800F030FA59E0C4
:10DE90002F4B1B78002B12D17B68022283F89C2227
:10DEA0002B4B1B781A467B685A60294B1B78194606
:10DEB0007868FEF7BCFF786800F019FA42E0244B5E
:10DEC0001B781A467B685B689A422AD07B685B683D
:10DED000DBB219467868FEF7AAFF1D4B1B781A467D
:10DEE0007B685A601A4B1B7819467868FEF783FFE7
:10DEF0000346FB73FB7B002B0FD03968786800F07A
:10DF000018F97B685B68DBB219467868FEF78FFF0B
:10DF10007B68022283F89C2214E0786800F0E7F91D
:10DF200010E0786800F0E3F90CE03968786800F0F8
:10DF300000F9074B1B7819467868FEF778FF032332
:10DF4000FB7300BFFB7B18461037BD4680BD00BF8A
:10DF5000E005002080B582B000AF786039603B6892
:10DF6000DB88012B04D03968786800F0E2F823E000
:10DF70007B6893F89C32DBB2022B02DC002B03DCC3
:10DF800015E0032B0BD012E07B6800229A607B68BF
:10DF9000083301221946786800F048F90CE07B68E4
:10DFA000043301221946786800F040F904E039682A
:10DFB000786800F0BEF800BF00BF0837BD4680BDDE
:10DFC00080B582B000AF786039607B6893F89C328E
:10DFD000DBB2013B022B1ED83B68DB88022B04D04E
:10DFE0003968786800F0A5F81AE07B680122DA60E9
:10DFF0007B68D3F8A432002B05D07B68DB6843F044
:10E0000002027B68DA607B680C330222194678686A
:10E0100000F00CF904E03968786800F08AF800BF75
:10E0200000BF0837BD4680BD80B582B000AF7860C4
:10E0300039603B685B88012B07D17B680122C3F8FC
:10E04000A422786800F053F913E03B685B88022B48
:10E050000BD13B689B881B0A9BB2DAB27B6883F8C2
:10E06000A022786800F043F903E03968786800F08E
:10E0700060F800BF0837BD4680BD80B582B000AFF4
:10E08000786039607B6893F89C32DBB2013B022BED
:10E090000BD83B685B88012B0CD17B680022C3F84E
:10E0A000A422786800F023F904E03968786800F069
:10E0B00040F800E000BF00BF0837BD4680BD80B516
:10E0C00084B000AF786039603B68FB60FB681A7809
:10E0D0007B681A70FB680133FB60FB681A787B6809
:10E0E0005A70FB680133FB60F868FFF73DFA03469E
:10E0F0001A467B685A80FB680133FB60FB6801337A
:10E10000FB60F868FFF730FA03461A467B689A808E
:10E11000FB680133FB60FB680133FB60F868FFF7C5
:10E1200023FA03461A467B68DA8000BF1037BD46E3
:10E1300080BD80B582B000AF78603960802178689A
:10E1400000F0EAFC0021786800F0E6FC00BF083728
:10E15000BD4680BD80B586B000AFF860B9607A601A
:10E160000023FB75FB68002B42D0FB683B613869DC
:10E1700000F042F8034601335B00B3F5007F08D896
:10E18000386900F039F8034601339BB25B009AB25C
:10E1900001E04FF400727B681A80FB7DBA6813447B
:10E1A0007A6812781A70FB7D0133FB75FB7DBA68C3
:10E1B000134403221A70FB7D0133FB7513E0FB7DD2
:10E1C000BA6813443A6912781A703B6901333B61AB
:10E1D000FB7D0133FB75FB7DBA68134400221A7086
:10E1E000FB7D0133FB753B691B78002BE7D100E019
:10E1F00000BF1837BD4680BD80B485B000AF7860E1
:10E200000023FB737B68BB6005E0FB7B0133FB7382
:10E21000BB680133BB60BB681B78002BF5D1FB7B6F
:10E2200018461437BD465DF8047B704780B584B04E
:10E2300000AFF860B9607A60FB680222C3F89422EC
:10E24000FB687A685A61FB68BA685A62FB687A6848
:10E250009A617B68BA680021F86800F0E6FC002348
:10E2600018461037BD4680BD80B584B000AFF86059
:10E27000B9607A607B68BA680021F86800F0D5FC64
:10E28000002318461037BD4680BD80B584B000AF6E
:10E29000F860B9607A60FB680322C3F89422FB68D7
:10E2A0007A68C3F85421FB68BA68C3F86421FB6834
:10E2B0007A68C3F858217B68BA680021F86800F0D2
:10E2C000D5FC002318461037BD4680BD80B584B00C
:10E2D00000AFF860B9607A607B68BA680021F868BE
:10E2E00000F0C4FC002318461037BD4680BD80B541
:10E2F00082B000AF78607B680422C3F894220023C8
:10E3000000220021786800F090FC002318460837AE
:10E31000BD4680BD80B582B000AF78607B680522C5
:10E32000C3F89422002300220021786800F09EFCAC
:10E33000002318460837BD4680BD000080B500AFF9
:10E34000002212491248FEF7D9FC0346002B01D0E7
:10E35000F5F748FA0F490E48FEF700FD0346002B7B
:10E3600001D0F5F73FFA0C490948FEF7F7FB0346E1
:10E37000002B01D0F5F736FA0548FEF725FD0346D8
:10E38000002B01D0F5F72EFA00BF80BDF000002071
:10E39000E40500205C000020DC00002080B500AF18
:10E3A000002205490548FEF7F3FB05490348FEF73F
:10E3B00011FC0023184680BDC0100020E405002099
:10E3C000C008002080B400AF00231846BD465DF8A9
:10E3D000047B704780B483B000AF03463960FB71A3
:10E3E0001346BB80FB79232B4AD801A252F823F0B5
:10E3F00081E4000881E4000881E4000881E4000869
:10E4000081E4000881E4000881E4000881E4000858
:10E4100081E4000881E4000881E4000881E4000848
:10E4200081E4000881E4000881E4000881E4000838
:10E4300081E4000881E4000881E4000881E4000828
:10E4400081E4000881E4000881E4000881E4000818
:10E4500081E4000881E4000881E4000881E4000808
:10E4600081E4000881E4000881E4000881E40008F8
:10E4700081E4000881E4000881E4000881E40008E8
:10E4800000BF002318460C37BD465DF8047B70477B
:10E4900080B582B000AF7860396079680548FEF7D2
:10E4A00099FB0448FEF7F4FB002318460837BD46E5
:10E4B00080BD00BFE405002080B584B000AF786067
:10E4C0000B467B800023FB730D4BD3F8BC32BB6043
:10E4D000BB68D3F81432002B01D001230BE07B88FA
:10E4E0001A4679680648FEF753FB0548FEF790FB8D
:10E4F0000346FB73FB7B18461037BD4680BD00BF4B
:10E50000E405002080B487B000AFF860B96013461E
:10E51000FB710023FB7597F9173018461C37BD4671
:10E520005DF8047B7047000080B483B000AF034601
:10E530003960FB713B6812221A80034B18460C3776
:10E54000BD465DF8047B70470C01002080B483B0A9
:10E5500000AF03463960FB713B6804221A80034B0D
:10E5600018460C37BD465DF8047B7047200100203B
:10E5700080B582B000AF03463960FB71FB79002B98
:10E5800005D13A6807490848FFF7E4FD04E03A6816
:10E5900004490548FFF7DEFD024B18460837BD4623
:10E5A00080BD00BFC0180020F43B010880B582B0D8
:10E5B00000AF03463960FB713A6804490448FFF72D
:10E5C000C9FD024B18460837BD4680BDC018002063
:10E5D0000C3C010880B582B000AF03463960FB7186
:10E5E0003B681A221A8000F043F8024B184608379D
:10E5F000BD4680BD2401002080B582B000AF034637
:10E600003960FB71FB79002B05D13A68074908484E
:10E61000FFF7A0FD04E03A6804490548FFF79AFDBA
:10E62000024B18460837BD4680BD00BFC018002009
:10E63000203C010880B582B000AF03463960FB7111
:10E64000FB79002B05D13A6807490848FFF782FD9E
:10E6500004E03A6804490548FFF77CFD024B184680
:10E660000837BD4680BD00BFC01800202C3C010803
:10E6700080B584B000AF0F4B1B68FB600E4B1B686E
:10E68000BB600E4B1B687B60FA687B681344FB60C1
:10E69000FB68002B09D008220949F86800F014F83B
:10E6A00004220849B86800F00FF800BF1037BD46D3
:10E6B00080BD00BF107AFF1F147AFF1F187AFF1F5A
:10E6C000260100203601002080B487B000AFF8603A
:10E6D000B9601346FB710023FB750023FB7527E02F
:10E6E000FB681B0F092B0BD8FB681B0FDAB2FB7DF5
:10E6F0005B001946BB680B443032D2B21A700AE094
:10E70000FB681B0FDAB2FB7D5B001946BB680B444C
:10E710003732D2B21A70FB681B01FB60FB7D5B00D5
:10E720000133BA68134400221A70FB7D0133FB7574
:10E73000FA7DFB799A42D3D300BF00BF1C37BD4698
:10E740005DF8047B7047000080B58AB000AF786048
:10E7500007F1140300221A605A609A60DA601A61A5
:10E760007B681B68B3F1A04F3AD100233B611E4B7D
:10E770001B6B1D4A43F0010313631B4B1B6B03F020
:10E7800001033B613B694FF4C0537B610223BB61D2
:10E790000023FB6103233B620A237B6207F114031E
:10E7A00019461248F5F7F2FF0F4B5B6B0E4A43F028
:10E7B000800353630023FB600B4B5B6C0A4A43F4FA
:10E7C00080435364084B5B6C03F48043FB60FB683D
:10E7D000002200214320F5F710FF4320F5F729FF21
:10E7E00000BF2837BD4680BD00380240000002400F
:10E7F00080B582B000AF78607B68D3F8E0247B6896
:10E8000003F29C4319461046FEF72BFB00BF083766
:10E81000BD4680BD80B582B000AF78600B46FB700E
:10E820007B68D3F8E004FA7879681346DB00134478
:10E830009B000B4403F518731A68FB781946FEF722
:10E8400065FB00BF0837BD4680BD80B582B000AF14
:10E8500078600B46FB707B68D3F8E004FA7879683F
:10E860001346DB0013449B000B4420331A68FB78EB
:10E870001946FEF707FC00BF0837BD4680BD80B5CE
:10E8800082B000AF78607B68D3F8E0341846FEF7BA
:10E890004BFD00BF0837BD4680BD80B584B000AFDA
:10E8A00078600123FB737B68DB79022B01D0F4F7DE
:10E8B00099FF7B68D3F8E034FA7B11461846FEF7DF
:10E8C000EFFC7B68D3F8E0341846FEF796FC00BFF7
:10E8D0001037BD4680BD000080B582B000AF7860C3
:10E8E0007B68D3F8E0341846FEF7EAFC7B681B68C7
:10E8F00003F560631B687A68126802F5606243F092
:10E90000010313607B68DB7A002B05D0044B1B6985
:10E91000034A43F00603136100BF0837BD4680BDBC
:10E9200000ED00E080B582B000AF78607B68D3F87E
:10E93000E0341846FEF7E0FC00BF0837BD4680BD56
:10E9400080B582B000AF78600B46FB707B68D3F86F
:10E95000E034FA7811461846FEF738FD00BF083754
:10E96000BD4680BD80B582B000AF78600B46FB70BD
:10E970007B68D3F8E034FA7811461846FEF7F4FCC9
:10E9800000BF0837BD4680BD80B582B000AF78605B
:10E990007B68D3F8E0341846FEF74AFD00BF08371D
:10E9A000BD4680BD80B582B000AF78607B68D3F88B
:10E9B000E0341846FEF747FD00BF0837BD4680BD6E
:10E9C00080B582B000AF78607B681B78002B3CD1AB
:10E9D000204A7B68C2F8E0347B681E4AC3F8C8222C
:10E9E0001C4B4FF0A0421A601A4B04221A71194BAB
:10E9F0000222DA71174B00229A71164B02225A72C8
:10EA0000144B00229A72134B0022DA72114B00222F
:10EA10001A73104B00229A730E4B0022DA730D48C2
:10EA2000F7F738FF0346002B01D0F4F7DBFE802117
:10EA30000848F9F764F9402200210648F9F718F967
:10EA4000802201210348F9F713F9002318460837FB
:10EA5000BD4680BDC01A002080B584B000AF78608C
:10EA60000023FB730023BB737B68D3F8C8321846BE
:10EA7000F8F71FF80346FB73FB7B184600F042F9DA
:10EA80000346BB73BB7B18461037BD4680BD80B5BF
:10EA900084B000AF7860084611461A460346FB7002
:10EAA0000B46BB7013463B800023FB730023BB73F4
:10EAB0007B68D3F8C802BB783A88F978F8F7F3FC9A
:10EAC0000346FB73FB7B184600F01CF90346BB733F
:10EAD000BB7B18461037BD4680BD80B584B000AF03
:10EAE00078600B46FB700023FB730023BB737B68CD
:10EAF000D3F8C832FA7811461846F8F73EFD0346B7
:10EB0000FB73FB7B184600F0FDF80346BB73BB7B31
:10EB100018461037BD4680BD80B584B000AF786020
:10EB20000B46FB700023FB730023BB737B68D3F899
:10EB3000C832FA7811461846F8F7F6FD0346FB731B
:10EB4000FB7B184600F0DEF80346BB73BB7B184620
:10EB50001037BD4680BD80B584B000AF78600B46ED
:10EB6000FB700023FB730023BB737B68D3F8C832B0
:10EB7000FA7811461846F8F73AFE0346FB73FB7B1A
:10EB8000184600F0BFF80346BB73BB7B184610372E
:10EB9000BD4680BD80B485B000AF78600B46FB7089
:10EBA0007B68D3F8C832FB6097F90330002B0BDA8F
:10EBB000FB7803F07F02F9681346DB0013449B00E7
:10EBC0000B4416331B780BE0FB7803F07F02F968E7
:10EBD0001346DB0013449B000B4403F256231B78BF
:10EBE00018461437BD465DF8047B704780B584B085
:10EBF00000AF78600B46FB700023FB730023BB73F0
:10EC00007B68D3F8C832FA7811461846F8F727FC23
:10EC10000346FB73FB7B184600F074F80346BB7396
:10EC2000BB7B18461037BD4680BD80B586B000AFAF
:10EC3000F8607A603B600B46FB720023FB75002393
:10EC4000BB75FB68D3F8C802F97A3B687A68F8F7B5
:10EC500031FD0346FB75FB7D184600F053F8034673
:10EC6000BB75BB7D18461837BD4680BD80B586B0E4
:10EC700000AFF8607A603B600B46FB720023FB75C7
:10EC80000023BB75FB68D3F8C802F97A3B687A6841
:10EC9000F8F7BDFC0346FB75FB7D184600F032F823
:10ECA0000346BB75BB7D18461837BD4680BD80B591
:10ECB00082B000AF78600B46FB707B68D3F8C83237
:10ECC000FA7811461846F8F7DDFC0346184608376F
:10ECD000BD4680BD80B483B000AF7860034B18465A
:10ECE0000C37BD465DF8047B704700BFA41F0020B1
:10ECF00080B483B000AF786000BF0C37BD465DF8CC
:10ED0000047B704780B485B000AF0346FB710023DD
:10ED1000FB73FB79032B17D801A252F823F000BF35
:10ED200031ED000837ED00083DED000843ED000827
:10ED30000023FB730BE00323FB7308E00123FB7349
:10ED400005E00323FB7302E00323FB7300BFFB7B9F
:10ED500018461437BD465DF8047B7047002100F06B
:10ED600007BE0A22002100F089BE70B504460D4698
:10ED700045EC104B164603F04FFB51EC100B7EB1E7
:10ED8000C5F30A53C3F16B03002B09DD1B0503F127
:10ED90007F55002405F5401522462B46F1F734FC3B
:10EDA00041EC100B70BD00002DE9F04F9FB00C46F8
:10EDB000179200221A9205904FF0000A4FF0000BB4
:10EDC0000A46199211782B294AD038D80D2932D801
:10EDD000082932D800293BD000220E92199D2A78AA
:10EDE000302A40F0B2806A7802F0DF02582A6ED1F1
:10EDF00002930E9B01931AAB00938F4A05981BABAD
:10EE000019A902F003FC10F00F06044605D0062EE7
:10EE100028D10135002319950E93179B002B40F044
:10EE20008E850E9BCBB152460BF1004343EC102B69
:10EE30001FB0BDE8F08F2029CED10132C1E72D29C6
:10EE4000CAD101210E91511C19915278002AC5D1C5
:10EE5000179B1994002B40F0708552465B46E5E7FE
:10EE60000021EFE71A9A3AB135211CA803F0CEFB36
:10EE70001A99059802F0A4FF013E1B9A042E06D8A9
:10EE8000DFE806F014031D201400DDE91CABE105EA
:10EE900048BF4BF0004B2BF000431B0D1B05002B14
:10EEA000BBD101F045FC22230360B6E7DDE91CA3DA
:10EEB00002F2334223F4801343EA025BE7E7DFF810
:10EEC00080B1E4E76FF0004B4FF0FF3ADFE7199BAA
:10EED0005A1C19925B78302BF9D0002B9DD001235E
:10EEE00000270893199B0C930B97B9460A2219988F
:10EEF0000578A5F13003D9B2092928D94F49012253
:10EF000001F04BFB002832D000202A460A904D46E3
:10EF10000346652A01D0452A14D11DB9089A024337
:10EF200096D00025199C621C199262782B2A7AD0FF
:10EF30002D2A7ED04FF0000CA2F13001092940F2B9
:10EF4000858019944FF00008A5E00023C8E7B9F1C7
:10EF5000080FD8BF0B9900F10100DABF02FB0133A3
:10EF60000B9302FB073709F101091990BFE7199BC1
:10EF70005A1C19925A78B9F1000F3BD00A904D46AD
:10EF8000A2F13003092B12D90123C2E7199B5A1CA5
:10EF900019925A780130302AF8D0A2F13103082BA7
:10EFA00000F2D284199B0A9000200C930546303A57
:10EFB00000F1010318D00A9919440A912E464FF026
:10EFC0000A0E711CA1EB050C634515DC20EAE0700C
:10EFD0002B18082B05F1010505441ADC0B990A23AF
:10EFE00003FB01230B930023199A511C19915278AA
:10EFF0001846C5E74846CEE7082E05DC0B9E0EFBFB
:10F0000006F60B960E46DCE71029D8BF0EFB07F775
:10F01000F8E70F2BDCBF0A2303FB0727E3E70023F6
:10F020000A9301237AE74FF0000CA21C1992A278F0
:10F0300082E74FF0010CF8E7943E0108543C0108C8
:10F040000000F07F199A511C19915278302AF9D09A
:10F05000A2F1310108293FF675AF303A0992199AA9
:10F060000F924FF00A08199A561C19965278A2F17D
:10F07000300EBEF1090F39D90F99761A082E44F6D1
:10F080001F6803DC09998845A8BF8846BCF1000FBA
:10F0900001D0C8F10008002D4ED1089908437FF433
:10F0A000BCAE002B7FF4D4AE692A28D025DC492AD7
:10F0B00025D04E2A7FF4CCAE9A4919A802F0C8FC9C
:10F0C00000283FF4C5AE199B1B78282B2ED19649FA
:10F0D0001CAA19A802F0D0FC052827D11D9BDDF839
:10F0E00070A043F0FF4B4BF4E00B96E6099908FB48
:10F0F0000121A1F130020992B5E76E2ADAE78B49C6
:10F1000019A802F0A5FC00283FF4A2AE199B88497B
:10F11000013B19A8199302F09BFC10B9199B01330C
:10F120001993DFF81CB24FF0000A76E6814801F02F
:10F130003BFB5BEC10AB70E60A9B0B98A8EB030360
:10F14000B9F1000F08BFA946102D09932C46A8BF9E
:10F150001024F1F7DFF9092D82468B4613DC099B59
:10F16000002B3FF45AAE099B78DD162B5FDC724909
:10F1700001EBC301D1E9000152465B46F1F744FAC5
:10F1800082468B4649E66C4B03EBC40353E91223DA
:10F19000F1F73AFA824638468B46F1F7BBF9024658
:10F1A0000B4650465946F1F779F80F2D82468B46AB
:10F1B000D5DD099B2C1B1C44002C40F3938014F0DC
:10F1C0000F030AD05C4901EBC30152465B46D1E90B
:10F1D0000001F1F719FA82468B4634F00F0473D020
:10F1E000B4F59A7F49DD0024A0460B94A146059A08
:10F1F000DFF84CB1222313604FF0000A0B9B002B69
:10F200003FF40BAE1A99059802F0DAFD05984946CD
:10F2100002F0D6FD0598414602F0D2FD0B99059803
:10F2200002F0CEFD0598214602F0CAFDF5E5099AE7
:10F23000C5F125039342BCDB3F4CC5F10F0504EB40
:10F24000C50152465B46D1E90001F1F7DDF9099BA2
:10F250005D1B04EBC504D4E900238FE71633A8DB5C
:10F260000A9BA3EB0808344B03EBC808D8E900233A
:10F2700050465946F1F7F2FA82E700232F4F241146
:10F28000504659461E46012C21DC0BB182468B4666
:10F290002A49ABF1547B01EBC60152465B46D1E9EA
:10F2A0000001F1F7B1F9264B0A460B4025498B4284
:10F2B000824698D8A1F580118B4286BFDFF888B0CE
:10F2C0004FF0FF3A02F1547B0023089376E0E20707
:10F2D00004D5D7E90023F1F797F90123013664102B
:10F2E0000837D0E7F0D0644214F00F020AD0124B76
:10F2F00003EBC20350465946D3E90023F1F7AEFAB7
:10F3000082468B462411DFD01F2C1FDD0024A0462F
:10F310000B94A146059A22234FF0000A4FF0000BF0
:10F3200013606BE7633C0108803E01085B3C010809
:10F33000423D01083E3D010808400108E03F010848
:10F340000000F07F0000A07CFFFFEF7F14F01003AF
:10F3500018BF6A23A94E0893504659460023E70771
:10F3600004D5D6E90023F1F74FF90123641006F123
:10F370000806F4D10BB182468B46089BB3B1CBF3A0
:10F380000A52C2F16B03002B59460FDD1F2B56DDCD
:10F39000342BDEBF4FF0FF33C2F14B0293404FF0EE
:10F3A000000ACCBF4FF05C7B03EA010B0022002374
:10F3B00050465946F1F790FB0028A7D10B9B0093CC
:10F3C0000C9905982B464A4602F062FD0B900028E6
:10F3D0003FF409AF099A0A9B002AA3EB0803A8BFD0
:10F3E00000231293002422EAE2731693A0460B9B9B
:10F3F0000598596802F0A4FC814600283FF4F7AE56
:10F400000B9B1A69023203F10C0192000C3001F0DF
:10F41000BCF94BEC10AB05981CAA1BA9CDE90CABB1
:10F4200003F06AF81A9000283FF4E1AE0598012134
:10F4300002F0C4FD804648B94FF00008D7E64FF00F
:10F44000FF3202FA03F303EA0A0AAFE71B9D1C9A94
:10F45000002DABBF129B169B169E129FACBFEF18E0
:10F460005E1B089BED1A1544654B013D9D42C2F1A0
:10F47000360250DA5B1B1F2BA2EB03024FF0010197
:10F480003DDC01FA03F3139300231093BD18089B8E
:10F49000AF4216441E443B46A8BF2B46B342A8BF0A
:10F4A0003346002BC2BFED1AF61AFF1A129B002B2F
:10F4B00016DD414605981A4602F038FE80460028BF
:10F4C000BAD001461A9A059802F08EFD0A900028DB
:10F4D0003FF48DAE1A99059802F072FC0A9B1A93BC
:10F4E000002D1DDC099B002B23DD4946169A05984B
:10F4F00002F01CFE8146E0B94FF0000977E6C5F145
:10F500007F4505F57F0505F57B45E23501FA05F3F5
:10F5100010931391BAE70023109301231393B5E7D7
:10F520001A9905982A4602F05BFE1A900028D9D154
:10F530005DE6002E07DD49460598324602F050FE92
:10F5400081460028D8D0002F08DD414605983A466C
:10F5500002F046FE804600283FF449AE1A9905980D
:10F560004A4602F0C5FE044600283FF440AEC36898
:10F570000F930023C360414602F09EFE002845DA47
:10F580000F9B53EA0A036BD1CBF31303002B67D114
:10F590002BF000431B0D1B05B3F1D66F60D96369D7
:10F5A00013B92369012B5BDD21460122059802F086
:10F5B00017FE4146044602F07FFE002850DD2BF086
:10F5C0000043089A1B0D1B05002A6AD0B3F1D66FC1
:10F5D00067D8B3F15C7F7FF69DAE0A4B5046594623
:10F5E0000022F1F711F8084B0B4082468B46002BA6
:10F5F0007FF408AE059A2223136003E6A83E0108B3
:10F6000002FCFFFF000050390000F07FCDF828B069
:10F6100065D10F9ACBF313035AB39F4A93422BD170
:10F62000089B514603B39D4B5A461340B3F1D46F28
:10F630004FF0FF321BD81B0DC3F16B0302FA03F32B
:10F64000994219D1964B0A9A9A4202D101313FF45C
:10F65000CEAD924B0A9A1A4002F5801B4FF0000A79
:10F66000089B002BB9D1CDE54FF0FF33E8E71346F7
:10F67000E6E753EA0A03A2D0109BDBB10A9A1342D1
:10F68000EED00F9B089A50465946BBB1FFF76DFB71
:10F69000DDE90C0153EC102BF0F700FE82468B469F
:10F6A000DEE7A3F580136FEA135B6FEA0B5B4FF0A5
:10F6B000FF3AD5E7139B13EA0A0FE1E7FFF755FB83
:10F6C000DDE90C0153EC102BF0F7E6FD00220023DE
:10F6D00082468B46F1F700FA0028C1D01AE641466F
:10F6E000204602F061FF57EC106B00224FF0804380
:10F6F00030463946F1F704FA00286FD00F9B002BF3
:10F700007AD1BAF1000F58D10A9BC3F31303002B2F
:10F710005AD1644B002230463946F1F7E7F9002808
:10F7200059D130463946604B0022F0F76DFF06464E
:10F730000F4607F1004306960793DDE90623574D70
:10F74000CDE910230A9B1D40584B9D4240F0B280EA
:10F750000A9BA3F1547B4BEC10AB02F05DFEDDE99C
:10F76000062351EC100BF0F74FFF52465B46F0F7C3
:10F7700095FD0B4649494E4A19409142824642D96D
:10F780000D9A474B9A4203D10C9B01333FF42FADA6
:10F79000DFF80CB14FF0FF3A1A99059802F010FB10
:10F7A0000598494602F00CFB0598414602F008FB1B
:10F7B0000598214602F004FB19E6BAF1010F03D1C6
:10F7C0000A9B002B3FF4A6AD9FED2B7B354F8DEDB3
:10F7D000067B0026B1E7344F0026AAE7324B3046BD
:10F7E00039460022F0F710FF0F9B06460F46002B0C
:10F7F0009FD0CDE90667A0E79FED217B8DED067BCD
:10F8000057EC176B99E703F1547B089BCDF828B0B0
:10F81000002BC1D12BF000431B0D1B059D42BBD11A
:10F8200030463946F1F75EFBF0F7C0FE02460B4664
:10F8300030463946F0F730FD0B460246CDE90C2341
:10F84000CBF313060F9B46EA0A061E436FD00EA3A6
:10F85000D3E90023F1F74AF900287FF4D3AC0CA3D5
:10F86000D3E90023DDE90C01F1F75EF9002893D01C
:10F87000C8E400BFAFF30080000000000000F0BF4C
:10F88000000000000000F03F9535A094FFFFDF3F2F
:10F8900035E5AF350000E03FFFFF0F000000F07FCF
:10F8A000FFFFEF7F0000F03F0000E03F0000E07F3F
:10F8B000FFFF9F7C089B23B3B5F1D46F21D828A309
:10F8C000D3E9002330463946F1F71AF9A0B1394699
:10F8D0003046F1F771F9012838BF0120F0F71AFE20
:10F8E0000F9B06460F46FBB901F100431490159398
:10F8F000DDE91423CDE91023119B03F1D6635B1BD3
:10F9000011939DED0C0BDDE910AB02F085FD504627
:10F9100053EC102B5946F0F777FEDDE90C23F0F796
:10F92000BDFC82468B4670E7CDE91467E0E70EA385
:10F93000D3E90023F1F7DAF898E700230E93179A3A
:10F94000199B1360FFF76DBA652A3FF468AB452A2F
:10F950003FF465AB0123FFF7A0BB00BFAFF300800E
:10F960000000C0FFFFFFDF419535A094FFFFCF3FB0
:10F970000A4601460248034B0068FFF715BA00BF6C
:10F98000B80200204C010020242B2DE9F0478646C8
:10F99000904601D8012B06D100F0CAFE1623036061
:10F9A0000020BDE8F08734480D462A4615F8014B83
:10F9B000065D16F00806F8D12D2C10D12C78012602
:10F9C000951C33F0100215D1302C0DD12A7802F09D
:10F9D000DF02582A08D16C78023510230AE02B2C5C
:10F9E00004BF2C78951CECE7002BF6D1302C14BF0B
:10F9F0000A23082306F1004C0CF1FF3C0022BCFB5B
:10FA0000F3F9104603FB19CAA4F13007092F0FD8E8
:10FA10003C46A3421BDD571C07D0814514D301D1BE
:10FA2000A24511DB00FB0340012215F8014BEBE777
:10FA3000A4F14107192F01D8373CEAE7A4F1610787
:10FA4000192F04D8573CE4E74FF0FF32EDE7531C81
:10FA500008D12223CEF800306046B8F1000FA0D0C4
:10FA6000691E06E006B14042B8F1000F99D0002AA5
:10FA7000F6D1C8F8001094E7D13E010813460A46B3
:10FA8000014602480068FFF77FBF00BFB8020020B0
:10FA90002DE9FF4757EC106B002F0C4619463B46EB
:10FAA000BBBF07F100431F4600232D230B700D9BA6
:10FAB000DDF830A0914623F02008BCBF3246164640
:10FAC000B8F1460F05D0B8F1450F00D1013402213D
:10FAD00000E0032103AB019302AB009347EC106BF2
:10FAE0005346224600F010FFB8F1470F054619D1E2
:10FAF00019F0010F0ED000EB04090022002330465C
:10FB00003946F0F7E9FF08B1CDF80C903022039B9D
:10FB10004B451ED3039B0E9A5B1B2846136004B013
:10FB2000BDE8F087B8F1460F00EB0409E5D1037892
:10FB3000302B0AD10022002330463946F0F7CCFFA3
:10FB400018B9C4F10104CAF80040DAF80030994449
:10FB5000D3E7591C03911A70D9E7F7B50029BABF4A
:10FB600049422D232B2309290270437029DD0DF111
:10FB700007031D460A271A46B1FBF7F607FB1614C2
:10FB8000303402F8014C0C46632C03F1FF3331464C
:10FB9000F1DC3031941E03F8011C411C2346AB42BA
:10FBA0000AD30DF109039B1AAC4288BF002302332C
:10FBB0000344181A03B0F0BD13F8016B01F8016F8C
:10FBC000EDE7302330318370C170031DF1E7000091
:10FBD0002DE9F04F8DB00C46DDF8588016461F46D3
:10FBE000054600F05BFD036804931846F0F748FBF8
:10FBF00000230A93D8F800300590073323F0070359
:10FC000003F1080294F818A0D4F800B0C8F8002056
:10FC1000D3E9008929F000430793CDF81880C4E99F
:10FC20001289DDE906019C4B4FF0FF32F0F786FFA9
:10FC300070BBDDE90601984B4FF0FF32F0F760FF33
:10FC400030BB0022002340464946F0F74FFF10B179
:10FC50002D2384F84330914A914BBAF1470F8CBF62
:10FC600090469846032323612BF0040323604FF052
:10FC70000009009733460BAA2146284600F0D2F926
:10FC8000013040F08D804FF0FF300DB0BDE8F08FB7
:10FC900042464B4640464946F0F750FF40B14B467E
:10FCA000002BBCBF2D2384F843307E4A7E4BD4E723
:10FCB00063680AF0DF0206925A1C3BD10623636098
:10FCC0004BF480620023226003930AABCDE901A3C9
:10FCD00009AB0093616849EC108B0DF123032846B2
:10FCE000FFF7D6FE069B0999472B804629D1C81CF1
:10FCF00002DB6368994241DDAAF1020A5FFA8AFADF
:10FD00000139524604F150000991FFF726FF0A9A83
:10FD10001318012A8146236102DC2268D20701D52B
:10FD2000013323619DF82330002BA2D02D2384F8CA
:10FD300043309EE7069A472AC2D1002BC0D1012347
:10FD4000BDE7BAF1650FDBD9BAF1660F18D100290A
:10FD500063680BDD216113B92268D00702D5013336
:10FD60000B442361A1654FF00009DBE713B922685A
:10FD7000D20701D50233F4E70123F2E74FF0670A17
:10FD80000A9B994205DB23682161D807EAD54B1C01
:10FD9000E7E70029D4BFC1F1020201221344E0E7E2
:10FDA00023685A0507D42369424631462846B84796
:10FDB00001302BD167E7BAF1650F40F2DD80D4E95D
:10FDC000120100220023F0F787FE002833D0374AC3
:10FDD000012331462846B84701303FF454AFDDE9EE
:10FDE0000938434502DB2368D8070FD5DDE9042332
:10FDF00031462846B84701303FF445AF4FF000097F
:10FE000008F1FF3804F11A0AC84509DC23689B078A
:10FE100000F10381E0680B9B9842B8BF184634E7B5
:10FE20000123524631462846B84701303FF42BAFF4
:10FE300009F10109E8E7099B002B39DC1B4A012382
:10FE400031462846B84701303FF41DAFDDE9093996
:10FE500059EA030302D12368D907D7D5DDE9042382
:10FE600031462846B84701303FF40DAF4FF0000A45
:10FE700004F11A0B099B5B42534501DC4B4693E7A7
:10FE800001235A4631462846B84701303FF4FBAEBD
:10FE90000AF1010AEEE700BFFFFFEF7F5A3C0108BD
:10FEA000563C0108623C01085E3C0108663C0108C2
:10FEB000A36DDDF828A05345A8BF5346002B9946F3
:10FEC00036DC4FF0000B29EAE97904F11A02A36D40
:10FED0000693A3EB09035B4531DC099B9A453ADCA9
:10FEE0002368DA0737D4099BAAEB0309069BAAEB20
:10FEF00003039945A8BF9946B9F1000F33DC4FF0D1
:10FF0000000829EAE97904F11A0B099BAAEB03031B
:10FF1000A3EB090343457FF779AF01235A463146E6
:10FF20002846B84701303FF4AEAE08F10108ECE7CF
:10FF3000424631462846B8470130C2D1A3E60123E4
:10FF4000314628460692B84701303FF49CAE069AE7
:10FF50000BF1010BBBE7DDE9042331462846B84726
:10FF60000130C0D18FE6069A4B46424431462846BE
:10FF7000B8470130C3D186E6DDF828A0BAF1010FF9
:10FF800001DCDB0736D50123424631462846B84717
:10FF900001303FF478AEDDE9042331462846B84706
:10FFA00001303FF470AED4E91201002200230AF1BF
:10FFB000FF3AF0F791FDC0B9534608F1010231460E
:10FFC0002846B84701300CD15DE601235A46314638
:10FFD0002846B84701303FF456AE08F10108D04535
:10FFE000F3DB4B4604F15002DFE64FF0000804F16A
:10FFF0001A0BF4E701234246E1E701234A46314662
:020000040801F1
:100000002846B84701303FF43EAE08F10108E368E6
:100010000B995B1A4345F0DCFCE64FF0000804F155
:100020001909F4E72DE9F047164698468A680B69E6
:10003000DDF820909342B8BF1346336091F8432017
:1000400007460C460AB1013333602368990642BF64
:10005000336802333360256815F0060506D104F1D4
:10006000190AE36832689B1AAB4226DC94F84330E5
:100070002268003B18BF012392062BD404F14302EF
:1000800041463846C84701301ED02368226903F034
:100090000603042B02BFE5683368ED1AA3680CBFA2
:1000A00025EAE57500259342C4BF9B1AED1800268A
:1000B0001A34B5421AD1002008E0012352464146C5
:1000C0003846C847013003D14FF0FF30BDE8F08714
:1000D0000135C6E7E1185A1C302081F8430022445C
:1000E00094F8451082F843100233C7E701232246F3
:1000F00041463846C8470130E6D00136D9E700000E
:100100002DE9FF470F7E0C9E782F914680460C46C6
:100110009A4601F1430207D8622F0AD8002F00F057
:10012000D180582F00F0B88004F1420684F8427064
:100130003AE0A7F16303152BF6D801A151F823F09B
:1001400099010108AD0101082901010829010108EF
:100150002901010829010108AD010108290101084F
:10016000290101082901010829010108AB02010840
:10017000D7010108650201082901010829010108C8
:10018000CD02010829010108D70101082901010850
:10019000290101086D02010833681A1D1B683260CD
:1001A00004F1420684F8423001239CE03368206861
:1001B000191D3160060601D51D6803E04506FBD513
:1001C000B3F90050002D03DA2D236D4284F843303B
:1001D00058480A2311E021683368080653F8045B85
:1001E00002D4490648BFADB26F2F5248336014BFE6
:1001F0000A230823002184F843106668A660002EB5
:1002000005DB21682E4321F0040121604BD0164606
:10021000B5FBF3F103FB1157C75D06F8017D2F46CF
:10022000BB420D46F4D9082B0BD12368DF0708D554
:10023000236961689942DEBF302306F8013C06F16C
:10024000FF36921B2261CDF800A04B4603AA21463F
:100250004046FFF7E7FE01304AD14FF0FF3004B0CF
:10026000BDE8F087236843F02003236032487827F5
:1002700084F84570236831681F0651F8045B02D486
:100280005F0648BFADB23160D90744BF43F02003D9
:1002900023601DB11023ADE72648E9E7236823F06A
:1002A00020032360F6E71646BDE7336825686169D9
:1002B000181D30602E061B6801D5196002E0680623
:1002C000FBD51980002323611646BCE733681A1D4D
:1002D00032601E68626800213046EFF781FF08B186
:1002E000801B606063682361002384F84330AAE7C1
:1002F0002369324649464046D0470130ADD0236895
:100300009B0713D4E068039B9842B8BF1846A6E742
:100310000123324649464046D04701309DD0013541
:10032000E36803995B1AAB42F2DCEBE7002504F1CA
:100330001906F5E7683C0108793C0108002310B56F
:100340000446C0E90033C0E9043383608181436619
:10035000C2818361194608225C3000F016F90D4B0A
:1003600063620D4BA3620D4BE3620D4B23630D4B98
:1003700024629C4206D003F16802944202D0D0333A
:100380009C4205D104F15800BDE8104000F0FAB9D4
:1003900010BD00BF05050108270501085F0501081C
:1003A00083050108C4210020024A0349034800F0E4
:1003B00069B800BF40010020652A0108BC02002086
:1003C00041680C4B994210B5044601D002F04AFB3B
:1003D000A168094B994202D0204602F043FBE16834
:1003E000064B994204D02046BDE8104002F03ABBCB
:1003F00010BD00BFC42100202C2200209422002028
:1004000010B50B4B0B4C0C4A1A60204600220421FD
:10041000FFF794FF04F1680001220921FFF78EFF26
:1004200004F1D0000222BDE810401221FFF786BF80
:10043000FC220020C4210020A9030108014800F08B
:10044000A2B900BF05230020014800F09DB900BFFC
:100450000523002010B50446FFF7F0FF236A1BB107
:10046000BDE81040FFF7F0BF044B2362044B1B684C
:10047000002BF5D1FFF7C4FFF2E700BFC10301086D
:10048000FC2200202DE9F843074688461446002642
:10049000D4E90195B9F1010905D52468002CF7D1FB
:1004A0003046BDE8F883AB89012B07D9B5F90E308A
:1004B000013303D029463846C04706436835E9E78B
:1004C0000EB410B59DB01FAB029006906FF00041C6
:1004D0000A48079104910A4953F8042B0591002416
:1004E00002A9006801931B9402F03CF9029B1C7066
:1004F0001DB0BDE8104003B0704700BFB802002037
:100500000802FFFF10B50C46B1F90E1000F0ECF830
:100510000028ABBF636DA3891B1823F48053ACBFC5
:100520006365A38110BD2DE9F0411F468B89DB0572
:1005300005460C46164605D5B1F90E1002230022D9
:1005400000F0C0F8A389B4F90E1023F48053A381FE
:1005500032463B462846BDE8F04100F0D7B810B51A
:100560000C46B1F90E1000F0ADF8431CA38915BF7D
:10057000606523F4805343F48053A38118BFA381A3
:1005800010BDB1F90E1000F08DB80244034693423D
:1005900000D1704703F8011BF9E710B56AB10139C2
:1005A000841810F8012B11F8013F9A4203D1A042A0
:1005B00001D0002AF5D1D01A10BD1046FCE710B5C5
:1005C0000139034632B111F8014F03F8014B013AEA
:1005D000002CF7D11A440021934200D110BD03F83A
:1005E000011BF9E7164B2DE9F0411F687C6C0546AD
:1005F0000E46ECB9502001F0DBFA0246786420B9CF
:10060000104B11485B2100F0D7F8C0E90044C0E965
:100610000244C0E90444C0E90A44C0E90C44C0E90A
:100620000E44C0E91044C0E9124484610477446276
:100630007A6C314628460123BDE8F04100F006B847
:10064000B80200208A3C0108A13C0108F0B504462C
:1006500008B9146844B1204614F8015B0F4617F836
:10066000016B1EB965B91560002005E0B542F6D1F1
:10067000002BF0D114600370F0BD1C460CE01DB9D6
:10068000274614F8013B0E4616F8015BAB42F6D143
:10069000002BF2D000233B701460EDE70048704758
:1006A0003C02002038B5064D0023044608462B6066
:1006B000F3F71AFB431C02D12B6803B1236038BD4A
:1006C0000023002038B5074D044608461146002295
:1006D0002A601A46F3F72FFB431C02D12B6803B1A3
:1006E000236038BD0023002038B5074D0446084676
:1006F000114600222A601A46F3F7BDFA431C02D1C4
:100700002B6803B1236038BD0023002038B5074DA6
:1007100004460846114600222A601A46F3F7C8FA32
:10072000431C02D12B6803B1236038BD0023002095
:10073000014B1868704700BFB802002070B50D4D1E
:100740000D4C641BA4100026A64209D10B4D0C4C85
:1007500003F0C0F8641BA4100026A64205D170BDAA
:1007600055F8043B98470136EEE755F8043B9847A7
:100770000136F2E7F0400108F0400108F0400108BE
:10078000F44001087047704770470A44914200F1F5
:10079000FF3300D1704710B511F8014B03F8014F3A
:1007A0009142F9D110BD00009FED010B704700BFD1
:1007B000000000000000F87F1FB514461A46094BE0
:1007C0001B680546D8684CB1074B0091CDE9013450
:1007D00006492B4602F06EF902F0A8F9044B1C46BC
:1007E000F3E700BFB8020020033D0108103D0108F7
:1007F0003E3D01082DE9F74F03690C69A342074606
:100800007EDB013C01F11408A30000F11405009304
:1008100005EB8403019358F8243055F82420013364
:100820009A4208EB8409B2FBF3F62ED34FF0000A8C
:10083000C446AE46D3465CF8043B98B206FB00A023
:10084000020C1B0C06FB0323DEF8002080B292B2E0
:10085000121A5A44DEF800004FEA134A9BB2C3EB67
:10086000224303EB104392B242EA0342E1454EF8C1
:10087000042B4FEA234BDED2009BEB582BB9019B94
:10088000043B9D421A462FD33C61384601F014FDCB
:10089000002825DB2946002058F8042BD1F800C099
:1008A0001FFA82FE1FFA8CF3A3EB0E030344120C13
:1008B000C2EB234202EB1C429BB243EA0243C14516
:1008C00041F8043B4FEA2240E6D255F8242005EBDC
:1008D000840322B9043B9D421A460BD33C61013686
:1008E000304603B0BDE8F08F1268043B002ACBD13C
:1008F000013CC6E71268043B002AEFD1013CEAE75D
:100900000020EEE7000000002DE9F04FC76997B026
:100910008DED040B55EC104B209E079181460C92F7
:1009200011937FB9102001F043F90246C9F81C0069
:1009300020B9A94BEF21A948FFF73EFFC0E9017795
:100940000760C760D9F81C30196859B15A684A6005
:10095000012393408B60484601F032FAD9F81C30ED
:1009600000221A602B1EB9BF23F000430593002319
:100970003360059F9A4BBCBF01223260BB4312D14A
:10098000119A42F20F731360C7F31303234300F06D
:100990005A85219BDFF85CA2002B00F05C850AF1F0
:1009A000030300F056BD9DED047B002251EC170BB4
:1009B00000238DED0A7BF0F78FF8804658B1119A2D
:1009C00001231360219B13B1219A864B1360DFF83A
:1009D00028A200F040BD9DED0A0B14AA15A94846B7
:1009E00001F08AFDC7F30A560290002E78D00B9BC7
:1009F000CDF84880C3F31303DDE90A0143F07F53C8
:100A000043F44013A6F2FF3619460022764BEFF767
:100A100043FC6BA3D3E90023EFF7F6FD6AA3D3E908
:100A20000023EFF73BFC044630460D46EFF782FD0E
:100A300067A3D3E90023EFF7E7FD02460B46204604
:100A40002946EFF72BFC04460D46F0F78DF80022FF
:100A50000746002320462946F0F748F840B13846BB
:100A6000EFF768FD22462B46F0F736F800B9013F54
:100A7000162F52D85D4B03EBC703D3E90023DDE902
:100A80000A01F0F733F8002849D0013F0023109302
:100A9000149B9B1B5A1E45BFC3F101030093002307
:100AA0000023069254BF00930693002F39DB069B68
:100AB0000D973B44069300230893079B092B63D8AB
:100AC000052BC4BF043B0793079BA3F10203CCBFD4
:100AD00000240124032B63D8DFE803F05254372BA2
:100AE000DDE914631E4406F23243202BC1BFC3F17B
:100AF00040039F4006F2124324FA03F3D6BFC3F12A
:100B0000200347EA030004FA03F0EFF703FD012294
:100B1000A1F1F873013E129276E70123B7E7109036
:100B2000B6E7009BDB1B00937B42089300230D93E9
:100B3000C3E7012309930C9B07EB030B0BF10103A4
:100B4000012B0393B8BF012306E0012309930C9BFB
:100B5000002B28DD9B460393D9F81C0000210422BA
:100B600002F114059D4226D94160484601F0E8F89B
:100B70008246002842D11E4B024640F2AF11DAE60F
:100B80000023E3E70023D5E701240023079309941A
:100B90004FF0FF3B0022CDF80CB012230C92DBE7A4
:100BA00001230993F4E74FF0010BCDF80CB05B463D
:100BB000CDF830B0D0E701315200D1E7AFF300807B
:100BC00061436F63A787D23FB3C8608B288AC63F53
:100BD000FB799F501344D33F8A3C01084C3D0108E8
:100BE0000000F07F673C01080000F83F0840010862
:100BF000A43D0108483D0108663C0108D9F81C30B5
:100C00001860039B0E2B00F2A180002C00F09E8048
:100C1000002F33DD9C4B07F00F0203EBC20393ED73
:100C2000007BF8058DED0E7B4FEA271416D5974B08
:100C3000DDE90A01D3E90823EFF710FECDE904014D
:100C400004F00F040326914D54B9DDE90E23DDE9CC
:100C50000401EFF703FECDE9040128E00226F2E7E4
:100C6000E10708D5DDE90E01D5E90023EFF7CCFC5B
:100C7000CDE90E01013664100835E5E700F0AF80DC
:100C80007C42814B814D04F00F0203EBC203D3E998
:100C90000023DDE90A01EFF7B7FCCDE904012411D7
:100CA00000230226002C40F08F80002BD3D1109B14
:100CB000DDE90445002B00F09480754B00222046AE
:100CC0002946EFF713FF002800F08B80039B002BD1
:100CD00000F08780BBF1000F34DD20466D4B002211
:100CE0002946EFF791FCCDE9040107F1FF38013601
:100CF0005C463046EFF71EFCDDE90423EFF784FC89
:100D0000654B0022EFF7CAFA0546A1F15076002C98
:100D10006AD1DDE90401614B0022EFF7BDFA02461A
:100D20000B46CDE904232A463346EFF7FDFE0028A3
:100D300040F09882DDE904012A4606F10043EFF70E
:100D4000D5FE38BBDDE90A34CDE90434159B002B10
:100D5000C0F257810E2F00F354814B4B03EBC703B6
:100D600093ED007B0C9B002B8DED007B80F2E580EA
:100D7000039B002B00F3E1800CD1484B002251EC87
:100D8000170BEFF741FCDDE90423EFF7C3FE002862
:100D900000F06682002425460C9B56466FEA030845
:100DA00000272146484601F00BF8002D00F0BD80D9
:100DB0002FB1AF4203D03946484601F001F8294629
:100DC000484600F0FDFFB0E0E20705D5D5E9002375
:100DD000EFF71AFC013601236410083562E702269A
:100DE00065E7039CB84684E7274B099903EBC403E6
:100DF00053E902235444002954D029490020EFF735
:100E00002DFD33462A46EFF747FACDE90E01564647
:100E1000DDE90401EFF7A8FE0546EFF78BFB02467C
:100E20000B46DDE90401EFF737FA303502460B4691
:100E3000CDE9042306F8015BDDE90E23EFF756FE4A
:100E4000002872D1DDE9042311490020EFF724FACC
:100E5000DDE90E23EFF74AFE002840F0B480A642F9
:100E60003FF470AFDDE90E010A4B0022EFF7CCFB37
:100E7000084BCDE90E010022DDE90401EFF7C4FBC8
:100E8000CDE90401C4E700BF08400108E03F0108C4
:100E90000000F03F0000244000001C40000014400F
:100EA0000000E03F31462846EFF7AEFBCDE90E01EA
:100EB00013945646DDE90401EFF756FE0546EFF7B9
:100EC00039FB02460B46DDE90401EFF7E5F9303561
:100ED00006F8015B02460B46A642CDE904234FF01B
:100EE000000224D1AF4BDDE90E01EFF7D7F902463E
:100EF0000B46DDE90401EFF717FE002863D1DDE9B9
:100F00000E23A8490020EFF7C7F902460B46DDE99A
:100F10000401EFF7EBFD00283FF414AF139E731E9E
:100F2000139316F8013C302BF8D047463BE09E4B1C
:100F3000EFF76AFBCDE90401BCE7DDE9044556465D
:100F4000DDE9002320462946EFF788FCEFF70CFE89
:100F50008046EFF7EFFADDE90023EFF755FB024695
:100F60000B462046294608F13004EFF795F906F8BC
:100F7000014B039DA6EB0A04A54202460B4633D162
:100F8000EFF78CF9DDE9002304460D46EFF7CCFDC1
:100F9000C0B9DDE9002320462946EFF79DFD10B1D9
:100FA00018F0010F0ED10299484600F009FF002306
:100FB0003370119B01371F60219B002B00F04B8287
:100FC0001E6048E2B84633461E4613F8012D392A02
:100FD00006D19A45F8D1302208F101088AF800209C
:100FE0001A7801321A70A0E76F4B0022EFF70CFB62
:100FF0000022002304460D46EFF76EFD00289FD027
:10100000D1E7099A002A00F0EA80079A012A00F342
:10101000CD80129A002A00F0C18003F23343089C6D
:10102000009E009A1A440092069A01211A444846EA
:10103000069200F0C3FF054666B1069B002B09DD52
:10104000B342009AA8BF3346D21A0092069AF61A03
:10105000D31A0693089B0BB3099B002B00F0C680A4
:10106000002C00F0C08029462246484601F05EF878
:10107000029A01460546484600F0B6FF02998046AE
:10108000484600F09DFE089B1B1B089300F0B180B2
:10109000089A4146484601F049F802900121484625
:1010A00000F08CFF0D9B0446002B00F0D8811A46FF
:1010B0000146484601F03AF8079B012B044600F32D
:1010C0009F80049B002B40F09780059BC3F3130384
:1010D000002B40F09380059B23F000431B0D1B0564
:1010E00033B1009B01330093069B01330693012328
:1010F00008930D9B002B00F0B881236904EB830358
:10110000186900F00FFFC0F12000069B184410F092
:101110001F0000F08280C0F12003042B73DD009BD0
:10112000C0F11C0003440093069B0344064406934D
:10113000009B002B05DD02991A46484601F050F845
:101140000290069B002B05DD21461A46484601F019
:1011500047F80446109B002B61D00298214601F00D
:10116000ABF800285BDA002302990A22484600F017
:1011700049FE099B029007F1FF38002B00F07781B0
:10118000294600230A22484600F03CFEBBF1000F2E
:1011900005466FDC079B022B49DC6BE0149BC3F117
:1011A00036033CE70000E03F00002440039B5C1E48
:1011B000089BA34209DB1C1B039B002BBFF630AF2F
:1011C000009B039A9E1A00232BE7089B0D9A089414
:1011D000E31A1A44009E039B0D92002421E7089C09
:1011E000009E099D28E7DDF8088051E7089A0299DA
:1011F00050E7CDF8088051E7002379E7049B77E7B3
:101200000023089379E793D0009A1C331A44009284
:10121000069A1A441E4406928AE70346F4E7039BA3
:10122000002BB84620DC9B46079B022B1EDDBBF142
:10123000000F7FF4B1AD21465B460522484600F021
:10124000E1FD01460446029801F036F800287FF7D8
:10125000A3AD5646312306F8013B08F101089FE58E
:10126000039CB8462546F4E7DDF80CB0099B002B3B
:1012700000F00181002E05DD29463246484600F087
:10128000AFFF0546089B002B5CD06968484600F01C
:1012900057FD064628B9824B024640F2EF21FFF780
:1012A0004ABB2A690232920005F10C010C30FFF7AB
:1012B0006CFA01223146484600F092FF0AF1010320
:1012C00000930AEB0B030893049B03F001032F46E2
:1012D00006930546009B0298214603F1FF3BFFF76A
:1012E00089FA03463033039039460298099300F097
:1012F000E3FF2A4604902146484600F0F9FFC26801
:10130000099B064602BB0146029800F0D5FF099BE7
:101310000246314648460C92099300F051FD079B66
:101320000C9A009E42EA0301069B1943099B0DD1CA
:10133000392B27D0049A002A01DD039B31338BF827
:1013400000302EE52846B9E70122E2E7049900299A
:1013500004DB079801430698014320D1002AEEDD03
:10136000029900930122484600F03AFF214602907C
:1013700000F0A2FF0028009B02DCE0D1DA07DED5F6
:10138000392BDAD139238BF8003033461E46013B26
:1013900016F8012C392A4ED001321A7001E5002AC4
:1013A00003DD392BEED00133C9E7009A089902F822
:1013B000013C8A4228D0029900230A22484600F0C4
:1013C00021FDAF4202904FF000034FF00A02394670
:1013D000484607D100F016FD07460546009B01333D
:1013E000009377E700F00EFD2946074600230A2206
:1013F000484600F007FD0546F0E7BBF1000FCCBF03
:101400005E46012656440027029900930122484671
:1014100000F0E6FE2146029000F04EFF0028B4DC0A
:1014200002D1009BDB07B0D433461E4613F8012DD2
:10143000302AFAD0B5E49A45A8D1312308F1010841
:101440008AF80030ADE4219BDFF858A01BB10AF107
:101450000803219A1360504617B0BDE8F08F079B30
:10146000012B7FF72EAE0D9B089301204DE6BBF1BB
:10147000000F7FF7D9AE564602982146FFF7BAF91A
:1014800000F1300306F8013BA6EB0A029345B4DDF8
:10149000029900230A22484600F0B4FC0290EBE7D0
:1014A000A43D01083F3D010838B50546002941D05B
:1014B00051F8043C0C1F002BB8BFE41800F034FCBA
:1014C0001D4A136833B9636014602846BDE838408C
:1014D00000F030BCA34208D9206821188B4201BF1C
:1014E00019685B6809182160EDE71A465B680BB163
:1014F000A342FAD911685018A0420BD120680144C8
:10150000501883421160E0D118685B68536008444A
:101510001060DAE702D90C232B60D6E72068211887
:101520008B4204BF19685B68636004BF09182160BF
:101530005460CAE738BD00BF0C2300200369B3EB39
:10154000611F2DE9F0434FEA611200F1140445DDFB
:1015500011F01F0104EB830604EB82050CD100F1AE
:1015600010072946B14234D39B1A9B00EA1E9642CB
:1015700038BF0023234415E054F82270C1F120083D
:10158000CF4005F1040EA1467645F44615D89A1AC7
:101590009200043A0135AE4238BF0022A318A7508A
:1015A00007B104331A1BA3424FEAA20208BF00236B
:1015B000026108BF4361BDE8F083DCF800C00CFAAB
:1015C00008FC4CEA070749F8047B5EF8047BCF402F
:1015D000DAE751F804CB47F804CFC3E72346E1E745
:1015E000A0F13003092B02D82038C0B27047A0F117
:1015F0006103052B01D84738F7E7A0F14103052B1C
:1016000001D82738F1E70020704700002DE9F04F9E
:1016100085B08A4602930B68019090469C1CA146B7
:1016200014F8010B3028FAD0A9EB0303A3F1020B45
:10163000FFF7D6FF0546002868D1A0490122484699
:10164000FEF7ABFF0746002867D199F80100264650
:10165000FFF7C6FF002862D0234618783028994645
:1016600003F10103F9D0FFF7BBFFB0FA80F56D0974
:101670004FF0010B4A46164601323078FFF7B0FFB3
:101680000028F8D18D4901223046FEF786FF002858
:101690003FD144B9741C2246164601323078FFF718
:1016A0009FFF0028F8D1A41BA700337803F0DF03C5
:1016B000502B3ED173782B2B33D02D2B34D0711C73
:1016C00000240878FFF78CFF431EDBB2182B30D8BC
:1016D000A0F1100211F8010FFFF782FF00F1FF3CAB
:1016E0005FFA8CFCBCF1180F4FF00A031ED904B14D
:1016F00052421744CAF80010EDB1BBF1000F0CBF05
:1017000006250025284605B0BDE8F08F00252C46AB
:10171000B0E7002CC7D12746C7E74E462F46012524
:10172000C3E70024B11CCCE70124FBE703FB020064
:10173000CEE73146DEE7A6EB0903013B2946072B3E
:101740000ADC019800F0FCFA044640B95C4B024602
:10175000E4215C48FFF730F801315B10EFE700F15E
:10176000140A002355469B46B14537D345F804BBC0
:10177000A5EB0A05AD102561584600F0D3FB6D01BD
:10178000D8F800602D1AB54254DDAD1B294620461D
:1017900000F05FFF814678B16B1E591103F01F0204
:1017A0005AF821104FF0010909FA02F20A4203D057
:1017B0004B4536DC4FF0020929462046FFF7BEFEB6
:1017C0002F44D8F80830BB4242DA0198214600F095
:1017D000F7FA0E9A00231360A32593E716F8012D5C
:1017E0002E2A12D0202B04D145F804BB4FF0000B59
:1017F0005B4630780393FFF7F3FE039B00F00F0086
:1018000098404BEA000B0433AEE7B145EAD82B49C8
:10181000039301223046FEF7C0FE039B0028E1D16E
:10182000A2E7A91E204600F014FF0028C2D04FF006
:101830000309C1E709DA751B214601982A4600F021
:10184000CFFC7F1B044600F1140A4FF00009B8E7F3
:10185000D8F80450BD426FDDED1BAE4234DCD8F841
:101860000C30022B22D0032B24D0012B15D1AE42F9
:1018700013D1012E0BD1029AD8F804301360012342
:101880002361CAF800300E9B62251C603AE7711E86
:10189000204600F0DEFE0028EDD10198214600F040
:1018A0008FFA0E9A0023136050252BE70F9B002B15
:1018B000F3D1E0E70F9B002BDDD1EEE7543C0108AC
:1018C000A43D0108B53D01086F1EB9F1000F30D1EC
:1018D00027B13946204600F0BCFE81467A1101232B
:1018E0005AF8222007F01F07BB4013422946204622
:1018F00018BF49F00209FFF721FED8F80470761BE3
:101900000225B9F1000F47D0D8F80C30022B15D0C2
:10191000032B17D0012B09D119F0020F06D0DAF8EA
:10192000003049EA030919F0010F0ED145F0100506
:1019300032E04FF00109D1E70125E2E70F9BC3F147
:1019400001030F930F9B002BF0D0D4F810B004F1DB
:1019500014034FEA8B0A03EB8B014FF0000C18467F
:1019600053F8042BB2F1FF3F1BD001320260022D6D
:1019700004F114033CD1D8F80020013AB24209D155
:101980007111012253F8213006F01F0602FA06F603
:101990001E423AD145F020050E9B1C60029B1F6041
:1019A000B0E6994243F804CCD9D8A3689B4517DB2D
:1019B00061680198013100F0C3F9814618B91A4BEA
:1019C00002468421C5E62269023204F10C0192002C
:1019D0000C30FEF7DAFE2146019800F0F1F94C4692
:1019E00023695A1C04EB8303226101225A61BEE77A
:1019F00022695A450BDD01212046FFF79FFDD8F8EB
:101A000008300137BB42FFF6E0AE0125C2E716F011
:101A10001F06FAD05344C6F1200653F8040C00F018
:101A200081FAB042E7DBF0E7A43D0108C2F1080209
:101A3000920070B5C2F120064368046803FA06F507
:101A40002C43D340046040F8043F8842F4D370BD77
:101A500030B50368013311F8014B14B9036001205C
:101A600030BD13F8012BA2F14105192D98BF20328A
:101A7000A242F0D00020F3E72DE9F04F0B68016897
:101A80005E1102EB860613F01F0387B018BF043601
:101A90000025371F82469046019346F8045CB946FC
:101AA0003C460295AB464A784B1C039342B3104622
:101AB00005910492FFF794FD002851D1049A0599ED
:101AC000202A18D8029B9B4513DD4C4506D2072DD2
:101AD00004DC2A4649462046FFF7A8FF444552D970
:101AE0000023A4F1040944F8043CCDF808B04C46A6
:101AF0001D460399D7E7292A57D10231CAF80010A9
:101B0000BBF1000F51D04C4506D2072D04DC2A460C
:101B100049462046FFF78AFF444536D9A8F104021A
:101B2000234653F8041B42F8041F9F42F9D23B1B83
:101B300023F0030304330134033EB44288BF04237B
:101B40004344002243F8042B9F42FBD23B681BB95D
:101B5000474528D101233B60052007B0BDE8F08F41
:101B60000135082D0BF1010B06DD4445C1D90023D9
:101B700044F8043C0125043C226800F00F0040EAD0
:101B800002102060B5E70825B3E7019B002BDDD0EC
:101B9000C3F120034FF0FF32DA4056F8043C134003
:101BA00046F8043CD2E7043FD0E70420D5E7000024
:101BB000024B0146186800F025B800BFB8020020AB
:101BC00070B50F4E0C463168054611B900F09EFF06
:101BD00030602146284600F099FF431C03D14FF0A6
:101BE000FF34204670BDC41C24F00304A042F8D08A
:101BF000211A284600F08AFF0130F2D1EFE700BF3A
:101C0000082300202DE9F843CD1C25F003050835F5
:101C10000C2D38BF0C25002D064601DBA94204D946
:101C20000C2333600020BDE8F883DFF8D48000F097
:101C30007BF8D8F800301C4644BB29463046FFF7F5
:101C4000BFFF431C044658D1D8F800402746002F58
:101C500043D1002C4BD023683946304604EB0309AE
:101C600000F054FF814542D121686D1A2946304663
:101C7000FFF7A6FF01303AD023682B442360D8F841
:101C800000305A6862BBC8F800700FE02268521B2F
:101C900020D40B2A17D96119A342256018BF5960B7
:101CA000636808BFC8F8001062514B60304600F00E
:101CB00041F804F10B00231D20F00700C21A1CBFDD
:101CC0001B1AA350AFE76268A3420CBFC8F80020FC
:101CD0005A60EBE723466468AEE73C467F68B6E7A8
:101CE0001A465B68A342FBD100235360DEE70C2356
:101CF0003360304600F01EF894E70560D6E700BF79
:101D00000C23002082B001B901A942B14BB1137874
:101D10000B601278101E18BF012002B070471046E9
:101D2000FBE76FF00100F8E70148FEF72CBD00BFAC
:101D3000042300200148FEF727BD00BF0423002034
:101D400070B5C66904460D4676B91020FFF730FF1E
:101D50000246E06120B9184B18486B21FEF72CFDB4
:101D6000C0E901660660C660E669F36883B1E369AD
:101D7000DB6853F82500B8B9012101FA05F6721D98
:101D80009200204600F0D9FE60B1C0E901560EE095
:101D900021220421204600F0D0FEE369F060DB68D8
:101DA000002BE4D1002070BD026843F825200023F9
:101DB000C0E90333F7E700BF8A3C0108153E01087C
:101DC00070B5C66905460C4676B91020FFF7F0FEDF
:101DD0000246E86120B9094B09488F21FEF7ECFC67
:101DE000C0E901660660C6603CB1EB696268DB6809
:101DF00053F82210216043F8224070BD8A3C01084C
:101E0000153E01082DE9F0410D6907460C461E46B6
:101E100001F1140C0020DCF8003099B202FB0161E2
:101E20001E0C0B0C02FB063389B2013001EB03419F
:101E300085424CF8041B4FEA1346ECDC0EB3A36852
:101E4000AB4219DC616838460131FFF779FF804603
:101E500028B902460C4B0D48BA21FEF7ADFC2269A9
:101E6000023204F10C0192000C30FEF78EFC214688
:101E70003846FFF7A5FF444604EB850301355E6154
:101E800025612046BDE8F081A43D0108153E01080A
:101E90002DE9F8430C4615461F460922083306462D
:101EA00093FBF2F3002101229A4209DB3046FFF74F
:101EB00047FF40B90246194B1948D321FEF77CFC75
:101EC00052000131F0E7089B4361092D4FF00103F7
:101ED000036116DD04F10909C8462C4418F8013BDA
:101EE0000146303B0A223046FFF78CFFA045F5D172
:101EF000A5F108044C442D1B6319BB4204DBBDE86B
:101F0000F8830A340925F6E714F8013B0146303B13
:101F10000A223046FFF776FFEEE700BFA43D010836
:101F2000153E0108B0F5803F034636BF030400208C
:101F30001020B3F1807F3CBF1B020830B3F1805FFB
:101F40003CBF1B010430B3F1804F3CBF9B0002300B
:101F5000002B05DB13F0804F00F1010008BF2020AB
:101F600070470368024613F007000BD0D90721D44D
:101F7000980749BF5B089B08012013605CBF136092
:101F80000220704799B209B91B0C1020D9B209B9C7
:101F900008301B0A190704BF1B090430990704BF46
:101FA0009B080230D90703D45B0800F1010003D07D
:101FB00013607047002070472020704710B50C4612
:101FC0000121FFF7BDFE024628B9054B054840F246
:101FD0004511FEF7F1FB01234461036110BD00BF11
:101FE000A43D0108153E01082DE9F04F17460A6986
:101FF0003B699A42A8BF3B468946A4BF0F46994613
:102000003D69D9F810A0BB68796805EB0A06B342B0
:1020100085B0B8BF0131FFF793FE30B90246414B9E
:1020200041484FF4B171FEF7C7FB00F1140404EB13
:10203000860E23460022734520D307F1140809F1C8
:10204000140108EB850501EB8A030293EB1B153B9A
:1020500023F0030304331537BD4238BF0423019333
:10206000029B03918B420CD8002E03DD5EF8043DE9
:10207000002B55D0066105B0BDE8F08F43F8042B66
:10208000D9E7B1F800A0BAF1000F1FD0C446A146AD
:1020900000275CF8042BD9F800301FFA82FB9BB2B2
:1020A0000AFB0B333B44D9F80070120C3F0C0AFBBF
:1020B000027202EB13429BB243EA0243654549F8C0
:1020C000043B4FEA1247E4D8019BE750039BB3F867
:1020D00002900431B9F1000F20D023684746A4468E
:1020E0004FF0000AB7F800B0BCF8022009FB0B2241
:1020F00052449BB243EA02434CF8043B57F8043B7A
:102100004FEA134ABCF8003009FB0A3303EB1243D1
:10211000BD424FEA134AE5D8019AA35004349FE721
:10212000013EA1E7A43D0108153E01082DE9F84351
:10213000154612F0030207460E4607D0254C013A19
:10214000002354F82220FFF75DFE0646AD103DD077
:10215000FC697CB91020FFF72BFD0246F86128B915
:102160001D4B1E4840F2B311FEF726FBC0E90144A7
:102170000460C460D7F81C80D8F808404CB940F21D
:1021800071213846FFF71AFF0023C8F808000446FB
:1021900003604FF00009EB070AD531462246384666
:1021A000FFF722FF314680463846FFF709FE4646D4
:1021B0006D100BD0206838B9224621463846FFF70B
:1021C00013FF2060C0F800900446E4E73046BDE805
:1021D000F88300BFD43F01088A3C0108153E01087E
:1021E0002DE9F0470C464968236903EB6218A368A0
:1021F000074691464FEA621A08F10106B3420BDB2B
:102200003846FFF79DFD054648B90246284B294848
:102210004FF4EF71FEF7D0FA01315B00EEE70023D7
:1022200000F1140100F110021846534533DB206918
:102230002AEAEA7A04F1140319F01F0901EB8A0172
:1022400003EB800C2BD0C9F1200E8A4600221868BF
:1022500000FA09F010434AF8040B53F8042B9C458C
:1022600022FA0EF2F3D8ACEB0403153B23F0030380
:10227000043304F11500604588BF0423CA500AB135
:1022800008F10206013E38462E612146FFF798FD0F
:102290002846BDE8F08742F8040F0133C5E704394A
:1022A00053F8042B41F8042F9C45F9D8EAE700BF06
:1022B000A43D0108153E01080A6903460069801A19
:1022C00030B50ED11433143103EB820401EB8201DB
:1022D00054F8045D51F8042D954203D005D24FF017
:1022E000FF3030BDA342F3D3FBE70120F9E7000044
:1022F0002DE9F74F89460646114648461446FFF732
:10230000DBFF051E12D129463046FFF719FD0246B4
:1023100028B93F4B40F237213E48FEF74DFA0123E2
:10232000C0E90435104603B0BDE8F08FBCBF4B4692
:10233000A1463046D9F80410BABF1C460125002535
:10234000FFF7FEFC024618B9314B40F24521E3E7A6
:10235000D9F810702669C56009F1100309F1140558
:1023600004F1140E00F1140B05EB87080EEB860642
:102370000193D9464FF0000C019B5EF8040B53F813
:1023800004AF01931FFA8AF3194683B2CB1A000CEB
:102390006344C0EB1A4000EB23409BB243EA004386
:1023A000764549F8043B4FEA204CE5D8331B153BF2
:1023B00023F0030315340433A64238BF04231D441D
:1023C0005B441E462C4644450ED308F10301491BCD
:1023D00021F00301033DA84538BF00210B4453F809
:1023E000041D91B117619DE754F8041BE646080CE3
:1023F0001CFA81FC714400EB2C4089B241EA004197
:1024000046F8041B4FEA204CDDE7013FE7E700BF39
:10241000A43D0108153E010882B08DED000B019A24
:102420000F4B1340A3F15073002B08DC5B42B3F158
:10243000A07F4FEA235204DA4FF400231341002215
:1024400008E0A2F114031E2BDABF4FF00042DA407D
:10245000012200231946104641EC100B02B07047D0
:102460000000F07F2DE9F041066900F1140808EB47
:102470008606371F56F8042C1046FFF753FDC0F1AF
:1024800020030A280B601B4915DCC0F10B0C22FA53
:102490000CF3B84543EA010534BF56F8083C002365
:1024A000153002FA00F023FA0CF303431C4645EC06
:1024B000104BBDE8F081B8453ABF56F8083CA6F18C
:1024C000080700230B3812D0C0F1200123FA01F4D1
:1024D00082402243474542F07F558CBF57F8042C79
:1024E00000228340CA4045F440151343DEE742EA28
:1024F0000105DBE70000F03F2DE9F7430F4601211E
:1025000059EC108B1646FFF71BFC044630B9024607
:10251000234B244840F20F31FEF74EF9C9F30A5518
:10252000C9F313030DB143F480130193B8F1000311
:1025300023D068460093FFF714FDDDE90012D0B107
:10254000C0F1200302FA03F30B43C240636101921E
:10255000019BA361002B0CBF012202222261A5B1C5
:10256000A5F2334505443D60C0F13500306020469A
:1025700003B0BDE8F0836161EAE701A8FFF7F1FC71
:10258000019B636120300122E8E704EB8203A0F2A3
:10259000324038601869FFF7C5FCC0EB4210E5E730
:1025A000A43D0108153E01082DE9F04F85B0CDE9A5
:1025B000001002A9FFF756FF009803A955EC104B35
:1025C000FFF750FF019B1969009B1B69C91ADDE9E0
:1025D00002329B1A5BEC10AB03EB4113002BCEBF16
:1025E0002A46C3EB03335A462F46D946CCBF02EBEB
:1025F000035702EB03594B46524620463946EEF745
:102600002DF941EC100B05B0BDE8F08F013970B524
:1026100049111469013102F1140300EB810103EB4C
:102620008404051FA3420CD3A31A113B23F0030318
:102630001132A24288BF002318440023884205D3E8
:1026400070BD53F8046B45F8046FEBE740F8043BAA
:10265000F4E700F1140200694B11984210B511DB48
:102660000ADD11F01F0107D052F8234024FA01F0CF
:1026700000FA01F18C420BD102EB8303934203D8A1
:10268000002010BD0346F7E753F8041D0029F5D0DC
:102690000120F6E70346084641B1FF2A04D98A2201
:1026A0001A604FF0FF3070470A70012070472DE923
:1026B000F0478E681F46BE420B6882460C46904625
:1026C0002DD8B1F90C2012F4906F26D065690969F4
:1026D00005EB4505A3EB010905EBD5757B1C4B44C8
:1026E0006D109D4238BF1D46530527D52946FFF77B
:1026F00089FA064660B321694A46FEF746F8A3897F
:1027000023F4906343F08003A381266165614E4406
:10271000A5EB09052660A5603E46BE4200D93E46AF
:1027200020683246414600F0D7F9A3689B1BA3609E
:102730002368334423600020BDE8F0872A4600F078
:1027400010FA06460028E0D121695046FEF7ACFE9B
:102750000C23CAF80030A38943F04003A3814FF053
:10276000FF30E9E72DE9F04F98468B891B069DB0B5
:1027700007460D46144610D50B6973B94021FFF783
:1027800041FA2860286130B90C233B604FF0FF30DC
:102790001DB0BDE8F08F40236B6100230993202317
:1027A0008DF82930CDF80C803023DFF89C818DF82E
:1027B0002A304FF0010923469A4613F8012B0AB13B
:1027C000252AF9D1BAEB040B0BD05B4622462946E9
:1027D0003846FFF76CFF013000F0A780099A5A4491
:1027E00009929AF80030002B00F09F8000234FF0F0
:1027F000FF32CDE905230AF1010A049307938DF80E
:1028000053301A935446052214F8011B4E48EDF735
:10281000E7FC049AD8B9D00644BF20238DF8533082
:10282000110744BF2B238DF853309AF800302A2B20
:1028300015D0079A544600204FF00A0C214611F893
:10284000013B303B092B4BD9B0B1079214E0A0EB10
:10285000080309FA03F313430493A246D2E7039B48
:10286000191D1B680391002BBBBF5B4242F00202A3
:1028700007930793B8BF049223782E2B0AD163786D
:102880002A2B32D1039B1A1D1B68039243EAE37380
:1028900002340593DFF8C0A0217803225046EDF7FB
:1028A0009FFC38B1049BA0EB0A00402282401343F6
:1028B0000134049314F8011B24488DF828100622D3
:1028C000EDF78EFC002836D0214B1BBB039B073352
:1028D00023F0070308330393099B334409936AE702
:1028E0000CFB02320C460120A8E7002301340593BB
:1028F00019464FF00A0C204610F8012B303A092AED
:1029000003D9002BC6D00591C4E70CFB0121044676
:102910000123F0E703AB00932A460E4B04A9384687
:10292000FDF756F9421C0646D6D1AB895B063FF54A
:102930002DAF09982CE703AB00932A46054B04A959
:102940003846FDF7DDFBEDE76E3E0108783E0108F5
:10295000D1FB0008AF260108743E0108B1F90C2034
:102960002DE9F041160705460C4654D44B68002B60
:1029700002DC0B6C002B48DDE66A002E45D00023FC
:1029800012F480522F68216A2B6030D0626DA389C7
:10299000590705D56368D21A636B0BB1236CD21A41
:1029A0000023E66A216A2846B047431CA38906D162
:1029B00029681D292BD82A4ACA40D60727D50022C4
:1029C0006260D9042269226004D5421C01D12B68BF
:1029D00003B96065616B2F60B9B104F1440399429A
:1029E00002D02846FEF760FD002363630DE001235B
:1029F0002846B0470246501CC9D12B68002BC6D0D0
:102A00001D2B01D0162B1ED12F60002022E043F099
:102A100040031BB21BE00F69002FF6D093070E682E
:102A200008BF4B690F6018BF0023A6EB07088B6037
:102A3000B8F1000FE9DD216AA66A43463A46284606
:102A4000B047002808DCB4F90C3043F04003A38100
:102A50004FF0FF30BDE8F0810744A8EB0008E7E73E
:102A60000100402038B50B6905460C4613B9002516
:102A7000284638BD18B1036A0BB9FDF7EBFCB4F971
:102A80000C30002BF3D0626ED00704D4990502D429
:102A9000A06DFDF778FE28462146FFF75FFF636EC5
:102AA000DA070546E4D4A3899B05E1D4A06DFDF7C0
:102AB0006BFEDDE70EB403B5014603AB054853F8E2
:102AC000042B0068019300F0A3F802B05DF804EB5A
:102AD00003B07047B8020020884210B501EB020431
:102AE00002D98442234607D8431EA14208D011F8D8
:102AF000012B03F8012FF8E7024401468A4200D176
:102B000010BD13F8014D02F8014DF7E738B5064D39
:102B10000023044608462B60F1F71AF9431C02D142
:102B20002B6803B1236038BD0023002008B50620C0
:102B300000F042FA0120F1F793F870B5A1FB0254BE
:102B400034B92946FFF75EF8064628B9304670BD0D
:102B50000C2202600026F9E72A462146FDF715FD02
:102B6000F4E72DE9F041074614460D4621B9BDE8CA
:102B7000F0411146FFF746B82AB9FEF795FC254605
:102B80002846BDE8F08100F033FA8442064602D8B8
:102B9000B4EB500FF4D821463846FFF733F880469F
:102BA00008B94546ECE7B4422246294628BF3246DA
:102BB000FDF7EBFD29463846FEF776FCF1E7936812
:102BC000013B002B10B4936008DA9469A34201DB47
:102BD0000A2903D15DF8044B00F032B91368581C80
:102BE0001060197008465DF8044B7047F8B506464A
:102BF0000F461446D518AC4201D1002007E014F866
:102C0000011B3A463046FFF7DAFF431CF3D1F8BD0B
:102C10002DE9F04F0D469DB014469846064618B172
:102C2000036A0BB9FDF716FC6B6ED90705D4AB89A7
:102C30009A0502D4A86DFDF7A6FDAB891B0701D547
:102C40002B699BB92946304600F038F970B16B6E9C
:102C5000DC0704D54FF0FF301DB0BDE8F08FAB8925
:102C60009805F7D4A86DFDF78FFDF3E700230993CE
:102C700020238DF82930CDF80C803023DFF8AC818B
:102C80008DF82A304FF0010923469A4613F8012B9C
:102C90000AB1252AF9D1BAEB040B0BD05B462246C8
:102CA00029463046FFF7A2FF013000F0A780099ABD
:102CB0005A4409929AF80030002B00F09F800023BC
:102CC0004FF0FF32CDE905230AF1010A049307937F
:102CD0008DF853301A935446052214F8011B5348BB
:102CE000EDF77EFA049AD8B9D10644BF20238DF8B7
:102CF0005330130744BF2B238DF853309AF800301C
:102D00002A2B15D0079A544600204FF00A0C214672
:102D100011F8013B303B092B4BD9B0B1079214E0BD
:102D2000A0EB080309FA03F313430493A246D2E786
:102D3000039B191D1B680391002BBBBF5B4242F034
:102D4000020207930793B8BF049223782E2B0AD16F
:102D500063782A2B32D1039B1A1D1B68039243EA26
:102D6000E37302340593DFF8D4A0217803225046A0
:102D7000EDF736FA38B1049BA0EB0A0040228240FE
:102D800013430134049314F8011B29488DF82810CB
:102D90000622EDF725FA00283FD0264B1BBB039BEC
:102DA000073323F0070308330393099B3B4409933C
:102DB0006AE70CFB02320C460120A8E7002301342D
:102DC000059319464FF00A0C204610F8012B303AB3
:102DD000092A03D9002BC6D00591C4E70CFB0121B9
:102DE00004460123F0E703AB00932A46124B04A9E3
:102DF0003046FCF7EDFE0746781CD6D16B6ED9073E
:102E000005D4AB899A0502D4A86DFDF7BDFCAB894A
:102E10005B063FF51FAF09981EE703AB00932A46F8
:102E2000054B04A93046FDF76BF9E4E76E3E010857
:102E3000783E0108D1FB0008ED2B0108743E010823
:102E4000F8B50E461446054618B1036A0BB9FDF7EE
:102E500001FBA369A360A3891A0701D5236943B9BC
:102E60002146284600F02AF818B14FF0FF373846BF
:102E7000F8BD23682269981A6369F6B2834237461F
:102E800005DC21462846FFF7EDFD0028EDD1A368BB
:102E9000013BA36023685A1C22601E706269431CB8
:102EA0009A4204D0A389DB07E1D50A2EDFD121465F
:102EB0002846FFF7D7FD0028D9D0D6E738B5294BEB
:102EC000054618680C4618B1036A0BB9FDF7C2FA3B
:102ED000B4F90C30190722D4DA0607D409222A6083
:102EE00043F04003A3814FF0FF3033E0580712D581
:102EF000616B41B104F14403994202D02846FEF7C8
:102F0000D3FA00236363A38923F02403A38100235E
:102F1000636023692360A38943F00803A3812369C5
:102F20004BB9A38903F42073B3F5007F03D0214686
:102F3000284600F08BF8B4F90C3013F001020AD0E7
:102F40000022A26062695242A261226942B913F072
:102F50008000C5D138BD990758BF6269A260F4E707
:102F60000020F7E7B80200201F2938B505460C46B7
:102F700004D9162303604FF0FF3038BDC26B12B185
:102F800052F821304BB9284600F030F8224601466D
:102F90002846BDE8384000F017B8012B0AD0591C6C
:102FA00003D1162303600120E7E7002142F8241033
:102FB000204698470020E0E7024B01461868FFF7DB
:102FC000D3BF00BFB802002038B5074D0023044628
:102FD000084611462B60F0F733FE431C02D12B68E4
:102FE00003B1236038BD00BF00230020F0F720BEEE
:102FF00051F8043C181F002BBCBF0B58C018704779
:1030000070B50C46B1F90E10002996B015461E4653
:103010000DDAA38913F0800F4FF0000114BF402395
:103020004FF48063002031602B6016B070BD6A469B
:1030300000F048F80028ECDB019901F47041A1F59B
:103040000053594259414FF48063EBE78B89F7B540
:103050009D0706460C4607D504F14703236023610C
:103060000123636103B0F0BD01AB6A46FFF7C8FFFF
:10307000009F054639463046FEF7C4FD48B9B4F90D
:103080000C309A05EED423F0030343F00203A3812E
:10309000E2E7A389206043F08003A381019BC4E998
:1030A00004075BB1B4F90E10304600F01DF828B1EA
:1030B000A38923F0030343F00103A381A3891D43E4
:1030C000A581CFE738B5074D0023044608461146D1
:1030D0002B60F0F715FE431C02D12B6803B123606F
:1030E00038BD00BF0023002038B5064D002304463C
:1030F00008462B60F0F714FE431C02D12B6803B185
:10310000236038BD0023002008B52DED048BB0EE00
:10311000608AB0EE409A00F07BF8B4EE488AF1EE97
:1031200010FAF0EE408A3ED6B5EE409AF1EE10FA73
:1031300012D1B5EE408AF1EE10FA39D0B0EE480A5D
:1031400000F058F878B3B5EEC08AF1EE10FA2AD53F
:10315000FDF7EEFA222314E000F04CF898B9B0EE37
:10316000490A00F047F870B1B0EE480A00F042F8A2
:1031700048B1F4EE688AF1EE10FAE9D7FDF7D8FA13
:10318000212303600FE0F5EE408AF1EE10FA0AD138
:10319000B0EE490A00F02EF828B1B0EE480A00F06F
:1031A00029F80028D4D1B0EE680ABDEC048B08BD24
:1031B000F7EE008AF7E7000008B52DED028BB0EEC0
:1031C000408A00F021F8B4EE488AF1EE10FA0CD6ED
:1031D000DFED078AB4EEE88AF1EE10FA05D5FDF7C7
:1031E000A7FA88EEA80A21230360BDEC028B08BD74
:1031F0000000000010EE103A23F00040B0F1FF4F45
:10320000ACBF002001207047B1EEC00A704700003B
:103210002DE9F84310EE904A34F000492DED028B71
:1032200010EE106AB0EE408AF0EE608A0CD186F49F
:103230008006760016F5000F40F2748238EE280AF8
:10324000BDEC028BBDE8F88326F00048B8F1FF4FD3
:1032500002D8B9F1FF4F08D9B6F17E5FEED184F400
:103260008004640014F5000FE6E7002E1FDAB9F1C0
:10327000974F80F06082B9F17E5F2FD34FEAE95318
:10328000C3F1960349FA03F505FA03F34B4523D13D
:1032900005F00105C5F10205B9F17E5F1FD1002CD3
:1032A00080F24682F7EE007A87EE880AC8E7B9F125
:1032B000FF4F11D1B8F17E5F00F0348206D99FED47
:1032C000C50A002CA8BFB0EE680AB9E7002C80F24E
:1032D0002C82B1EE680AB3E70025DDE70025B4F1E2
:1032E000804F02D128EE080AAAE7B4F17C5F40F0D3
:1032F0002782002EC0F22482B0EE480ABDEC028B79
:10330000BDE8F843FFF780BF012D99D1B1EE400A27
:1033100096E7F00F013855EA000304D138EE488AE9
:1033200088EE080A8CE7B9F19A4F6DD9AA4B9845F7
:1033300008D8002C0BDA0020BDEC028BBDE8F84366
:1033400000F0C2BAA54B984508D9002CF3DC002048
:10335000BDEC028BBDE8F84300F0B0BAF7EE007A9E
:1033600030EE670ADFED9E6AF5EE007AE0EE676AFE
:10337000F6EE007AE6EEC07A20EE007ADFED996A8A
:1033800027EE277ADFED987A67EEC77A9FED977A76
:10339000E0EE077AB0EE677AA0EE267A17EE103AE2
:1033A0006FF30B0307EE103AB0EE476AA0EE666AC1
:1033B00077EEC67A013D0543F7EE006ABFEE008A5C
:1033C0006FF30B0418BFB0EE668A06EE904A67EE04
:1033D000A80A38EEE66A67EE267AE6EE070A30EECD
:1033E000A77A17EE101A002921F0004340F3DD8080
:1033F000B3F1864F40F2CA80B5EEC08AF1EE10FA02
:103400004CBF0120002097E716F0FF4F01BFDFED12
:10341000787A60EE277A6FF0170317EE907A4FEA0A
:10342000E75218BF00237F3A1A44724BC7F31607BE
:103430009F4247F07E5106DD6F4B9F4240F3A480D0
:103440000132A1F5000100266C4B03EB860307EE69
:10345000101AD3ED005A6A4B75EE877AF7EE006AC0
:10346000C6EEA74A491041F0005101F5802101EB59
:10347000465137EE656A07EE901A26EE245A77EE2B
:10348000E55A15EE107A1F4006EE907AA6EEE76A2E
:1034900037EE657A65EE057AA6EEC76ADFED595A12
:1034A0009FED597AE7EE875A9FED587AA5EEA77AF5
:1034B000DFED4B5AE7EE275A9FED557AA5EEA77A36
:1034C000DFED545A26EE246AE7EE275A35EE267AC7
:1034D00067EEA74A27EE067AF0EE087AA4EEA57A00
:1034E000F0EE675AE6EEA65A75EE875A15EE901A78
:1034F000194005EE901A75EEE77AE6EEE67A77EE79
:10350000677A67EE857AE6EE257AB0EE676AA6EE10
:10351000A56A16EE101A194006EE101AB0EE467A99
:10352000A6EEE57A3C4901EB860177EEC77A9FED7E
:103530003B7ADFED3B5A67EE877A9FED3A7AE6EE0B
:10354000077A91ED007A77EE877A07EE102A364AED
:10355000F8EEC76AB0EE677AA6EE257A02EB86022D
:1035600092ED005A37EE057A37EE267A17EE102ADA
:103570001A4007EE102A77EE666A76EEC56AE6EE26
:10358000656A77EEE67A15E701265DE752D1DFED51
:10359000276A37EE677A70EEA66AF4EEC76AF1EE34
:1035A00010FA3FF729AF862348E0214A934207D912
:1035B000B5EEC08AF1EE10FA4CBF01200020C7E63C
:1035C00038D137EE677AB4EEE07AF1EE10FAEADB42
:1035D000EEE700BF00000000F3FF7F3F0700803FE1
:1035E000ABAAAA3E00AAB83F3BAAB83F70A5EC36EA
:1035F0000000804B71C41C00D6B35D00E0400108A0
:1036000000F0FFFF55326C3E42F1533E05A38B3E66
:10361000B76DDB3E9A99193FD04001084F38763F8D
:103620000038763FA0C39D36D84001083CAA383305
:1036300000001643B3F17C5F6FD9DB157E3B4FF47E
:10364000000018410844C0F3C7534E4A7F3B1A415B
:10365000024007EE102AC0F3160040F40000C3F148
:1036600017031841002977EEC77AB8BF404277EEBA
:10367000A06A9FED457A9FED456A16EE903A6FF38A
:103680000B0306EE903A76EEE77AB7EE000A70EE9C
:10369000E70ADFED3F7A66EEA77AE0EE877AB0EED2
:1036A000677AA6EE867AF0EE475AE6EEC65A67EEDD
:1036B000076A77EEE57A9FED376ADFED375AA6EEB7
:1036C000A56ADFED365AE6EE265A9FED356AA5EE7D
:1036D000A66ADFED345AE6EE265AB0EE476AA5EE4A
:1036E000E66AF0EE006A67EE065A36EE666AE7EEC4
:1036F000277AC5EE866A76EEE77A77EEC77A30EEFD
:10370000670A10EE103A03EBC053B3F5000F06DA68
:1037100000F054F820EE080A92E50020A7E700EE3A
:10372000103AF7E7B7EE000A8AE59FED1F0A87E532
:10373000B0EE480A84E5B9F1FF4F3FF4BBAD022576
:10374000B0EE480A00F032F826F04043B3F17E5F55
:10375000474603D0B8F1000F7FF4DBAD002CBCBFAF
:10376000F7EE007A87EE800A002EBFF669ADA8F169
:103770007E5858EA05087FF4C7AD70EE407A87EEB0
:10378000A70A5DE5000080FF1872313F0072313FEB
:103790008CBEBF350EEADDB54CBB313355B38A382C
:1037A000610B36BBABAA2A3E0000000010EE103AB7
:1037B00023F0004300EE103A7047000010EE103A7C
:1037C00033F000422BD0B2F1FF4F02D330EE000AAB
:1037D000704713F0FF4F23D1244BDFED257A984239
:1037E00020EE270A17DB10EE103AC3F3C752193A3E
:1037F0004CF25031884215DDDFED1E7ADFED1E6A96
:1038000010EE103AB0EE677A002BB8BFF0EE667A91
:1038100027EE870A7047DFED197A27EE800A704796
:10382000D20DE5E71044FE28E6DC002806DD23F093
:10383000FF4343EAC05300EE103A704710F1160FF1
:1038400009DADFED0E7ADFED0E6A10EE103AB0EE17
:10385000677A002BD9E7193023F0FF4343EAC053BE
:103860009FED080A07EE903AD7E700BFB03CFFFF94
:103870000000004CCAF24971CAF249F16042A20D3F
:103880006042A28D0000003310B52DED028BB0EE2A
:10389000408A0446FCF74CFFB0EE480ABDEC028BB0
:1038A000046010BD30B1F1EE407A27EE800A22208C
:1038B000FFF7EABFF0EE407AF7E700009FED010A5C
:1038C000FFF7F0BF000000109FED010AFFF7EABF0D
:1038D00000000070F8B500BFF8BC08BC9E467047F9
:0C38E000F8B500BFF8BC08BC9E4670475D
:1038F0004325643D25750D0A000000004932432030
:1039000044657669636520466F756E642061742036
:10391000307825580D0A00002447504747410000E1
:1039200024474E47474100002C0000004C6F526175
:103930002056657273696F6E3A20307825303258A0
:103940000D0A00004F50204D6F64653A20307825F5
:103950003032580D0A0000004652463A20253032D7
:1039600058202530325820253032580D0A000000EA
:10397000504120436F6E6669673A203078253032B7
:10398000580D0A004C4E413A203078253032580DFF
:103990000A0000004D6F64656D313A2030782530A3
:1039A0003258207C204D6F64656D323A2030782586
:1039B000303258207C204D6F64656D333A2030786A
:1039C000253032580D0A000053796E6320576F720C
:1039D000643A203078253032580D0A0044494F208F
:1039E0004D617070696E67313A20307825303258F9
:1039F0000D0A000043616C6962726174696F6E2028
:103A00004661696C6564210D0A00000044524F5004
:103A100050454400545249470000000041524D4572
:103A20004400000049444C45000000004C6F5261C6
:103A30002054582025642062797465732028706BA7
:103A400074232564290D0A0054656C656D657472D4
:103A50007920545820446F6E650D0A004B656570DF
:103A6000204D50553630353020636F6D706C657465
:103A7000656C79207374696C6C210D0A000000007C
:103A800043616C6962726174696E67206E6F772E34
:103A90002E2E0D0A0000000043616C696272617491
:103AA000696F6E20446F6E65210D0A004C6F526184
:103AB0002056657273696F6E3A20307825580D0A6A
:103AC000000000004C6F526120496E697469616C9E
:103AD000697A65640D0A000047726F756E64206331
:103AE000616C6962726174696F6E202D206B65650F
:103AF00070207374696C6C2E2E2E0D0A000000006D
:103B0000424153454C494E453A20252E32662068A5
:103B10005061202825642073616D706C6573290DD8
:103B20000A0000004D5055204E4F5420464F554E30
:103B3000440D0A004D5055205245414420455252F3
:103B40004F520D0A00000000545249474745524564
:103B5000440D0A00534552564F204F50454E0D0A12
:103B60000000000041583A252E32662041593A257E
:103B70002E326620415A3A252E3266207C20475844
:103B80003A252E32662047593A252E326620475A6A
:103B90003A252E3266207C20503A252E3266206D42
:103BA000626172207C20543A252E32662043207CAC
:103BB00020414C543A252E3266206D207C204C4109
:103BC000543A252E3566204C4F4E3A252E35662028
:103BD0007C204750535F414C543A252E3266207C5E
:103BE000205341543A25647C56454C3A252E326682
:103BF0000D0A000053544D333220566972747561BA
:103C00006C20436F6D506F727400000053544D6907
:103C100063726F656C656374726F6E6963730000C5
:103C200043444320436F6E6669670000434443206A
:103C3000496E7465726661636500000000000000F3
:103C4000000000000102030406070809000000004C
:103C5000010203042E00494E4600696E66004E4183
:103C60004E006E616E0030003031323334353637FD
:103C700038394142434445460030313233343536D9
:103C8000373839616263646566005245454E542099
:103C90006D616C6C6F6320737563636565646564E7
:103CA000002F6275696C642F676E752D746F6F6C71
:103CB000732D666F722D73746D33325F31332E3313
:103CC0002E72656C312E32303234303932362D312D
:103CD0003731352F7372632F6E65776C69622F6E83
:103CE00065776C69622F6C6962632F737472696E99
:103CF000672F737472746F6B2E63004300504F53C1
:103D00004958002C2066756E6374696F6E3A200006
:103D1000617373657274696F6E2022257322206649
:103D200061696C65643A2066696C6520222573229E
:103D30002C206C696E65202564257325730A004963
:103D40006E66696E697479004E614E002F62756906
:103D50006C642F676E752D746F6F6C732D666F7248
:103D60002D73746D33325F31332E332E72656C31A7
:103D70002E32303234303932362D313731352F73DF
:103D800072632F6E65776C69622F6E65776C6962FE
:103D90002F6C6962632F7374646C69622F64746F33
:103DA000612E630042616C6C6F63207375636365A1
:103DB00065646564002F6275696C642F676E752D8C
:103DC000746F6F6C732D666F722D73746D33325F09
:103DD00031332E332E72656C312E3230323430391D
:103DE00032362D313731352F7372632F6E65776C14
:103DF00069622F6E65776C69622F6C6962632F73DD
:103E000074646C69622F6764746F612D6765746890
:103E100065782E63002F6275696C642F676E752D4F
:103E2000746F6F6C732D666F722D73746D33325FA8
:103E300031332E332E72656C312E323032343039BC
:103E400032362D313731352F7372632F6E65776CB3
:103E500069622F6E65776C69622F6C6962632F737C
:103E600074646C69622F6D707265632E6300232D1C
:103E7000302B2000686C4C006566674546470000A3
:103E800034000000CEFBFFFFCB0300000100000068
:103E90000000000035000000CEFBFFFFCB03000058
:103EA0000100000000000000BC89D897B2D29C3C01
:103EB00033A7A8D523F649393DA7F444FD0FA53211
:103EC0009D978CCF08BA5B25436FAC6428066811B8
:103ED00000202020202020202020282828282820DA
:103EE00020202020202020202020202020202020D2
:103EF000208810101010101010101010101010103A
:103F00001004040404040404040404101010101029
:103F100010104141414141410101010101010101F3
:103F20000101010101010101010101011010101045
:103F300010104242424242420202020202020202C5
:103F40000202020202020202020202021010101019
:103F50002000000000000000000000000000000041
:103F60000000000000000000000000000000000051
:103F70000000000000000000000000000000000041
:103F80000000000000000000000000000000000031
:103F90000000000000000000000000000000000021
:103FA0000000000000000000000000000000000011
:103FB0000000000000000000000000000000000001
:103FC00000000000000000000000000000000000F1
:103FD0000000000005000000190000007D00000046
:103FE0000080E03779C34143176E05B5B5B89346F5
:103FF000F5F93FE9034F384D321D30F94877825AC1
:104000003CBF737FDD4F1575000000000000F03FDE
:1040100000000000000024400000000000005940A3
:104020000000000000408F40000000000088C340F6
:1040300000000000006AF8400000000080842E416B
:1040400000000000D01263410000000084D79741B7
:104050000000000065CDCD41000000205FA00242BD
:10406000000000E876483742000000A2941A6D4232
:10407000000040E59C30A2420000901EC4BCD64225
:1040800000003426F56B0C430080E03779C34143D0
:1040900000A0D8855734764300C84E676DC1AB4346
:1040A000003D9160E458E143408CB5781DAF154464
:1040B00050EFE2D6E41A4B4492D54D06CFF080443F
:1040C000F64AE1C7022DB544B49DD9794378EA4454
:1040D00000000000DCCFD1350000000000C0153F1B
:0840E0000000803F0000C03F1A
:0840E800F8C0FE7F010000009A
:0440F000C5010008FE
:0440F400A10100081E
:1040F8000000803F00000000000000000000803F3A
:104108009A99193E00000000000000009A99193E93
:104118000000803F0AD7A33C5445414D31000000C0
:1041280049444C4500000000000000000000000069
:10413800333353400024F400100000000100000055
:104148000A06000200000040010000005DC30008EC
:104158004DC5000851C600080000000077C90008D6
:1041680009C8000807C90008000000000000000096
:10417800000000005DCA0008EDC90008CDCA0008AB
:104188003DCB000809024300020100C032090400C7
:1041980000010202010005240010010524010001AC
:1041A8000424020205240600010705820308001002
:1041B80009040100020A000000070501024000008E
:1041C8000705810240000081018200009DE300088C
:1041D800C5E30008D5E3000891E4000805E50008F8
:1041E80029E500084DE50008ADE5000871E500087F
:1041F800D5E50008F9E5000835E6000812010002D7
:10420800020200408304405700020102030100003B
:10421800040309041A030000000000000000000065
:104228000000000000000000000000000000000086
:104238000000000003000000C4210020430000002B
:104248000000000000000000000000000000000066
:104258000000000000000000000000004300000013
:104268000000000000000000000000000000000046
:1042780000000000000000000000000043000000F3
:104288000000000000000000000000000000000026
:1042980000000000000000000000000043000000D3
:1042A8000000000000000000000000000000000006
:1042B80000000000000000000000000043000000B3
:1042C80000000000000000000000000000000000E6
:1042D8000000000000000000000000004300000093
:1042E80000000000000000000000000000000000C6
:1042F8000000000000000000000000004300000073
:1043080000000000000000000000000000000000A5
:1043180000000000000000000000000095260108D1
:10432800051D010800000000D03E0108543C0108AA
:104338003E3D01083E3D01083E3D01083E3D010865
:104348003E3D01083E3D01083E3D01083E3D010855
:104358003E3D0108FFFFFFFFFFFFFFFFFFFFFFFFDD
:10436800FFFF0000010041534349490000000000DD
:104378000000000000000000000000000000000035
:1043880000000000000041534349490000000000BC
:104398000000000000000000000000000000000015
:1043A8000000000000000000BC0200200000000027
:1043B800C42100202C2200209422002000000000AC
:1043C80000000000000000000000000000000000E5
:1043D80000000000000000000000000000000000D5
:1043E80000000000000000000000000000000000C5
:0843F8000000000000000000BD
:0400000508003DE1D1
:00000001FF
