:020000040800F2
:10000000000002209D1B00087919000881190008D2
:1000100089190008911900089919000800000000CA
:10002000000000000000000000000000A11900080E
:10003000AF19000800000000BD190008CB19000826
:10004000ED1B0008ED1B0008ED1B0008ED1B000870
:10005000ED1B0008ED1B0008ED1B0008ED1B000860
:10006000ED1B0008ED1B0008ED1B0008ED1B000850
:10007000ED1B0008ED1B0008ED1B0008ED1B000840
:10008000ED1B0008ED1B0008ED1B00080000000040
:10009000000000000000000000000000ED1B000850
:1000A000ED1B0008ED1B0008ED1B0008ED1B000810
:1000B000ED1B0008ED1B0008ED1B0008ED1B000800
:1000C000ED1B0008ED1B0008ED1B0008ED1B0008F0
:1000D000ED1B0008ED1B0008ED1B000800000000F0
:1000E000ED1B0008ED1B0008ED1B000800000000E0
:1000F000000000000000000000000000ED1B0008F0
:1001000000000000ED1B0008ED1B0008ED1B0008BF
:1001100000000000000000000000000000000000DF
:10012000ED1B0008ED1B0008ED1B0008ED1B00088F
:10013000ED1B0008000000000000000000000000AF
:10014000000000000000000000000000D9190008B5
:10015000ED1B0008ED1B0008ED1B0008ED1B00085F
:10016000ED1B0008ED1B000800000000000000006F
:10017000000000000000000000000000000000007F
:1001800000000000ED1B000800000000000000005F
:08019000ED1B0008ED1B000847
:1001A00010B5054C237833B9044B13B10448AFF3B1
:1001B00000800123237010BDC40200200000000055
:1001C0008CCF000808B5034B1BB103490348AFF3BC
:1001D000008008BD00000000C80200208CCF00088D
:1001E00001F0FF01102A2BDB10F0070F08D010F8E8
:1001F000013B013A8B422DD010F0070F42B3F6D1EC
:10020000F0B441EA012141EA014122F007047FF004
:1002100000070023F0E80256083C85EA010586EA5B
:10022000010685FA47F5A3FA87F586FA47F6A5FA97
:1002300087F68EB9EED1F0BC01F0FF0102F00702A3
:1002400032B110F8013B013A83EA010313B1F8D14E
:100250000020704701387047002D06BF354603382F
:10026000073815F0010F07D1013015F4807F02BF68
:10027000013015F4C03F0130F0BC0138704700BFB9
:10028000034613F8012B002AFBD1181A01387047D6
:1002900081F0004102E000BF83F0004330B54FEA37
:1002A00041044FEA430594EA050F08BF90EA020FA4
:1002B0001FBF54EA000C55EA020C7FEA645C7FEA37
:1002C000655C00F0E2804FEA5454D4EB5555B8BF5A
:1002D0006D420CDD2C4480EA020281EA030382EACB
:1002E000000083EA010180EA020281EA0303362D5D
:1002F00088BF30BD11F0004F4FEA01314FF4801C30
:100300004CEA113102D0404261EB410113F0004F41
:100310004FEA03334CEA133302D0524263EB4303F8
:1003200094EA050F00F0A780A4F10104D5F1200E96
:100330000DDB02FA0EFC22FA05F2801841F10001F1
:1003400003FA0EF2801843FA05F359410EE0A5F1C5
:1003500020050EF1200E012A03FA0EFC28BF4CF0F6
:10036000020C43FA05F3C01851EBE37101F00045AC
:1003700007D54FF0000EDCF1000C7EEB00006EEBB9
:100380000101B1F5801F1BD3B1F5001F0CD3490843
:100390005FEA30004FEA3C0C04F101044FEA44529A
:1003A00012F5800F80F09A80BCF1004F08BF5FEA21
:1003B000500C50F1000041EB045141EA050130BD01
:1003C0005FEA4C0C404141EB0101013C28BFB1F513
:1003D000801FE9D291F0000F04BF01460020B1FA5E
:1003E00081F308BF2033A3F10B03B3F120020CDA31
:1003F0000C3208DD02F1140CC2F10C0201FA0CF00F
:1004000021FA02F10CE002F11402D8BFC2F1200C73
:1004100001FA02F120FA0CFCDCBF41EA0C01904029
:10042000E41AA2BF01EB0451294330BD6FEA040472
:100430001F3C1CDA0C340EDC04F11404C4F120025D
:1004400020FA04F001FA02F340EA030021FA04F36F
:1004500045EA030130BDC4F10C04C4F1200220FAC6
:1004600002F001FA04F340EA0300294630BD21FA04
:1004700004F0294630BD94F0000F83F4801306BFCA
:1004800081F480110134013D4EE77FEA645C18BFBE
:100490007FEA655C29D094EA050F08BF90EA020F55
:1004A00005D054EA000C04BF1946104630BD91EA4D
:1004B000030F1EBF0021002030BD5FEA545C05D150
:1004C0004000494128BF41F0004130BD14F580048F
:1004D0003CBF01F5801130BD01F0004545F0FE4103
:1004E00041F470014FF0000030BD7FEA645C1ABF38
:1004F000194610467FEA655C1CBF0B46024650EA6F
:10050000013406BF52EA033591EA030F41F400219A
:1005100030BD00BF90F0000F04BF0021704730B520
:100520004FF4806404F132044FF000054FF00001F5
:1005300050E700BF90F0000F04BF0021704730B5B6
:100540004FF4806404F1320410F0004548BF40428B
:100550004FF000013EE700BF42004FEAE2014FEAE0
:1005600031014FEA02701FBF12F07F4393F07F4FBB
:1005700081F06051704732F07F4208BF704793F0BE
:100580007F4F04BF41F40021704730B54FF46074D1
:1005900001F0004521F000411CE700BF50EA0102D4
:1005A00008BF704730B54FF000050AE050EA01027D
:1005B00008BF704730B511F0004502D5404261EBED
:1005C00041014FF4806404F132045FEA915C3FF42E
:1005D000D8AE4FF003025FEADC0C18BF03325FEACB
:1005E000DC0C18BF033202EBDC02C2F1200300FA7C
:1005F00003FC20FA02F001FA03FE40EA0E0021FAA1
:1006000002F11444BDE600BF70B54FF0FF0C4CF48E
:10061000E06C1CEA11541DBF1CEA135594EA0C0F40
:1006200095EA0C0F00F0DEF82C4481EA030621EA7B
:100630004C5123EA4C5350EA013518BF52EA0335B6
:1006400041F4801143F4801338D0A0FB02CE4FF068
:100650000005E1FB02E506F00042E0FB03E54FF098
:100660000006E1FB03569CF0000F18BF4EF0010E90
:10067000A4F1FF04B6F5007F64F5407404D25FEA8C
:100680004E0E6D4146EB060642EAC62141EA55513F
:100690004FEAC52040EA5E504FEACE2EB4F1FD0C81
:1006A00088BFBCF5E06F1ED8BEF1004F08BF5FEAFF
:1006B000500E50F1000041EB045170BD06F00046B1
:1006C00046EA010140EA020081EA0301B4EB5C045E
:1006D000C2BFD4EB0C0541EA045170BD41F4801156
:1006E0004FF0000E013C00F3AB8014F1360FDEBF7B
:1006F000002001F0004170BDC4F10004203C35DA57
:100700000C341BDC04F11404C4F1200500FA05F3D9
:1007100020FA04F001FA05F240EA020001F000427A
:1007200021F0004110EBD37021FA04F642EB0601F0
:100730005EEA430E08BF20EAD37070BDC4F10C041A
:10074000C4F1200500FA04F320FA05F001FA04F2DE
:1007500040EA020001F0004110EBD37041F10001CA
:100760005EEA430E08BF20EAD37070BDC4F12005D5
:1007700000FA05F24EEA020E20FA04F301FA05F23D
:1007800043EA020321FA04F001F0004121FA04F2E5
:1007900020EA020000EBD3705EEA430E08BF20EAB5
:1007A000D37070BD94F0000F0FD101F000464000EF
:1007B00041EB010111F4801F08BF013CF7D041EA71
:1007C000060195F0000F18BF704703F00046520075
:1007D00043EB030313F4801F08BF013DF7D043EA46
:1007E0000603704794EA0C0F0CEA135518BF95EAFC
:1007F0000C0F0CD050EA410618BF52EA4306D1D183
:1008000081EA030101F000414FF0000070BD50EAA1
:10081000410606BF1046194652EA430619D094EA2B
:100820000C0F02D150EA013613D195EA0C0F05D115
:1008300052EA03361CBF104619460AD181EA030169
:1008400001F0004141F0FE4141F470014FF0000021
:1008500070BD41F0FE4141F4780170BD70B54FF0BC
:10086000FF0C4CF4E06C1CEA11541DBF1CEA13553C
:1008700094EA0C0F95EA0C0F00F0A7F8A4EB05041E
:1008800081EA030E52EA03354FEA013100F0888015
:100890004FEA03334FF0805545EA131343EA1263DE
:1008A0004FEA022245EA111545EA10654FEA002693
:1008B0000EF000419D4208BF964244F1FD0404F54C
:1008C000407402D25B084FEA3202B61A65EB0305A8
:1008D0005B084FEA32024FF480104FF4002CB6EB65
:1008E000020E75EB030E22BFB61A754640EA0C00E5
:1008F0005B084FEA3202B6EB020E75EB030E22BF25
:10090000B61A754640EA5C005B084FEA3202B6EB65
:10091000020E75EB030E22BFB61A754640EA9C0024
:100920005B084FEA3202B6EB020E75EB030E22BFF4
:10093000B61A754640EADC0055EA060E18D04FEAB2
:10094000051545EA16754FEA06164FEAC30343EA52
:1009500052734FEAC2025FEA1C1CC0D111F4801F1F
:100960000BD141EA00014FF000004FF0004CB6E718
:1009700011F4801F04BF01430020B4F1FD0C88BFB7
:10098000BCF5E06F3FF6AFAEB5EB030C04BFB6EBC2
:10099000020C5FEA500C50F1000041EB045170BDB5
:1009A0000EF0004E4EEA113114EB5C04C2BFD4EBE2
:1009B0000C0541EA045170BD41F480114FF0000E66
:1009C000013C90E645EA060E8DE60CEA135594EAE2
:1009D0000C0F08BF95EA0C0F3FF43BAF94EA0C0FE5
:1009E0000AD150EA01347FF434AF95EA0C0F7FF45A
:1009F00025AF104619462CE795EA0C0F06D152EAAE
:100A000003353FF4FDAE1046194622E750EA410691
:100A100018BF52EA43067FF4C5AE50EA41047FF4A2
:100A20000DAF52EA43057FF4EBAE12E74FF0FF3C07
:100A300006E000BF4FF0010C02E000BF4FF0010CD8
:100A40004DF804CD4FEA410C7FEA6C5C4FEA430C51
:100A500018BF7FEA6C5C1BD001B050EA410C0CBFA0
:100A600052EA430C91EA030F02BF90EA020F002002
:100A7000704710F1000F91EA030F58BF994208BF69
:100A800090422CBFD8176FEAE37040F00100704726
:100A90004FEA410C7FEA6C5C02D150EA013C07D17D
:100AA0004FEA430C7FEA6C5CD6D152EA033CD3D0C8
:100AB0005DF8040B704700BF8446104662468C46C2
:100AC0001946634600E000BF01B5FFF7B7FF0028F5
:100AD00048BF10F1000F01BD4DF808EDFFF7F4FF1E
:100AE0000CBF012000205DF808FB00BF4DF808EDA9
:100AF000FFF7EAFF34BF012000205DF808FB00BFCC
:100B00004DF808EDFFF7E0FF94BF012000205DF8ED
:100B100008FB00BF4DF808EDFFF7CEFF94BF0120A2
:100B200000205DF808FB00BF4DF808EDFFF7C4FF9B
:100B300034BF012000205DF808FB00BF4FEA410CE4
:100B40007FEA6C5C02D150EA013C0AD14FEA430CC7
:100B50007FEA6C5C02D152EA033C02D14FF0000004
:100B600070474FF0010070474FEA410212F5001242
:100B700015D211D56FF47873B3EB625212D94FEAE4
:100B8000C12343F0004343EA505311F0004F23FACE
:100B900002F018BF404270474FF00000704750EA23
:100BA000013005D111F0004008BF6FF000407047E0
:100BB0004FF00000704700BF4A0011D212F500123A
:100BC00011D20DD56FF47873B3EB62520ED44FEAA5
:100BD000C12343F0004343EA505323FA02F0704725
:100BE0004FF00000704750EA013002D14FF0FF3063
:100BF00070474FF0000070474FEA4102B2F1E04306
:100C000024BFB3F5001CDCF1FE5C0DD901F0004CF3
:100C10004FEAC0024CEA5070B2F1004F40EB830043
:100C200008BF20F00100704711F0804F21D113F16F
:100C30003872BCBF01F00040704741F480114FEAA8
:100C40005252C2F11802C2F1200C10FA0CF320FA31
:100C500002F018BF40F001004FEAC1234FEAD3234E
:100C600003FA0CFC40EA0C0023FA02F34FEA4303B8
:100C7000CCE77FEA625307D150EA01331EBF4FF041
:100C8000FE4040F44000704701F0004040F0FE405C
:100C900040F40000704700BF53B94AB9002908BFAB
:100CA00000281CBF4FF0FF314FF0FF3000F0BEB9FD
:100CB000ADF1080C6DE904CE00F03CF8DDF804E07D
:100CC000DDE9022304B0704738B500220023044652
:100CD0000D46FFF70BFF28B920462946BDE83840EE
:100CE00000F00AB8204605F1004100F005F8404246
:100CF00061EB410138BD00BFD0B50C4B0022064668
:100D00000F46FFF781FCFFF757FF0446FFF702FC91
:100D1000074B0022FFF778FC02460B463046394667
:100D2000FFF7BAFAFFF748FF2146D0BD0000F03DBB
:100D30000000F0412DE9F047089D8E4604468846A4
:100D4000002B4AD18A42174662D9B2FA82F64EB1D6
:100D5000C6F1200301FA06F820FA03F3B74043EA8C
:100D60000808B4404FEA174E1FFA87FCB8FBFEF1A3
:100D7000230C0EFB118843EA084301FB0CF29A4254
:100D800009D9FB1801F1FF3080F0EA809A4240F265
:100D9000E78002393B449A1AA3B2B2FBFEF00EFB85
:100DA000102243EA024300FB0CFC9C4509D9FB18C6
:100DB00000F1FF3280F0D6809C4540F2D3803B4466
:100DC000023840EA0140A3EB0C0300211DB1F340BF
:100DD0000022C5E90032BDE8F0878B4205D90DB18C
:100DE000C5E9000100210846F5E7B3FA83F10029BF
:100DF00046D1734502D3824200F20581841A6EEB1C
:100E0000030201209046002DE5D0C5E90048E2E745
:100E1000002A00F09080B2FA82F6002E40F0A48002
:100E20008A1A030C4FEA174E80B2BCB20121B2FB02
:100E3000FEFC0EFB1C2243EA024304FB0CF29A4226
:100E400007D9FB180CF1FF3802D29A4200F2E08079
:100E5000C4469B1AB3FBFEF20EFB123340EA034377
:100E600002FB04F49C4207D9FB1802F1FF3002D2C6
:100E70009C4200F2CA8002461B1B42EA0C40A5E7D6
:100E8000C1F120068B4022FA06F71F430EFA01F447
:100E900020FA06F32EFA06FE4FEA1749234300FA1A
:100EA00001F81FFA87FCBEFBF9F01C0C09FB10EEE1
:100EB00044EA0E4400FB0CFEA64502FA01F209D9F1
:100EC0003C1900F1FF3A80F09C80A64540F29980E1
:100ED00002383C44A4EB0E041FFA83FEB4FBF9F382
:100EE00009FB13444EEA044403FB0CFCA44508D957
:100EF0003C1903F1FF3E80F08280A4457FD9023B7C
:100F00003C4443EA0040A4EB0C04A0FB02EC644523
:100F10007346E14662D35FD05DB1B8EB030264EB88
:100F2000090404FA06F622FA01F31E43CC40C5E98F
:100F3000006400214FE7B1FBF2FC010C41EA0E41D5
:100F400080B240EA01423B4638463C46B846BE467F
:100F50002026B1FBF7F1A2EB080241EA0C4166E75B
:100F6000014618E710462CE7C6F120022EFA02F3DC
:100F7000B740B14020FA02F24FEA174E0A43B3FBE2
:100F8000FEF8BCB20EFB1833110C41EA034108FB1A
:100F900004F9B04089454FEA104380B23ED9791830
:100FA00008F1FF3C01D289451FD8A1EB0901B1FB33
:100FB000FEF909FB04F80EFB191192B242EA014254
:100FC000424529D2BA1809F1FF31C4D24245C2D2F2
:100FD000A9F102013A44BEE7F0459DD2BEEB0203FF
:100FE0006CEB070C0138E14696E7A7EB0909494489
:100FF000A8F1020CB1FBFEF909FB04F8DBE773462C
:101000007FE7504666E70846FDE63B44023A33E791
:10101000ACF1020C3B441CE749469CE7A1EB0901FB
:10102000C446B1FBFEF909FB04F8C4E7704700BFF2
:1010300080B582B000AF786002E0012000F04AFE87
:101040007868FFF71DF903469BB21946786806F0E9
:10105000E5FF0346012BF0D000BF00BF0837BD46B7
:1010600080BD000080B500AF00221021024801F0D1
:10107000EBF800BF80BD00BF0000024080B500AFAC
:1010800001221021024801F0DFF800BF80BD00BF3F
:101090000000024080B584B000AF03460A46FB71F1
:1010A0001346BB71FB7963F07F03DBB23B73BB7903
:1010B0007B73FFF7D7FF07F10C016423022204487A
:1010C00002F0E7FFFFF7DAFF00BF1037BD4680BD33
:1010D000E002002080B586B002AF0346FB71FB79C9
:1010E00003F07F03DBB23B7300237B73FFF7BAFF90
:1010F00007F1080207F10C0164230093022305485D
:1011000003F00BF9FFF7BAFF7B7A18461037BD469C
:1011100080BD00BFE002002080B500AF00220121A9
:10112000074801F091F80A2000F0D4FD01220121C6
:10113000034801F089F80A2000F0CCFD00BF80BD13
:101140000004024080B500AFFFF7E6FF80210120D8
:10115000FFF7A0FF0A2000F0BDFD81210120FFF76D
:1011600099FF6C210620FFF795FF80210720FFF7EC
:1011700091FF00210820FFF78DFF23210C20FFF7AE
:1011800089FF00210E20FFF785FF00210F20FFF7C8
:1011900081FF72211D20FFF77DFF74211E20FFF7C4
:1011A00079FF04212620FFF775FF34213920FFF74E
:1011B00071FF00214020FFF76DFFFF211220FFF794
:1011C00069FF85210120FFF765FF00BF80BD00009A
:1011D0002DE9F04FADF52D7D1CAF1220FFF77AFF02
:1011E000034687F83E3297F83E3203F04003002B67
:1011F00000F0F58197F83E3203F02003002B40F019
:10120000EE81FF211220FFF745FF1320FFF762FF59
:10121000034687F83D321020FFF75CFF034687F84E
:101220003C3297F83D32802B03D90748FFF700FF87
:10123000D5E197F83C3219460D20FFF72BFF00232C
:1012400087F83F3210E000BFA8CF000897F83F4270
:101250000020FFF73FFF03461A46D94B1A5597F86F
:101260003F32013387F83F3297F83F2297F83D32FB
:101270009A42EBD31A20FFF72DFF03469D3BC7F898
:101280003832002387F8373207F5097300221A60D5
:101290005A609A60DA6007F5057300221A605A6096
:1012A0009A60DA6097F837325A1C87F837221A4664
:1012B000C34B9B5C87F8363297F836320F2B00F21F
:1012C0008B8197F83732BE4A991897F8362207F57E
:1012D0000973184608F0FFFA97F8363203F5FC73E5
:1012E00007F148021344002203F81C2C97F8372218
:1012F00097F83632134487F8373297F83732B04AC6
:1013000013441B68C7F8103297F83732043387F854
:10131000373297F83732AA4A13441B68C7F80C32A1
:1013200097F83732043387F8373297F83732A44AC0
:1013300013441B68C7F8083297F83732043387F82C
:10134000373297F837329E4A13441B68C7F8043285
:1013500097F83732043387F8373297F83732984A9C
:1013600013441B68C7F8003297F83732043387F804
:10137000373297F83732924A13441B68C7F8FC316A
:1013800097F83732043387F8373297F837328C4A78
:1013900013441B68C7F8F83197F83732043387F8DD
:1013A000373297F83732864A13441B68C7F8F4314E
:1013B00097F83732043387F8373297F83732804A54
:1013C00013441B68C7F8F03197F83732043387F8B5
:1013D000373297F837327A4A13441B68C7F8EC3132
:1013E00097F83732043387F8373297F83732744A30
:1013F00013441B68C7F8E83197F83732043387F88D
:10140000373297F837326E4A13441B68C7F8E43115
:1014100097F83732043387F8373297F83732684A0B
:1014200013441B68C7F8E03197F83732043387F864
:10143000373297F83732624A13441B68C7F8DC31F9
:1014400097F83732043387F8373297F837325A1C17
:1014500087F837221A465A4B9B5C87F8353297F843
:1014600035320F2B00F2BA8097F83732544A991868
:1014700097F8352207F50573184608F02CFA97F807
:10148000353203F5FC7307F148021344002203F8D8
:101490002C2C97F8372297F83532134487F83732D7
:1014A000D7F810327B64D7F80C223A64D7F80832A8
:1014B0001846FFF751F8C7E90E01D7F8043218466D
:1014C000FFF74AF8C7E90C01D7F800321846FFF7D2
:1014D00043F8C7E90A01D7F8FC311846FFF73CF892
:1014E000C7E90801D7F8F8311846FFF735F8C7E91A
:1014F0000601D7F8F4311846FFF72EF8C7E90401C2
:10150000D7F8F0311846FFF727F8C7E90201D7F8F6
:10151000EC417C60D7F8E8311846FFF71DF88246A9
:101520008B46D7F8E4311846FFF716F8804689460F
:10153000D7F8E0311846FFF70FF804460D46D7F804
:10154000DC311846FFF708F807F5097207F14C0679
:10155000D7F838321B9307F505731A93CDE91801B4
:10156000CDE91645CDE91489CDE912AB7C6810941C
:1015700097ED027B8DED0E7B97ED047B8DED0C7B63
:1015800097ED067B8DED0A7B97ED087B8DED087B53
:1015900097ED0A7B8DED067B97ED0C7B8DED047B43
:1015A00097ED0E7B8DED027B396C00917B6C0549CC
:1015B000304608F0ABF807F14C03184604E000BFD2
:1015C00038030020BCCF0008FFF732FD064B1B6834
:1015D0000133054A136002E000BF00E000BF07F5D9
:1015E0001177BD46BDE8F08FB803002080B58EB0FE
:1015F00000AF00F0FDFA00F031F800F0CFF800F095
:1016000097F806F04DFC4FF47A7000F063FB104839
:10161000FFF70EFDFFF796FD4220FFF75BFD034647
:1016200087F8373097F837203B1D0A49184608F0ED
:101630006DF83B1D1846FFF7FBFC0748FFF7F8FC69
:10164000FFF7C6FD0A2000F045FB00BFF8E700BF2A
:1016500078D0000890D00008ACD0000880B594B0D5
:1016600000AF07F1200330220021184608F0B3F83C
:1016700007F10C0300221A605A609A60DA601A615E
:101680000023BB60284B1B6C274A43F08053136434
:10169000254B1B6C03F08053BB60BB6800237B6051
:1016A000224B1B68214A43F4404313601F4B1B68C5
:1016B00003F440437B607B6802233B620123FB62AF
:1016C00010233B630223BB630023FB6310233B64B3
:1016D0004FF4A8737B640423BB640723FB6407F106
:1016E0002003184602F01CF80346002B01D000F03E
:1016F000CDF80F23FB6002233B6100237B614FF495
:101700008053BB610023FB6107F10C0302211846E3
:1017100002F07EFA0346002B01D000F0B7F800BFBC
:101720005037BD4680BD00BF003802400070004009
:1017300080B500AF174B184A1A60164B4FF48272EF
:101740005A60144B00229A60124B0022DA60114B4F
:1017500000221A610F4B00225A610E4B4FF40072A7
:101760009A610C4B1822DA610A4B00221A62094B6B
:1017700000225A62074B00229A62064B0A22DA6262
:10178000044802F0FDFB0346002B01D000F07EF878
:1017900000BF80BDE00200200030014080B588B06D
:1017A00000AF07F10C0300221A605A609A60DA60F9
:1017B0001A610023BB60324B1B6B314A43F080033C
:1017C00013632F4B1B6B03F08003BB60BB680023CC
:1017D0007B602B4B1B6B2A4A43F001031363284B9E
:1017E0001B6B03F001037B607B6800233B60244B91
:1017F0001B6B234A43F002031363214B1B6B03F063
:1018000002033B603B68012210211E4800F01CFDD2
:10181000012201211C4800F017FD1023FB60012369
:101820003B6100237B610023BB6107F10C03194678
:10183000144800F085FB0123FB6001233B6100237A
:101840007B610023BB6107F10C0319460E4800F0D1
:1018500077FB0223FB604FF488133B6100237B611D
:1018600007F10C031946084800F06AFB0122102119
:10187000044800F0E9FC00BF2037BD4680BD00BF32
:1018800000380240000002400004024080B400AF73
:1018900072B600BF00BFFDE780B483B000AF002385
:1018A0007B60104B5B6C0F4A43F4804353640D4BD9
:1018B0005B6C03F480437B607B6800233B60094BD7
:1018C0001B6C084A43F080531364064B1B6C03F0F7
:1018D00080533B603B6800BF0C37BD465DF8047B1E
:1018E000704700BF0038024080B58AB000AF786012
:1018F00007F1140300221A605A609A60DA601A61D4
:101900007B681B68194A93422BD100233B61184B1B
:101910005B6C174A43F480535364154B5B6C03F4C0
:1019200080533B613B690023FB60114B1B6B104AEA
:1019300043F0010313630E4B1B6B03F00103FB60C9
:10194000FB68E0237B610223BB610023FB6103236F
:101950003B6205237B6207F114031946054800F03A
:10196000EFFA00BF2837BD4680BD00BF0030014000
:10197000003802400000024080B400AF00BFFDE725
:1019800080B400AF00BFFDE780B400AF00BFFDE74B
:1019900080B400AF00BFFDE780B400AF00BFFDE73B
:1019A00080B400AF00BFBD465DF8047B704780B4D3
:1019B00000AF00BFBD465DF8047B704780B400AF48
:1019C00000BFBD465DF8047B704780B500AF00F0F6
:1019D00061F900BF80BD000080B500AF024800F093
:1019E00090FD00BF80BD00BFA418002080B400AFF0
:1019F00001231846BD465DF8047B704780B582B070
:101A000000AF7860396007F039FF034616221A608C
:101A10004FF0FF3318460837BD4680BD80B582B011
:101A200000AF78604FF0FF317868FFF7E7FF00BF45
:101A3000FDE780B586B000AFF860B9607A6000233A
:101A40007B610AE0AFF300800146BB685A1CBA60B4
:101A5000CAB21A707B6901337B617A697B689A42EA
:101A6000F0DB7B6818461837BD4680BD80B586B070
:101A700000AFF860B9607A6000237B6109E0BB6861
:101A80005A1CBA601B781846AFF300807B6901339B
:101A90007B617A697B689A42F1DB7B68184618376C
:101AA000BD4680BD80B483B000AF78604FF0FF3397
:101AB00018460C37BD465DF8047B704780B483B090
:101AC00000AF786039603B684FF400525A600023E1
:101AD00018460C37BD465DF8047B704780B483B070
:101AE00000AF7860012318460C37BD465DF8047BD3
:101AF000704780B485B000AFF860B9607A600023A9
:101B000018461437BD465DF8047B704780B586B033
:101B100000AF7860144A154BD31A7B617B693B6137
:101B2000134B1B68002B02D1114B124A1A60104B49
:101B30001A687B6813443A699A4207D207F09EFEFE
:101B400003460C221A604FF0FF3309E0084B1B6874
:101B5000FB60074B1A687B681344054A1360FB68F7
:101B600018461837BD4680BD000002200004000062
:101B7000BC030020F820002080B400AF064BD3F84F
:101B80008830054A43F47003C2F8883000BFBD4670
:101B90005DF8047B704700BF00ED00E0DFF834D053
:101BA000FFF7EAFF0C480D490D4A002302E0D45824
:101BB000C4500433C4188C42F9D30A4A0A4C002397
:101BC00001E013600432A242FBD307F05DFEFFF791
:101BD0000DFD70470000022000000020C40200201C
:101BE00054D50008C4020020F4200020FEE70000C5
:101BF00080B500AF0E4B1B680D4A43F400731360B1
:101C00000B4B1B680A4A43F480631360084B1B6844
:101C1000074A43F480731360032000F04FF90F204C
:101C200000F008F8FFF738FE0023184680BD00BF1B
:101C3000003C024080B582B000AF7860124B1A6859
:101C4000124B1B7819464FF47A73B3FBF1F3B2FBD6
:101C5000F3F3184600F067F90346002B01D0012387
:101C60000EE07B680F2B0AD8002279684FF0FF3016
:101C700000F02FF9064A7B681360002300E001237F
:101C800018460837BD4680BD00000020080000202F
:101C90000400002080B400AF064B1B781A46064BA8
:101CA0001B681344044A136000BFBD465DF8047B03
:101CB000704700BF08000020C003002080B400AFC0
:101CC000034B1B681846BD465DF8047B704700BF98
:101CD000C003002080B584B000AF7860FFF7EEFF4E
:101CE000B8607B68FB60FB68B3F1FF3F05D00A4B2F
:101CF0001B781A46FB681344FB6000BFFFF7DEFF4A
:101D00000246BB68D31AFA689A42F7D800BF00BFF0
:101D10001037BD4680BD00BF0800002080B485B0EC
:101D200000AF78607B6803F00703FB600C4BDB6857
:101D3000BB60BA684FF6FF031340BB60FB681A0232
:101D4000BB68134343F0BF6343F40033BB60044AF2
:101D5000BB68D36000BF1437BD465DF8047B704795
:101D600000ED00E080B400AF044BDB681B0A03F019
:101D700007031846BD465DF8047B704700ED00E0A0
:101D800080B483B000AF0346FB7197F90730002B96
:101D90000BDBFB7903F01F02074997F907305B095A
:101DA000012000FA02F241F8232000BF0C37BD46A3
:101DB0005DF8047B704700BF00E100E080B483B0B1
:101DC00000AF03463960FB7197F90730002B0ADB3F
:101DD0003B68DAB20C4997F907301201D2B20B44D2
:101DE00083F800230AE03B68DAB20849FB7903F084
:101DF0000F03043B1201D2B20B441A7600BF0C371A
:101E0000BD465DF8047B704700E100E000ED00E0B6
:101E100080B489B000AFF860B9607A60FB6803F005
:101E20000703FB61FB69C3F10703042B28BF0423ED
:101E3000BB61FB690433062B02D9FB69033B00E05D
:101E400000237B614FF0FF32BB6902FA03F3DA43F0
:101E5000BB681A407B699A404FF0FF317B6901FAF9
:101E600003F3D9437B680B40134318462437BD4620
:101E70005DF8047B7047000080B582B000AF7860E9
:101E80007B68013BB3F1807F01D301230FE00A4A55
:101E90007B68013B53600F214FF0FF30FFF78EFF4F
:101EA000054B00229A60044B07221A600023184653
:101EB0000837BD4680BD00BF10E000E080B582B0AD
:101EC00000AF78607868FFF729FF00BF0837BD468C
:101ED00080BD80B586B000AF0346B9607A60FB7301
:101EE00000237B61FFF73EFF78617A68B968786903
:101EF000FFF78EFF024697F90F3011461846FFF79D
:101F00005DFF00BF1837BD4680BD80B582B000AF11
:101F10000346FB7197F907301846FFF731FF00BF02
:101F20000837BD4680BD80B582B000AF7860786864
:101F3000FFF7A2FF034618460837BD4680BD0000E4
:101F400080B489B000AF7860396000237B610023E2
:101F50003B610023BB610023FB6159E10122FB6966
:101F600002FA03F37B613B681B687A6913403B61AB
:101F70003A697B699A4240F048813B685B6803F0AC
:101F80000303012B05D03B685B6803F00303022BBE
:101F900030D17B689B68BB61FB695B00032202FA5E
:101FA00003F3DB43BA691340BB613B68DA68FB6942
:101FB0005B0002FA03F3BA691343BB617B68BA6939
:101FC0009A607B685B68BB610122FB6902FA03F3DC
:101FD000DB43BA691340BB613B685B681B0903F0D4
:101FE0000102FB6902FA03F3BA691343BB617B6820
:101FF000BA695A603B685B6803F00303032B17D090
:102000007B68DB68BB61FB695B00032202FA03F3B8
:10201000DB43BA691340BB613B689A68FB695B00AC
:1020200002FA03F3BA691343BB617B68BA69DA60E9
:102030003B685B6803F00303022B23D1FB69DA08DA
:102040007B68083253F82230BB61FB6903F0070359
:102050009B000F2202FA03F3DB43BA691340BB6112
:102060003B681A69FB6903F007039B0002FA03F35C
:10207000BA691343BB61FB69DA087B680832B96946
:1020800043F822107B681B68BB61FB695B0003227D
:1020900002FA03F3DB43BA691340BB613B685B6838
:1020A00003F00302FB695B0002FA03F3BA6913430E
:1020B000BB617B68BA691A603B685B6803F44033B4
:1020C000002B00F0A2800023FB60574B5B6C564A4C
:1020D00043F480435364544B5B6C03F48043FB60D4
:1020E000FB68524AFB699B08023352F82330BB61FC
:1020F000FB6903F003039B000F2202FA03F3DB43A7
:10210000BA691340BB617B68494A934219D07B6826
:10211000484A934213D07B68474A93420DD07B686C
:10212000464A934207D07B68454A934201D1042333
:1021300008E0072306E0032304E0022302E0012372
:1021400000E00023FA6902F0030292009340BA69AA
:102150001343BB613549FB699B080233BA6941F8F7
:102160002320384B9B68BB613B69DB43BA69134052
:10217000BB613B685B6803F48013002B03D0BA6932
:102180003B691343BB612F4ABB6993602D4BDB68EE
:10219000BB613B69DB43BA691340BB613B685B6869
:1021A00003F40013002B03D0BA693B691343BB61EE
:1021B000244ABB69D360234B5B68BB613B69DB434B
:1021C000BA691340BB613B685B6803F40033002BC2
:1021D00003D0BA693B691343BB611A4ABB695360B8
:1021E000184B1B68BB613B69DB43BA691340BB6199
:1021F0003B685B6803F48033002B03D0BA693B690A
:102200001343BB610F4ABB691360FB690133FB6178
:10221000FB690F2B7FF6A2AE00BF00BF2437BD467F
:102220005DF8047B704700BF003802400038014071
:10223000000002400004024000080240000C02407E
:1022400000100240003C014080B483B000AF7860D1
:102250000B467B8013467B707B78002B03D07A88FB
:102260007B689A6103E07B881A047B689A6100BFEF
:102270000C37BD465DF8047B704780B586B002AF71
:1022800078607B68002B01D1012301E17B681B682A
:10229000BB607B6893F89534DBB2002B06D17B687A
:1022A000002283F89424786806F000F87B68032203
:1022B00083F89524BB68B3F1A04F02D17B6800225C
:1022C0009A717B681B68184602F0C3FB7B6818682C
:1022D0007B681A7C8DF8002004330ECB02F0A2FA42
:1022E0000346002B05D07B68022283F89524012346
:1022F000CEE07B681B680021184602F0BBFB03465A
:10230000002B05D07B68022283F895240123BFE0CF
:102310000023FB734AE0FA7B79681346DB00134421
:102320009B000B44153301221A70FA7B796813461F
:10233000DB0013449B000B441433FA7B1A70FA7BC6
:10234000FB7B98B279681346DB0013449B000B4477
:102350002E3302461A80FA7B79681346DB00134459
:102360009B000B44183300221A70FA7B79681346DD
:10237000DB0013449B000B441C3300221A60FA7BE1
:1023800079681346DB0013449B000B442033002282
:102390001A60FA7B79681346DB0013449B000B44F8
:1023A000243300221A60FB7B0133FB737B681B79AB
:1023B000FA7B9A42AFD30023FB7344E0FA7B79683F
:1023C0001346DB0013449B000B4403F25523002209
:1023D0001A70FA7B79681346DB0013449B000B44A8
:1023E00003F51573FA7B1A70FA7B79681346DB00E4
:1023F00013449B000B4403F5167300221A70FA7BFA
:1024000079681346DB0013449B000B4403F51773F4
:1024100000221A60FA7B79681346DB0013449B00A4
:102420000B4403F5187300221A60FA7B796813468F
:10243000DB0013449B000B4403F5197300221A6060
:10244000FB7B0133FB737B681B79FA7B9A42B5D324
:102450007B6818687B681A7C8DF8002004330ECBEB
:1024600002F054FB0346002B05D07B68022283F860
:10247000952401230CE07B6800225A747B680122BA
:1024800083F895247B681B68184603F09EFB0023A5
:1024900018461037BD4680BD80B584B000AF786067
:1024A0007B681B68FB607B6893F89434012B01D137
:1024B000022322E07B68012283F89424FB68DB6816
:1024C00003F04003002B09D07B685B7B012B05D117
:1024D000FB689B6B43F48032FB689A637B681B68E4
:1024E000184602F0A5FA7B681B68184603F04CFBFF
:1024F0007B68002283F89424002318461037BD46D9
:1025000080BD90B58DB000AF78607B681B683B6282
:102510003B6AFB617B681B68184603F00AFC0346B4
:10252000002B40F08C847B681B68184603F06EFB20
:102530000346002B00F08284FB6903F500639B686F
:102540001B0AC3F30D027B68C3F8D4247B681B68A5
:10255000184603F05BFB034603F00203022B07D18E
:102560007B681B685A697B681B6802F002025A612B
:102570007B681B68184603F049FB034603F0100311
:10258000102B61D17B681B689A697B681B6822F0FD
:1025900010029A613B6A1B6ABB61BB6903F00F02C0
:1025A0001346DB0013449B0003F514737A6813444D
:1025B00004337B61BB6903F4F013B3F5802F24D19E
:1025C000BA6947F6F0731340002B35D07B69D968A0
:1025D000BB691B099BB2C3F30A039BB21A46386A54
:1025E00003F080F97B69DA68BB691B09C3F30A034E
:1025F0001A447B69DA607B695A69BB691B09C3F3BA
:102600000A031A447B695A6116E0BB6903F4F013AC
:10261000B3F5402F10D17B6803F29C430822194682
:10262000386A03F05FF97B695A69BB691B09C3F318
:102630000A031A447B695A617B681B689A697B6844
:102640001B6842F010029A617B681B68184603F011
:10265000DDFA034603F40023B3F5002F40F0A78012
:1026600000237B627B681B68184603F0E2FAB862BD
:1026700099E0BB6A03F00103002B00F08E807B68B9
:102680001B687A6AD2B21146184603F006FB38611D
:102690003B6903F00103002B0CD07B6A5A01FB69F4
:1026A000134403F530631A4601239360796A78680E
:1026B00000F0A4FE3B6903F00803002B0CD07B6AFA
:1026C0005A01FB69134403F530631A4608239360EB
:1026D000796A786800F07AFF3B6903F01003002BF9
:1026E00008D07B6A5A01FB69134403F530631A462C
:1026F000102393603B6903F00203002B30D03B6A48
:102700005B6903F08003802B09D1FB6903F500634B
:102710005B68FA6902F5006243F4806353607A6A89
:102720001346DB0013449B0003F514737A681344CB
:1027300004337B617B69DB78012B08D17B69002244
:10274000DA707B6ADBB21946786805F0ABFE7B6A0B
:102750005A01FB69134403F530631A460223936060
:102760003B6903F02003002B08D07B6A5A01FB6908
:10277000134403F530631A46202393603B6903F446
:102780000053002B09D07B6A5A01FB69134403F5FF
:1027900030631A464FF4005393607B6A01337B62C7
:1027A000BB6A5B08BB62BB6A002B7FF462AF7B68CD
:1027B0001B68184603F02AFA034603F48023B3F596
:1027C000802F40F0DB807B681B68184603F04BFAD3
:1027D000B86200237B62CDE0BB6A03F00103002BEB
:1027E00000F0C2807B681B687A6AD2B21146184634
:1027F00003F071FA38613B6903F00103002B57D0F5
:102800007B6A03F00F03012202FA03F3FB60FB690A
:1028100003F500635A6BFB68DB43F96901F500615E
:1028200013404B637B6A5A01FB69134403F5106341
:102830001A46012393607B689B79012B32D179681A
:102840007A6A1346DB0013449B000B44203319685B
:1028500078687A6A1346DB0013449B0003441C33F8
:102860001B68194478687A6A1346DB0013449B009E
:102870000344203319607B6A002B13D179687A6A8C
:102880001346DB0013449B000B4424331B68002BCE
:1028900008D17B6818687B6803F29C431A460121C3
:1028A00003F078FA7B6ADBB21946786805F07FFDA1
:1028B0003B6903F00803002B08D07B6A5A01FB69CF
:1028C000134403F510631A46082393603B6903F031
:1028D0001003002B08D07B6A5A01FB69134403F5EF
:1028E00010631A46102393603B6903F04003002BEA
:1028F00008D07B6A5A01FB69134403F510631A463A
:10290000402393603B6903F00203002B23D0796AD4
:10291000386A02F05FFA7A6A1346DB0013449B00C0
:1029200010337A68134404337B617B69DB78012BB5
:1029300008D17B690022DA707B6ADBB219467868BD
:1029400005F0C2FD7B6A5A01FB69134403F510636D
:102950001A46022393603B6903F08003002B03D0E7
:10296000796A786800F0BDFC7B6A01337B62BB6AE0
:102970005B08BB62BB6A002B7FF42EAF7B681B68D1
:10298000184603F043F9034603F00043B3F1004F48
:1029900022D1FB6903F500635B68FA6902F5006206
:1029A00023F0010353607B6893F8CC34012B08D1EA
:1029B0007B68002283F8CC240021786800F0A4FE14
:1029C00002E0786805F060FD7B681B685A697B68E7
:1029D0001B6802F000425A617B681B68184603F0CE
:1029E00015F9034603F40063B3F5006F12D1FB69D8
:1029F00003F500639B6803F00103012B02D17868A3
:102A000005F01CFD7B681B685A697B681B6802F433
:102A100000625A617B681B68184603F0F7F80346AA
:102A200003F48053B3F5805F40F0B780FB6903F592
:102A300000635B68FA6902F5006223F001035360EA
:102A40007B681B681021184602F0C4F90023FB6262
:102A500046E0FB6A5A01FB69134403F510631A460A
:102A60004FF67F339360FB6A5A01FB69134403F509
:102A700010631B68FA6A5101FA690A4402F5106290
:102A800023F400131360FB6A5A01FB69134403F536
:102A900030631A464FF67F339360FB6A5A01FB6935
:102AA000134403F530631B68FA6A5101FA690A445A
:102AB00002F5306223F400131360FB6A5A01FB69CC
:102AC000134403F530631B68FA6A5101FA690A443A
:102AD00002F5306243F000631360FB6A0133FB626E
:102AE0007B681B791A46FB6A9342B2D3FB6903F5F4
:102AF0000063DB69FA6902F5006243F00113D361F8
:102B00007B68DB7B002B16D0FB6903F50063D3F8F1
:102B10008430FA6902F5006243F00B03C2F8843096
:102B2000FB6903F500635B6CFA6902F5006243F030
:102B30000B03536415E0FB6903F500635B69FA69F5
:102B400002F5006243F4005343F02B035361FB6929
:102B500003F500631B69FA6902F5006243F00B0399
:102B60001361FB6903F500631B68FA6902F50062F3
:102B700023F4FE6313607B6818687B6899797B682F
:102B800003F29C431A4603F005F97B681B685A69F7
:102B90007B681B6802F480525A617B681B68184688
:102BA00003F034F8034603F40053B3F5005F23D178
:102BB0007B681B68184603F0CAF87B681B681846D8
:102BC00002F081F903461A467B68DA717B681C685B
:102BD00001F0CAF901467B68DB791A46204601F00C
:102BE00085FE786805F00BFC7B681B685A697B687A
:102BF0001B6802F400525A617B681B68184603F098
:102C000005F8034603F00803082B0AD1786805F09D
:102C1000E8FB7B681B685A697B681B6802F0080246
:102C20005A617B681B68184602F0F0FF034603F008
:102C30008003802B23D13B6A9B6923F080023B6A8F
:102C40009A6101237B6214E079687A6A1346DB009B
:102C500013449B000B4403F257231B78012B05D12F
:102C60007B6ADBB21946786800F00AFB7B6A0133A5
:102C70007B627B681B791A467B6A9342E4D37B684C
:102C80001B68184602F0C2FF034603F48013B3F535
:102C9000801F3CD101237B622BE07B6A5A01FB69D8
:102CA000134403F510631B68BB6179687A6A1346A5
:102CB000DB0013449B000B4418331B78012B15D108
:102CC000BB69002B12DA79687A6A1346DB00134479
:102CD0009B000B44173301221A707B6ADBB263F04E
:102CE0007F03DBB21946786800F0CAFA7B6A0133C9
:102CF0007B627B681B791A467B6A9342CDD37B68E3
:102D00001B685A697B681B6802F480125A617B68F1
:102D10001B68184602F07AFF034603F40013B3F56C
:102D2000001F56D101237B6245E07B6A5A01FB6993
:102D3000134403F530631B68BB6179687A6A1346F4
:102D4000DB0013449B000B4403F516731B78012B27
:102D50002ED1BB69002B2BDABB691A0C7B68D3F828
:102D6000D434534003F00103002B21D179687A6AEF
:102D70001346DB0013449B000B4403F2572301224C
:102D80001A703B6A9B6943F080023B6A9A613B6A16
:102D90005B6903F08003002B0AD1FB6903F5006334
:102DA0005B68FA6902F5006243F40073536008E05F
:102DB0007B6A01337B627B681B791A467B6A93428C
:102DC000B3D37B681B685A697B681B6802F40012E6
:102DD0005A617B681B68184602F018FF034603F02F
:102DE0008043B3F1804F0AD1786805F07FFB7B68A0
:102DF0001B685A697B681B6802F080425A617B68D5
:102E00001B68184602F002FF034603F00403042B7C
:102E100015D17B681B685B68BB61BB6903F0040369
:102E2000002B02D0786805F06FFB7B681B6859683F
:102E30007B681B68BA690A435A6000E000BF3437F8
:102E4000BD4690BD80B582B000AF78600B46FB7088
:102E50007B6893F89434012B01D1022312E07B6844
:102E6000012283F894247B68FA785A747B681B6883
:102E7000FA781146184602F061FE7B68002283F85A
:102E80009424002318460837BD4680BD80B584B021
:102E900000AF7860084611461A460346FB700B46A1
:102EA0003B801346BB700023FB7297F90330002B65
:102EB0000FDAFB7803F00F021346DB0013449B008C
:102EC00010337A6813440433FB60FB6801225A70A4
:102ED0000FE0FB7803F00F021346DB0013449B0066
:102EE00003F514737A6813440433FB60FB68002213
:102EF0005A70FB7803F00F03DAB2FB681A703B8854
:102F0000C3F30A02FB689A60FB68BA781A71FB681F
:102F10005B78002B04D0FB681B781A46FB685A8349
:102F2000BB78022B02D1FB6800225A717B6893F8B0
:102F30009434012B01D102230EE07B68012283F837
:102F400094247B681B68F968184601F0E1FF7B68F0
:102F5000002283F89424FB7A18461037BD4680BDC2
:102F600080B584B000AF78600B46FB7097F90330F2
:102F7000002B0FDAFB7803F00F021346DB0013443B
:102F80009B0010337A6813440433FB60FB68012212
:102F90005A700FE0FB7803F00F021346DB00134476
:102FA0009B0003F514737A6813440433FB60FB68D9
:102FB00000225A70FB7803F00F03DAB2FB681A7034
:102FC0007B6893F89434012B01D102230EE07B68D7
:102FD000012283F894247B681B68F968184602F084
:102FE0001FF87B68002283F89424002318461037CA
:102FF000BD4680BD80B586B000AFF8607A603B60AA
:103000000B46FB72FB7A03F00F021346DB001344FE
:103010009B0003F51473FA68134404337B617B69E6
:103020007A68DA607B693A681A617B6900225A61C2
:103030007B6900225A70FB7A03F00F03DAB27B69D6
:103040001A70FB689B79012B02D17A687B69DA617F
:10305000FB681868FB689B791A46796902F0BCF82E
:10306000002318461837BD4680BD80B483B000AF3A
:1030700078600B46FB70FB7803F00F02796813460B
:10308000DB0013449B000B4403F51A731B681846BE
:103090000C37BD465DF8047B704780B586B000AF45
:1030A000F8607A603B600B46FB72FB7A03F00F021C
:1030B0001346DB0013449B001033FA6813440433B7
:1030C0007B617B697A68DA607B693A681A617B693F
:1030D00000225A617B6901225A70FB7A03F00F03C8
:1030E000DAB27B691A70FB689B79012B02D17A688E
:1030F0007B69DA61FB681868FB689B791A46796915
:1031000002F06AF8002318461837BD4680BD80B526
:1031100084B000AF78600B46FB70FB7803F00F03C0
:103120007A681279934201D901234FE097F903306D
:10313000002B0FDAFB7803F00F021346DB00134479
:103140009B0010337A6813440433FB60FB68012250
:103150005A700DE0FA781346DB0013449B0003F528
:1031600014737A6813440433FB60FB6800225A70BE
:10317000FB6801229A70FB7803F00F03DAB2FB6858
:103180001A707B6893F89434012B01D102231DE05F
:103190007B68012283F894247B681B68F9681846D1
:1031A00002F0F8FBFB7803F00F03002B09D17B68DA
:1031B00018687B6899797B6803F29C431A4602F091
:1031C000E9FD7B68002283F8942400231846103719
:1031D000BD4680BD80B584B000AF78600B46FB7003
:1031E000FB7803F00F037A681279934201D9012327
:1031F00042E097F90330002B0FDAFB7803F00F025F
:103200001346DB0013449B0010337A6813440433E5
:10321000FB60FB6801225A700FE0FB7803F00F029D
:103220001346DB0013449B0003F514737A681344C0
:103230000433FB60FB6800225A70FB6800229A701E
:10324000FB7803F00F03DAB2FB681A707B6893F81F
:103250009434012B01D102230EE07B68012283F814
:1032600094247B681B68F968184602F001FC7B68AF
:10327000002283F89424002318461037BD4680BDF1
:1032800080B584B000AF78600B46FB7097F90330CF
:10329000002B0CDAFB7803F00F021346DB0013441B
:1032A0009B0010337A6813440433FB600CE0FB7816
:1032B00003F00F021346DB0013449B0003F5147365
:1032C0007A6813440433FB607B681B68F96818460E
:1032D00002F020FA0346FB72FB7A18461037BD460F
:1032E00080BD80B58AB002AF786039607B681B68AA
:1032F0007B617B693B613A681346DB0013449B00AA
:1033000010337A6813440433FB60FB685A69FB6826
:103310001B699A4201D901236BE0FB681A69FB68BB
:103320005B69D31AFB61FB689B68FA699A4202D910
:10333000FB689B68FB61FB6903339B08BB612AE068
:10334000FB681A69FB685B69D31AFB61FB689B68C1
:10335000FA699A4202D9FB689B68FB61FB690333F7
:103360009B08BB61FB68D9683B68DAB2FB6998B21D
:103370007B689B7900930346786902F075FAFB68D5
:10338000DA68FB691A44FB68DA60FB685A69FB6912
:103390001A44FB685A613B685A013B69134403F5C0
:1033A00010639B699BB2BA699A4209D8FB685A6953
:1033B000FB681B699A4203D2FB681B69002BBFD1D3
:1033C000FB681A69FB685B699A4211D83B6803F095
:1033D0000F03012202FA03F3BB603B6903F50063AC
:1033E0005A6BBB68DB43396901F5006113404B63DD
:1033F000002318462037BD4680BD000080B588B048
:1034000000AF786039607B681B68FB61FB69BB615A
:10341000FB693C3304331B687B613B685A01BB6921
:10342000134403F530639B683B617B689B79012BF8
:103430007BD13B6903F00803002B15D07B69614AFF
:10344000934240F2B9803B6903F40043002B00F043
:10345000B3803B685A01BB69134403F530631A46D5
:103460004FF400439360A7E03B6903F02003002B77
:1034700009D03B685A01BB69134403F530631A460F
:103480002023936098E03B6903F02803002B40F071
:1034900093807B694B4A93420FD93B6903F4004305
:1034A000002B0AD03B685A01BB69134403F5306313
:1034B0001A464FF4004393607EE03A681346DB00FF
:1034C00013449B0003F514737A6813440433FB60C0
:1034D000FB681A6A3B685901BB690B4403F530630A
:1034E0001B69C3F31203D21AFB685A613B68002BB5
:1034F00014D1FB681B69002B09D17B6818687B68B5
:1035000003F29C431A46012102F044FC06E0FB68EA
:10351000DA68FB685B691A44FB68DA603B68DBB217
:103520001946786804F028FF46E07B69264A9342F2
:1035300024D13B6903F40043002B0AD03B685A01B5
:10354000BB69134403F530631A464FF4004393609C
:1035500032E03B6903F02003002B08D03B685A019E
:10356000BB69134403F530631A46202393603B681C
:10357000DBB21946786804F0FFFE1DE03B68002BC3
:1035800014D179683A681346DB0013449B000B445E
:1035900003F519731B68002B08D17B6818687B68DA
:1035A00003F29C431A46002102F0F4FB3B68DBB2B5
:1035B0001946786804F0E0FE002318462037BD461F
:1035C00080BD00BF0A30544F0A31544F80B586B0D9
:1035D00000AF786039607B681B687B617B693B6109
:1035E0007B693C3304331B68FB603B685A013B69D1
:1035F000134403F530639B68BB60FB68154A934234
:103600000ED9BB6803F40043002B09D03B685A0174
:103610003B69134403F530631A464FF4004393604B
:10362000786804F097FEFB680A4A93420CD97B68DD
:103630009B79012B08D17B6818687B6803F29C4357
:103640001A46012102F0A6FB002318461837BD4692
:1036500080BD00BF0A30544F80B485B000AF7860A1
:103660000B46FB7013463B807B681B685B6ABB6044
:10367000FB78002B07D13B8819047B681B68BA686C
:103680000A439A6228E07B681B689B6A1B0CBA6835
:103690001344BB600023FB730DE07B681A68FB7B5F
:1036A00040339B0013445B681B0CBA681344BB6037
:1036B000FB7B0133FB73FA7BFB78013B9A42ECD333
:1036C0003B8818047B681968FB78013BBA680243A1
:1036D00040339B000B445A60002318461437BD4604
:1036E0005DF8047B704780B483B000AF78600B4610
:1036F0007B807B681B687A885A62002318460C37E7
:10370000BD465DF8047B704780B483B000AF78603D
:103710000B46FB7000BF0C37BD465DF8047B70475D
:1037200080B586B000AF78607B68002B01D10123A3
:1037300067E27B681B6803F00103002B75D0884BA0
:103740009B6803F00C03042B0CD0854B9B6803F0A3
:103750000C03082B12D1824B5B6803F48003B3F592
:10376000800F0BD17E4B1B6803F40033002B5BD022
:103770007B685B68002B57D1012342E27B685B6862
:10378000B3F5803F06D1764B1B68754A43F480330E
:1037900013601DE07B685B68B3F5A02F0CD1704B04
:1037A0001B686F4A43F4802313606D4B1B686C4A9F
:1037B00043F4803313600BE0694B1B68684A23F4C1
:1037C00080331360664B1B68654A23F480231360C3
:1037D0007B685B68002B13D0FEF770FA386108E055
:1037E000FEF76CFA02463B69D31A642B01D9032316
:1037F00007E25B4B1B6803F40033002BF0D014E0AE
:10380000FEF75CFA386108E0FEF758FA02463B69B9
:10381000D31A642B01D90323F3E1514B1B6803F442
:103820000033002BF0D100E000BF7B681B6803F081
:103830000203002B63D04A4B9B6803F00C03002B60
:103840000BD0474B9B6803F00C03082B1CD1444B57
:103850005B6803F48003002B16D1414B1B6803F017
:103860000203002B05D07B68DB68012B01D001230C
:10387000C7E13B4B1B6823F0F8027B681B69DB0048
:10388000374913430B603AE07B68DB68002B20D09C
:10389000344B01221A60FEF711FA386108E0FEF796
:1038A0000DFA02463B69D31A022B01D90323A8E182
:1038B0002B4B1B6803F00203002BF0D0284B1B6836
:1038C00023F0F8027B681B69DB00254913430B607A
:1038D00015E0244B00221A60FEF7F0F9386108E089
:1038E000FEF7ECF902463B69D31A022B01D90323F8
:1038F00087E11B4B1B6803F00203002BF0D17B68B0
:103900001B6803F00803002B36D07B685B69002B33
:1039100016D0154B01221A60FEF7D0F9386108E085
:10392000FEF7CCF902463B69D31A022B01D90323D7
:1039300067E10B4B5B6F03F00203002BF0D01BE041
:10394000094B00221A60FEF7B9F938610EE0FEF764
:10395000B5F902463B69D31A022B07D9032350E17C
:103960000038024000004742800E4742884B5B6FA0
:1039700003F00203002BEAD17B681B6803F0040309
:10398000002B00F097800023FB75814B1B6C03F02C
:103990008053002B0FD10023BB607D4B1B6C7C4AF6
:1039A00043F0805313647A4B1B6C03F08053BB606D
:1039B000BB680123FB75774B1B6803F48073002BF6
:1039C00018D1744B1B68734A43F480731360FEF77D
:1039D00075F9386108E0FEF771F902463B69D31AC0
:1039E000022B01D903230CE16A4B1B6803F480739B
:1039F000002BF0D07B689B68012B06D1644B1B6FBA
:103A0000634A43F0010313671CE07B689B68052B46
:103A10000CD15F4B1B6F5E4A43F0040313675C4B92
:103A20001B6F5B4A43F0010313670BE0584B1B6F9E
:103A3000574A23F001031367554B1B6F544A23F079
:103A4000040313677B689B68002B15D0FEF736F9DB
:103A500038610AE0FEF732F902463B69D31A41F2B7
:103A60008832934201D90323CBE0494B1B6F03F00B
:103A70000203002BEED014E0FEF720F938610AE0D3
:103A8000FEF71CF902463B69D31A41F28832934291
:103A900001D90323B5E03E4B1B6F03F00203002B5B
:103AA000EED1FB7D012B05D1394B1B6C384A23F03D
:103AB000805313647B689B69002B00F0A180344B1A
:103AC0009B6803F00C03082B5CD07B689B69022B7E
:103AD00041D1314B00221A60FEF7F0F8386108E05E
:103AE000FEF7ECF802463B69D31A022B01D90323F7
:103AF00087E0274B1B6803F00073002BF0D17B6835
:103B0000DA697B681B6A1A437B685B6A9B011A430C
:103B10007B689B6A5B08013B1B041A437B68DB6A7A
:103B20001B061B4913434B601B4B01221A60FEF717
:103B3000C5F8386108E0FEF7C1F802463B69D31AC0
:103B4000022B01D903235CE0114B1B6803F00073C7
:103B5000002BF0D054E0104B00221A60FEF7AEF8B4
:103B6000386108E0FEF7AAF802463B69D31A022B37
:103B700001D9032345E0064B1B6803F00073002BBB
:103B8000F0D13DE07B689B69012B07D1012338E030
:103B90000038024000700040600047421B4B5B68E9
:103BA000FB607B689B69012B28D0FB6803F48002D3
:103BB0007B68DB699A4221D1FB6803F03F027B6896
:103BC0001B6A9A421AD1FA6847F6C07313407A68A2
:103BD000526A9201934211D1FB6803F440327B6830
:103BE0009B6A5B08013B1B049A4207D1FB6803F008
:103BF00070627B68DB6A1B069A4201D0012300E0F9
:103C0000002318461837BD4680BD00BF003802406B
:103C100080B584B000AF786039607B68002B01D13B
:103C20000123CCE0684B1B6803F007033A689A4213
:103C30000CD9654B3A68D2B21A70634B1B6803F01B
:103C400007033A689A4201D00123B8E07B681B68F9
:103C500003F00203002B20D07B681B6803F00403F1
:103C6000002B05D0594B9B68584A43F4E0539360AE
:103C70007B681B6803F00803002B05D0534B9B683F
:103C8000524A43F460439360504B9B6823F0F00228
:103C90007B689B684D4913438B607B681B6803F00E
:103CA0000103002B44D07B685B68012B07D1474B95
:103CB0001B6803F40033002B19D101237FE07B68DC
:103CC0005B68022B03D07B685B68032B07D13F4BFB
:103CD0001B6803F00073002B09D101236FE03B4BFD
:103CE0001B6803F00203002B01D1012367E0374B6F
:103CF0009B6823F003027B685B68344913438B6045
:103D0000FDF7DCFFF8600AE0FDF7D8FF0246FB682C
:103D1000D31A41F28832934201D903234FE02B4B4F
:103D20009B6803F00C027B685B689B009A42EBD1B6
:103D3000254B1B6803F007033A689A420CD2224BCA
:103D40003A68D2B21A70204B1B6803F007033A6836
:103D50009A4201D0012332E07B681B6803F0040320
:103D6000002B08D0194B9B6823F4E0527B68DB687A
:103D7000164913438B607B681B6803F00803002B14
:103D800009D0124B9B6823F460427B681B69DB00FF
:103D90000E4913438B6000F021F802460B4B9B68E1
:103DA0001B0903F00F030A49CB5C22FA03F3094A0B
:103DB0001360094B1B681846FDF73CFF00231846AB
:103DC0001037BD4680BD00BF003C024000380240B5
:103DD0000CD1000800000020040000202DE9B04FA5
:103DE00090B000AF00237B630023FB6300233B63A1
:103DF0000023BB63594B9B6803F00C03082B0DD0C9
:103E0000082B00F2A180002B02D0042B03D09BE0F2
:103E1000534BBB639BE0534BBB6398E04F4B5B68DA
:103E200003F03F037B634D4B5B6803F48003002B7F
:103E300028D04A4B5B689B0900223B627A623B6A4E
:103E4000C3F308000021474B03FB01F2002300FBF2
:103E500003F31344434AA0FB0212FA620A46BA6211
:103E6000FA6A1344FB627B6B0022BB61FA61D7E9FB
:103E70000623D7E90A01FCF70FFF02460B4613465B
:103E8000FB6353E0354B5B689B0900223B617A6121
:103E90003B69C3F3080A4FF0000B52465B464FF0F4
:103EA00000004FF00001590141EAD2615001024681
:103EB0000B46B2EB0A0863EB0B094FF000024FF020
:103EC00000034FEA891343EA98634FEA8812B2EB82
:103ED000080463EB09054FF000024FF00003EB000C
:103EE00043EA5473E20014461D4614EB0A033B6098
:103EF00045EB0B037B604FF000024FF00003D7E966
:103F0000004529468B02214643EA915321468A0205
:103F1000104619467B6B0022BB60FA60D7E902238A
:103F2000FCF7BAFE02460B461346FB630B4B5B687D
:103F30001B0C03F0030301335B003B63FA6B3B6B29
:103F4000B2FBF3F3BB6302E0054BBB6300BFBB6B8B
:103F500018464037BD46BDE8B08F00BF003802406C
:103F60000024F40040787D0180B400AF034B1B684F
:103F70001846BD465DF8047B704700BF0000002076
:103F800080B582B000AF78607B68002B01D101233F
:103F90007BE07B685B6A002B08D17B685B68B3F5CC
:103FA000827F09D07B680022DA6105E07B6800220D
:103FB0001A617B6800225A617B6800229A627B68E2
:103FC00093F85130DBB2002B06D17B68002283F8D6
:103FD00050207868FDF788FC7B68022283F8512026
:103FE0007B681B681A687B681B6822F040021A60B5
:103FF0007B685B6803F482727B689B6803F404430C
:104000001A437B68DB6803F400631A437B681B690F
:1040100003F002031A437B685B6903F001031A4350
:104020007B689B6903F400731A437B68DB6903F0C8
:1040300038031A437B681B6A03F0800342EA0301DA
:104040007B689B6A03F400527B681B680A431A6012
:104050007B689B691B0C03F004017B685B6A03F0BF
:1040600010027B681B680A435A607B681B68DA6928
:104070007B681B6822F40062DA617B6800225A6563
:104080007B68012283F85120002318460837BD467B
:1040900080BD80B588B000AFF860B9603B60134662
:1040A000FB80FDF70BFEF861FB887B83FB6893F8D0
:1040B0005130DBB2012B01D002232AE1BB68002B77
:1040C00002D0FB88002B01D1012322E1FB6893F889
:1040D0005030012B01D102231BE1FB68012283F840
:1040E0005020FB68032283F85120FB6800225A65A8
:1040F000FB68BA681A63FB68FA889A86FB68FA88D4
:10410000DA86FB6800229A63FB6800229A87FB68C4
:104110000022DA87FB6800225A64FB6800221A64D6
:10412000FB689B68B3F5004F0FD1FB681B681A68EA
:10413000FB681B6822F040021A60FB681B681A6863
:10414000FB681B6842F480421A60FB681B681B68AE
:1041500003F04003402B07D0FB681B681A68FB681C
:104160001B6842F040021A60FB68DB68B3F5006F21
:1041700052D1FB685B68002B02D07B8B012B45D1B1
:10418000FB681B6B1A88FB681B68DA60FB681B6B9B
:104190009A1CFB681A63FB68DB8E9BB2013B9AB2E8
:1041A000FB68DA8632E0FB681B689B6803F0020359
:1041B000022B12D1FB681B6B1A88FB681B68DA6044
:1041C000FB681B6B9A1CFB681A63FB68DB8E9BB257
:1041D000013B9AB2FB68DA8618E0FDF76FFD0246F4
:1041E000FB69D31A3A689A4203D83B68B3F1FF3FA0
:1041F00002D13B68002B09D1FB68012283F85120D2
:10420000FB68002283F85020032382E0FB68DB8EEA
:104210009BB2002BC7D153E0FB685B68002B02D038
:104220007B8B012B47D1FB681A6BFB681B680C3337
:1042300012781A70FB681B6B5A1CFB681A63FB68C8
:10424000DB8E9BB2013B9AB2FB68DA8633E0FB68F7
:104250001B689B6803F00203022B13D1FB681A6BE7
:10426000FB681B680C3312781A70FB681B6B5A1CB6
:10427000FB681A63FB68DB8E9BB2013B9AB2FB685A
:10428000DA8618E0FDF71AFD0246FB69D31A3A6890
:104290009A4203D83B68B3F1FF3F02D13B68002B41
:1042A00009D1FB68012283F85120FB68002283F8C2
:1042B000502003232DE0FB68DB8E9BB2002BC6D180
:1042C000FA693968F86800F059FA0346002B02D001
:1042D000FB6820225A65FB689B68002B0AD10023EB
:1042E0007B61FB681B68DB687B61FB681B689B6804
:1042F0007B617B69FB68012283F85120FB68002207
:1043000083F85020FB685B6D002B01D0012300E097
:10431000002318462037BD4680BD80B58AB000AF67
:10432000F860B9607A607B8001237B62FDF7C6FC90
:104330003862FB6893F85130FB77FB685B68BB61C0
:104340007B88FB82FB7F012B0CD0BB69B3F5827F9E
:1043500006D1FB689B68002B02D1FB7F042B01D0A8
:1043600002237FE1BB68002B05D07B68002B02D0C5
:104370007B88002B01D1012374E1FB6893F8503056
:10438000012B01D102236DE1FB68012283F850204B
:10439000FB6893F85130DBB2042B03D0FB68052295
:1043A00083F85120FB6800225A65FB687A689A639B
:1043B000FB687A88DA87FB687A889A87FB68BA682C
:1043C0001A63FB687A88DA86FB687A889A86FB68C3
:1043D00000221A64FB6800225A64FB681B681B6891
:1043E00003F04003402B07D0FB681B681A68FB688A
:1043F0001B6842F040021A60FB68DB68B3F5006F8F
:104400007ED1FB685B68002B02D0FB8A012B6CD14C
:10441000FB681B6B1A88FB681B68DA60FB681B6B08
:104420009A1CFB681A63FB68DB8E9BB2013B9AB255
:10443000FB68DA8659E0FB681B689B6803F002039F
:10444000022B1BD1FB68DB8E9BB2002B16D07B6A44
:10445000012B13D1FB681B6B1A88FB681B68DA60A1
:10446000FB681B6B9A1CFB681A63FB68DB8E9BB2B4
:10447000013B9AB2FB68DA8600237B62FB681B680B
:104480009B6803F00103012B19D1FB68DB8F9BB202
:10449000002B14D0FB681B68DA68FB689B6B92B238
:1044A0001A80FB689B6B9A1CFB689A63FB68DB8F26
:1044B0009BB2013B9AB2FB68DA8701237B62FDF76E
:1044C000FDFB02463B6AD31A3A6B9A420DD83B6B0E
:1044D000B3F1FF3F09D0FB68012283F85120FB684C
:1044E000002283F850200323BCE0FB68DB8E9BB2E4
:1044F000002BA0D1FB68DB8F9BB2002B9BD182E00D
:10450000FB685B68002B02D0FB8A012B71D1FB6832
:104510001A6BFB681B680C3312781A70FB681B6BF4
:104520005A1CFB681A63FB68DB8E9BB2013B9AB294
:10453000FB68DA865DE0FB681B689B6803F002039A
:10454000022B1CD1FB68DB8E9BB2002B17D07B6A41
:10455000012B14D1FB681A6BFB681B680C331278B3
:104560001A70FB681B6B5A1CFB681A63FB68DB8EB6
:104570009BB2013B9AB2FB68DA8600237B62FB6840
:104580001B689B6803F00103012B19D1FB68DB8FCB
:104590009BB2002B14D0FB681B68DA68FB689B6B2E
:1045A000D2B21A70FB689B6B5A1CFB689A63FB685B
:1045B000DB8F9BB2013B9AB2FB68DA8701237B62F7
:1045C000FDF77CFB02463B6AD31A3A6B9A4203D84A
:1045D0003B6BB3F1FF3F02D13B6B002B09D1FB6872
:1045E000012283F85120FB68002283F85020032326
:1045F00038E0FB68DB8E9BB2002B9CD1FB68DB8F25
:104600009BB2002B97D13A6A396BF86800F0B6F884
:104610000346002B08D0FB6820225A65FB68002265
:1046200083F8502001231DE0FB689B68002B0AD112
:1046300000233B61FB681B68DB683B61FB681B6810
:104640009B683B613B69FB68012283F85120FB6852
:10465000002283F85020FB685B6D002B01D0012302
:1046600000E0002318462837BD4680BD80B588B0DD
:1046700000AFF860B9603B601346FB71FDF71EFBAD
:104680000246BB6A9B1A3A681344FB61FDF716FBAE
:10469000B861394B1B685B011B0DFA6902FB03F320
:1046A0007B6155E03B68B3F1FF3F51D0FDF706FB5E
:1046B0000246BB69D31AFA699A4202D9FB69002BF8
:1046C0003DD1FB681B685A68FB681B6822F0E0025A
:1046D0005A60FB685B68B3F5827F11D1FB689B6809
:1046E000B3F5004F04D0FB689B68B3F5806F07D12A
:1046F000FB681B681A68FB681B6822F040021A609E
:10470000FB689B6AB3F5005F0FD1FB681B681A68F2
:10471000FB681B6822F400521A60FB681B681A6869
:10472000FB681B6842F400521A60FB68012283F8A0
:104730005120FB68002283F85020032318E07B6996
:10474000002B02D10023FB6102E07B69013B7B610E
:10475000FB681B689A68BB681340BA689A420CBF32
:1047600001230023DBB21A46FB799A429AD1002337
:1047700018462037BD4680BD0000002080B588B0B7
:1047800002AFF860B9607A607B680093BB68012271
:104790000221F868FFF76AFF0346002B07D0FB6889
:1047A0005B6D43F02002FB685A65032332E01B4B2C
:1047B0001B681B4AA2FB03235B0D4FF47A7202FBBA
:1047C00003F37B61FB685B68B3F5827F12D17B6882
:1047D0000093BB6800228021F868FFF747FF03467B
:1047E000002B16D0FB685B6D43F02002FB685A6516
:1047F00003230FE07B69002B0AD07B69013B7B61BF
:10480000FB681B689B6803F08003802BF2D000E0FC
:1048100000BF002318461837BD4680BD00000020A9
:10482000819F5E1684B080B584B000AF786007F1D8
:104830001C0080E80E0097F82130012B23D17B6803
:104840009B6B23F480327B689A637B68DB6823F47C
:10485000840323F040037A68D3607B68DB6823F429
:1048600040127B68DA6097F82830012B05D17B680D
:10487000DB6843F480127B68DA60786801F0E8FA5C
:104880000346FB731BE07B68DB6843F040027B68F8
:10489000DA60786801F0DCFA0346FB7397F825309C
:1048A000002B06D17B689B6B43F480327B689A6354
:1048B00005E07B689B6B23F480327B689A63BB7F47
:1048C000012B0BD17B689B6843F006027B689A60E2
:1048D0007B689B6843F020027B689A60FB7B1846EC
:1048E0001037BD46BDE8804004B0704780B487B043
:1048F00000AFF860B9601346FB71FB79022B65D1FC
:10490000BB68414A934206D9BB68404A934202D2EF
:104910000F237B6162E0BB683C4A934206D3BB68CD
:104920003B4A934202D20E237B6157E0BB68384A70
:10493000934206D3BB68374A934202D20D237B6170
:104940004CE0BB68334A934206D3BB68324A934279
:1049500002D80C237B6141E0BB682F4A934206D901
:10496000BB682E4A934202D80B237B6136E0BB68BA
:104970002A4A934206D9BB68294A934202D80A239D
:104980007B612BE0BB68264A934206D9BB68254A67
:10499000934202D209237B6120E0BB68214A934203
:1049A00006D3BB68204A934202D808237B6115E0F6
:1049B000BB681D4A934206D9BB681C4A934202D287
:1049C00007237B610AE006237B6107E0FB79002B6C
:1049D00002D109237B6101E009237B61FB68DB686D
:1049E00023F47052FB68DA60FB68DA687B699B022B
:1049F00003F470531A43FB68DA60002318461C372F
:104A0000BD465DF8047B7047BFACD800C0E1E40050
:104A10000024F400807306019F491A01FF2C310124
:104A20003FA44C0100366E011FABA6010048E8010F
:104A300080B483B000AF78607B689B6843F001026C
:104A40007B689A60002318460C37BD465DF8047BEE
:104A5000704780B483B000AF78607B689B6823F0B8
:104A600001027B689A60002318460C37BD465DF84A
:104A7000047B704780B584B000AF78600B46FB7054
:104A80000023FB607B68DB6823F0C0427B68DA6050
:104A9000FB78012B15D17B68DB6843F000527B6803
:104AA000DA600A20FDF716F9FB680A33FB607868C4
:104AB00001F03FF90346012B1ED0FB68C72BF0D94C
:104AC0001AE0FB78002B15D17B68DB6843F080424D
:104AD0007B68DA600A20FDF7FDF8FB680A33FB60AB
:104AE000786801F026F90346002B05D0FB68C72B38
:104AF000F0D901E0012305E0FB68C82B01D10123B7
:104B000000E0002318461037BD4680BD84B080B554
:104B100086B000AF786007F1240080E80E00002323
:104B2000FB757B68FB6000233B6109E07A683B69A9
:104B300040339B00134400225A603B6901333B61C0
:104B40003B690E2BF2D997F82E30002B1CD1FB6855
:104B500003F500635B68FA6802F5006243F0020344
:104B600053607B689B6B43F400127B689A637B689D
:104B70009B6B23F400227B689A637B689B6B23F416
:104B800080227B689A630BE07B689B6B23F40012A6
:104B90007B689A637B689B6B43F400227B689A6313
:104BA000FB6803F560631A460023136097F8293009
:104BB000012B0DD197F82730002B04D10021786804
:104BC00000F068F908E00121786800F063F903E07B
:104BD0000321786800F05EF91021786800F0FAF897
:104BE0000346002B01D00123FB75786800F024F9FF
:104BF0000346002B01D00123FB75FB6803F500631E
:104C00001A4600231361FB6803F500631A4600236C
:104C10005361FB6803F500631A460023D361002348
:104C20003B6143E03B695A01FB68134403F51063A1
:104C30001B6803F00043B3F1004F18D13B69002B10
:104C40000AD13B695A01FB68134403F510631A4605
:104C50004FF00063136013E03B695A01FB68134493
:104C600003F510631A464FF09043136008E03B6968
:104C70005A01FB68134403F510631A4600231360BE
:104C80003B695A01FB68134403F510631A4600237D
:104C900013613B695A01FB68134403F510631A461C
:104CA0004FF67F3393603B6901333B6197F82430C3
:104CB0001A463B699342B5D300233B6143E03B690D
:104CC0005A01FB68134403F530631B6803F000438B
:104CD000B3F1004F18D13B69002B0AD13B695A014F
:104CE000FB68134403F530631A464FF0006313600A
:104CF00013E03B695A01FB68134403F530631A461D
:104D00004FF09043136008E03B695A01FB6813447D
:104D100003F530631A46002313603B695A01FB68B0
:104D2000134403F530631A46002313613B695A01AB
:104D3000FB68134403F530631A464FF67F339360E4
:104D40003B6901333B6197F824301A463B69934233
:104D5000B5D3FB6803F500631B69FA6802F50062CE
:104D600023F4807313617B6800229A617B686FF083
:104D700080425A6197F82630002B05D17B689B69E9
:104D800043F010027B689A617B689A69104B134369
:104D90007A68936197F82A30002B05D07B689B696D
:104DA00043F008027B689A6197F82E30012B07D1F7
:104DB0007B689B6943F0804343F004037A68936106
:104DC000FB7D18461837BD46BDE8804004B07047EB
:104DD00000383C8080B485B000AF78603960002333
:104DE000FB60FB680133FB60FB68B3F1706F01D9B6
:104DF00003231BE07B681B69002BF2DA0023FB60B6
:104E00003B689B0143F020027B681A61FB68013319
:104E1000FB60FB68B3F1706F01D9032306E07B6888
:104E20001B6903F02003202BF0D000231846143711
:104E3000BD465DF8047B704780B485B000AF7860F4
:104E40000023FB60FB680133FB60FB68B3F1706F0C
:104E500001D9032318E07B681B69002BF2DA0023D9
:104E6000FB607B6810221A61FB680133FB60FB6802
:104E7000B3F1706F01D9032306E07B681B6903F06F
:104E80001003102BF0D0002318461437BD465DF8F0
:104E9000047B704780B485B000AF78600B46FB7030
:104EA0007B68FB60FB6803F500631A68FB78F968B0
:104EB00001F5006113430B60002318461437BD460B
:104EC0005DF8047B704780B487B000AF78607B6882
:104ED0003B613B6903F500639B6803F00603FB60DD
:104EE000FB68002B02D10023FB750AE0FB68022B54
:104EF00002D0FB68062B02D10223FB7501E00F23D1
:104F0000FB75FB7D18461C37BD465DF8047B70477A
:104F100080B485B000AF786039607B68FB603B6827
:104F20001B78BB603B685B78012B3AD1FB6803F5CB
:104F30000063DA693B681B7803F00F03012101FA73
:104F400003F39BB2F96801F500611343CB61BB68C1
:104F50005A01FB68134403F510631B6803F4004314
:104F6000002B55D1BB685A01FB68134403F510634D
:104F70001A683B689B68C3F30A013B681B799B0472
:104F80001943BB689B050B431343BA685101FA6888
:104F90000A4402F5106243F0805343F40043136067
:104FA00036E0FB6803F50063DA693B681B7803F0C1
:104FB0000F03012101FA03F31B04F96801F50061F5
:104FC0001343CB61BB685A01FB68134403F530639C
:104FD0001B6803F40043002B1AD1BB685A01FB681D
:104FE000134403F530631A683B689B68C3F30A01F6
:104FF0003B681B799B040B431343BA685101FA6861
:105000000A4402F5306243F0805343F400431360D6
:10501000002318461437BD465DF8047B7047000036
:1050200080B485B000AF786039607B68FB603B6816
:105030001B78BB603B685B78012B61D1BB685A0170
:10504000FB68134403F510631B6803F00043B3F1DE
:10505000004F1FD1BB685A01FB68134403F510636E
:105060001B68BA685101FA680A4402F5106243F0FD
:1050700000631360BB685A01FB68134403F51063B7
:105080001B68BA685101FA680A4402F5106243F0DD
:1050900080431360FB6803F50063DA6B3B681B78A1
:1050A00003F00F03012101FA03F39BB2DB43F9681C
:1050B00001F500611340CB63FB6803F50063DA6917
:1050C0003B681B7803F00F03012101FA03F39BB245
:1050D000DB43F96801F500611340CB61BB685A01FD
:1050E000FB68134403F510631A68BB685901FB6839
:1050F0000B4403F510631946354B13400B6060E019
:10510000BB685A01FB68134403F530631B6803F066
:105110000043B3F1004F1FD1BB685A01FB68134431
:1051200003F530631B68BA685101FA680A4402F556
:10513000306243F000631360BB685A01FB6813449C
:1051400003F530631B68BA685101FA680A4402F536
:10515000306243F080431360FB6803F50063DA6B51
:105160003B681B7803F00F03012101FA03F31B04D2
:10517000DB43F96801F500611340CB63FB6803F57D
:105180000063DA693B681B7803F00F03012101FA21
:1051900003F31B04DB43F96801F500611340CB61A5
:1051A000BB685A01FB68134403F530631A68BB6897
:1051B0005901FB680B4403F530631946054B134056
:1051C0000B60002318461437BD465DF8047B70471A
:1051D000007833EC0078F3EF80B58AB002AFF86066
:1051E000B9601346FB71FB68FB61BB681B78BB6150
:1051F000BB685B78012B40F07F81BB681B69002B8B
:1052000032D1BB695A01FB69134403F510631B6972
:10521000BA695101FA690A4402F5106223F0FF539A
:1052200023F4C0131361BB695A01FB69134403F5EE
:1052300010631B69BA695101FA690A4402F51062E8
:1052400043F400231361BB695A01FB69134403F55E
:1052500010631B69BA695101FA690A4402F51062C8
:10526000DB0CDB04136197E0BB695A01FB69134453
:1052700003F510631B69BA695101FA690A4402F522
:105280001062DB0CDB041361BB695A01FB69134438
:1052900003F510631B69BA695101FA690A4402F502
:1052A000106223F0FF5323F4C0131361BB69002B7A
:1052B0001AD1BB681A69BB689B689A4203D9BB685C
:1052C0009A68BB681A61BB695A01FB69134403F50C
:1052D00010631B69BA695101FA690A4402F5106248
:1052E00043F40023136144E0BB681A69BB689B6800
:1052F00013445A1EBB689B68B2FBF3F3FB82BB6985
:105300005A01FB69134403F510631A69FB8AD90437
:10531000A44B0B40B9694801F969014401F51061DA
:1053200013430B61BB681B79012B22D1BB695A0166
:10533000FB69134403F510631B69BA695101FA69EB
:105340000A4402F5106223F0C0431361BB695A019D
:10535000FB69134403F510631A69FB8A5B0703F0CA
:10536000C043B9694801F969014401F5106113436B
:105370000B61BB695A01FB69134403F510631A6999
:10538000BB681B69C3F31203B9694801F969014499
:1053900001F5106113430B61FB79012B4BD1BB6805
:1053A000DB69002B09D0BB695A01FB69134403F583
:1053B00010631A46BB68DB695361BB681B79012B1C
:1053C00028D1FB6903F500639B6803F48073002B0D
:1053D00010D1BB695A01FB69134403F510631B68C4
:1053E000BA695101FA690A4402F5106243F00053A8
:1053F00013600FE0BB695A01FB69134403F51063A6
:105400001B68BA695101FA690A4402F5106243F057
:1054100080531360BB695A01FB69134403F51063A1
:105420001B68BA695101FA690A4402F5106243F037
:105430000443136066E1BB695A01FB69134403F539
:1054400010631B68BA695101FA690A4402F51062D7
:1054500043F004431360BB681B79012B15D0BB6874
:105460001B69002B00F04E81FB6903F500635A6B4A
:10547000BB681B7803F00F03012101FA03F3F969FC
:1054800001F5006113434B633CE1FB6903F50063E5
:105490009B6803F48073002B10D1BB695A01FB6930
:1054A000134403F510631B68BA695101FA690A4491
:1054B00002F5106243F0005313600FE0BB695A011C
:1054C000FB69134403F510631B68BA695101FA695B
:1054D0000A4402F5106243F080531360BB68D96838
:1054E000BB681A78BB681B6998B2FB7900930346C6
:1054F000F86800F0B9F905E1BB695A01FB6913448A
:1055000003F530631B69BA695101FA690A4402F56F
:105510003062DB0CDB041361BB695A01FB69134485
:1055200003F530631B69BA695101FA690A4402F54F
:10553000306223F0FF5323F4C0131361BB69002BC7
:1055400032D1BB681B69002B03D0BB689A68BB686B
:105550001A61BB689A68BB681A62BB695A01FB6929
:10556000134403F530631A69BB681B6AC3F3120363
:10557000B9694801F969014401F5306113430B61D0
:10558000BB695A01FB69134403F530631B69BA69AF
:105590005101FA690A4402F5306243F400231361B1
:1055A00062E000BF0000F81FBB681B69002B23D11D
:1055B000BB695A01FB69134403F530631A69BB6880
:1055C0009B68C3F31203B9694801F969014401F505
:1055D000306113430B61BB695A01FB69134403F546
:1055E00030631B69BA695101FA690A4402F53062F5
:1055F00043F40023136137E0BB681A69BB689B68FA
:1056000013445A1EBB689B68B2FBF3F3FB82BB6872
:105610009B68FA8A03FB02F2BB681A62BB695A01F3
:10562000FB69134403F530631A69FB8AD904384BCC
:105630000B40B9694801F969014401F53061134330
:105640000B61BB695A01FB69134403F530631A69A6
:10565000BB681B6AC3F31203B9694801F9690144C5
:1056600001F5306113430B61FB79012B0DD1BB6850
:10567000DB68002B09D0BB68D968BB695A01FB699C
:10568000134403F530630A465A61BB681B79012B4A
:1056900028D1FB6903F500639B6803F48073002B3A
:1056A00010D1BB695A01FB69134403F530631B68D1
:1056B000BA695101FA690A4402F5306243F00053B5
:1056C00013600FE0BB695A01FB69134403F53063B3
:1056D0001B68BA695101FA690A4402F5306243F065
:1056E00080531360BB695A01FB69134403F53063AF
:1056F0001B68BA695101FA690A4402F5306243F045
:1057000004431360002318462037BD4680BD00BF08
:105710000000F81F80B487B000AF786039600023C4
:10572000FB600023FB757B683B613B685B78012B6A
:105730004AD13B681B785A013B69134403F5106357
:105740001B6803F00043B3F1004F40F086803B68D4
:105750001B785A013B69134403F510631B683A68D0
:10576000127851013A690A4402F5106243F000636D
:1057700013603B681B785A013B69134403F51063BF
:105780001B683A68127851013A690A4402F51062BE
:1057900043F080431360FB680133FB60FB6842F217
:1057A0001072934202D90123FB7556E03B681B78C7
:1057B0005A013B69134403F510631B6803F000436F
:1057C000B3F1004FE7D048E03B681B785A013B69D2
:1057D000134403F530631B6803F00043B3F1004F3B
:1057E0003BD13B681B785A013B69134403F5306396
:1057F0001B683A68127851013A690A4402F530622E
:1058000043F0006313603B681B785A013B69134403
:1058100003F530631B683A68127851013A690A440B
:1058200002F5306243F080431360FB680133FB6094
:10583000FB6842F21072934202D90123FB750CE01F
:105840003B681B785A013B69134403F530631B68BE
:1058500003F00043B3F1004FE7D0FB7D18461C373F
:10586000BD465DF8047B704780B489B000AFF86036
:10587000B96011461A460B46FB711346BB80FB68A4
:105880007B61BB68FB6197F82830002B23D1BB8874
:1058900003339B083B610023BB6118E0FB791A03CB
:1058A0007B69134403F580531A46FB691B68136038
:1058B000FB690133FB61FB690133FB61FB69013368
:1058C000FB61FB690133FB61BB690133BB61BA69F1
:1058D0003B699A42E2D3002318462437BD465DF85F
:1058E000047B704780B48BB000AFF860B96013469A
:1058F000FB80FB68BB61BB687B62FB889B089BB23B
:105900007B61FB8803F00303FB8300233B6214E00D
:10591000BB6903F580531A687B6A1A607B6A01339E
:105920007B627B6A01337B627B6A01337B627B6AC9
:1059300001337B623B6A01333B623A6A7B699A427C
:10594000E6D3FB8B002B1ED000233B62BB6903F523
:1059500080531A4607F1100312681A603A693B6ACD
:10596000DBB2DB0022FA03F3DAB27B6A1A703B6A1D
:1059700001333B627B6A01337B62FB8B013BFB8320
:10598000FB8B002BEAD17B6A18462C37BD465DF8AD
:10599000047B704780B485B000AF786039607B6865
:1059A000FB603B681B78BB603B685B78012B2CD1AC
:1059B000BB685A01FB68134403F510631B68002B96
:1059C00012DBBB68002B0FD0BB685A01FB68134485
:1059D00003F510631B68BA685101FA680A4402F5BE
:1059E000106223F080431360BB685A01FB681344C4
:1059F00003F510631B68BA685101FA680A4402F59E
:105A0000106243F4001313602BE0BB685A01FB687B
:105A1000134403F530631B68002B12DBBB68002BBB
:105A20000FD0BB685A01FB68134403F530631B6851
:105A3000BA685101FA680A4402F5306223F08043E3
:105A40001360BB685A01FB68134403F530631B689D
:105A5000BA685101FA680A4402F5306243F400134F
:105A60001360002318461437BD465DF8047B704769
:105A700080B485B000AF786039607B68FB603B68BC
:105A80001B78BB603B685B78012B28D1BB685A014F
:105A9000FB68134403F510631B68BA685101FA6888
:105AA0000A4402F5106223F4001313603B681B796B
:105AB000032B03D03B681B79022B38D1BB685A01FA
:105AC000FB68134403F510631B68BA685101FA6858
:105AD0000A4402F5106243F08053136027E0BB686C
:105AE0005A01FB68134403F530631B68BA6851011F
:105AF000FA680A4402F5306223F4001313603B682D
:105B00001B79032B03D03B681B79022B0FD1BB6899
:105B10005A01FB68134403F530631B68BA685101EE
:105B2000FA680A4402F5306243F0805313600023A0
:105B300018461437BD465DF8047B704780B485B0C5
:105B400000AF78600B46FB707B68FB60FB6803F579
:105B500000631B68FA6802F5006223F4FE631360B9
:105B6000FB6803F500631A68FB781B0103F4FE630E
:105B7000F96801F5006113430B60002318461437E0
:105B8000BD465DF8047B704780B485B000AF786097
:105B90007B68FB60FB6803F560631B68FA6802F5CD
:105BA000606223F003031360FB6803F500635B6826
:105BB000FA6802F5006223F00203536000231846DE
:105BC0001437BD465DF8047B704780B485B000AFE4
:105BD00078607B68FB60FB6803F560631B68FA68AC
:105BE00002F5606223F003031360FB6803F50063B2
:105BF0005B68FA6802F5006243F002035360002319
:105C000018461437BD465DF8047B704780B485B0F4
:105C100000AF78607B685B69FB607B689B69FA68B2
:105C20001340FB60FB6818461437BD465DF8047BE3
:105C3000704780B485B000AF78607B68FB60FB681C
:105C400003F500639B69BB60FB6803F50063DB69D8
:105C5000BA681340BB60BB681B0C18461437BD46BE
:105C60005DF8047B704780B485B000AF78607B68D6
:105C7000FB60FB6803F500639B69BB60FB6803F591
:105C80000063DB69BA681340BB60BB689BB218460F
:105C90001437BD465DF8047B704780B485B000AF13
:105CA00078600B46FB707B68FB60FB785A01FB68F1
:105CB000134403F530639B68BB60FB6803F5006326
:105CC0005B69BA681340BB60BB6818461437BD46B1
:105CD0005DF8047B704780B487B000AF78600B46F6
:105CE000FB707B687B617B6903F500631B693B612B
:105CF0007B6903F500635B6BFB60FB7803F00F03CC
:105D0000FA6822FA03F3DB01DBB23A6913433B6121
:105D1000FB785A017B69134403F510639B683A6969
:105D20001340BB60BB6818461C37BD465DF8047B5A
:105D3000704780B483B000AF78607B685B6903F024
:105D4000010318460C37BD465DF8047B704780B4EC
:105D500085B000AF78607B68FB60FB6803F510637B
:105D60001B68FA6802F5106223F4FF6323F007034F
:105D70001360FB6803F500635B68FA6802F5006274
:105D800043F480735360002318461437BD465DF812
:105D9000047B704780B487B000AFF8600B467A6030
:105DA000FB72FB687B61FB683C3304331B683B611F
:105DB0003B69264A93420AD97B6903F530631B6825
:105DC00003F00043B3F1004F01D1002337E07B69BA
:105DD00003F530631A46002313617B6903F53063D2
:105DE0001B697A6902F5306243F4002313617B6911
:105DF00003F530631B697A6902F5306243F01803DA
:105E000013617B6903F530631B697A6902F53062BF
:105E100043F0C0431361FB7A012B0FD17B6903F57B
:105E200030631A467B6853617B6903F530631B68F6
:105E30007A6902F5306243F080231360002318462C
:105E40001C37BD465DF8047B704700BF0A30544FD5
:105E500080B485B000AF78600023FB60FB6801333D
:105E6000FB60FB68B3F1706F01D9032322E07B680C
:105E70001B69002BF2DA0A23FB6002E0FB68013B9E
:105E8000FB60FB68002BF9D17B681B6943F00102C2
:105E90007B681A61FB680133FB60FB68B3F1706FCC
:105EA00001D9032306E07B681B6903F00103012B82
:105EB000F0D0002318461437BD465DF8047B7047C8
:105EC00080B584B000AF78600B46FB704FF407706C
:105ED00002F0B2FCF860FB68002B09D17B68D3F8B4
:105EE000D4227B68B032002143F822100223D4E090
:105EF0004FF407720021F86803F06DFC7B68D3F85B
:105F0000D4227B68B032F96843F822107B68D3F85A
:105F1000D4227B68B03253F822207B68C3F8BC22BD
:105F20007B681B7C002B38D15E4B19784FF40073D3
:105F30000222786802F05DFB5A4B1B7803F00F02D7
:105F4000796813469B0013449B000B4423330122C2
:105F50001A70554B19784FF400730222786802F0DA
:105F600048FB514B1B7803F00F02796813469B00E6
:105F700013449B000B4403F2631301221A704B4B32
:105F80001B7803F00F02796813469B0013449B00B3
:105F90000B441C3310221A6035E0424B1978402321
:105FA0000222786802F025FB3E4B1B7803F00F02BB
:105FB000796813469B0013449B000B442333012252
:105FC0001A70394B197840230222786802F011FBCD
:105FD000354B1B7803F00F02796813469B0013447E
:105FE0009B000B4403F2631301221A702F4B1B78A2
:105FF00003F00F02796813469B0013449B000B4487
:106000001C3310221A60294B197808230322786860
:1060100002F0EFFA254B1B7803F00F027968134664
:106020009B0013449B000B44233301221A70FB682E
:106030000022C3F804227B68D3F8D4327A68B033E4
:106040009B0013445B681B689847FB680022C3F8F9
:106050001422FB680022C3F81822FB68D3F804322C
:10606000002B01D1022318E07B681B7C002B0AD196
:106070000D4B1978FB68D3F804224FF4007378684D
:1060800002F0A6FB08E0084B1978FB68D3F804225D
:106090004023786802F09CFB002318461037BD4669
:1060A00080BD00BF930000209400002095000020D8
:1060B00080B582B000AF78600B46FB703A4B1B781E
:1060C0001946786802F0BBFA374B1B7803F00F02D1
:1060D000796813469B0013449B000B442333002232
:1060E0001A70324B1B781946786802F0A8FA2F4BC9
:1060F0001B7803F00F02796813469B0013449B0042
:106100000B4403F2631300221A70294B1B781946C3
:10611000786802F094FA264B1B7803F00F02796836
:1061200013469B0013449B000B44233300221A7038
:106130001F4B1B7803F00F02796813469B00134432
:106140009B000B441C3300221A607B68D3F8D422D6
:106150007B68B03253F82230002B1FD07B68D3F815
:10616000D4327A68B0339B0013445B685B6898470D
:106170007B68D3F8D4227B68B03253F822301846BB
:1061800002F068FB7B68D3F8D4227B68B032002130
:1061900043F822107B680022C3F8BC220023184673
:1061A0000837BD4680BD00BF93000020940000204A
:1061B0009500002080B586B000AF786039607B68BC
:1061C000D3F8D4227B68B03253F822303B610023ED
:1061D0007B7300237B810023FB753B69002B01D17E
:1061E0000323BFE03B681B7803F06003002B50D013
:1061F000202B40F0AF803B68DB88002B3AD03B6817
:106200001B785BB2002B1BDA7B68D3F8D4327A6838
:10621000B0339B0013445B689B683A6850783969D7
:106220003A68D28898473B68DB88072B28BF07234A
:10623000FB813B69FA891946786801F0A9FD90E075
:106240003B685A783B6983F800223B68DB883F2B28
:1062500003D83B68DB88DAB200E040223B6983F870
:10626000012239693B6993F801321A46786801F0D6
:10627000BEFD76E07B68D3F8D4327A68B0339B00F9
:1062800013445B689B683A685078002239689847E5
:1062900067E03B685B780B2B51D801A252F823F0E2
:1062A000D16200084D6300083F6300083F630008A7
:1062B0003F6300083F6300083F6300083F63000836
:1062C0003F6300083F630008FB6200082563000885
:1062D0007B6893F89C32DBB2032B07D107F10A03EA
:1062E00002221946786801F053FD32E03968786877
:1062F00001F0D1FC0323FB752BE07B6893F89C3203
:10630000DBB2032B07D107F10D0301221946786890
:1063100001F03EFD1DE03968786801F0BCFC032304
:10632000FB7516E07B6893F89C32DBB2032B0FD031
:106330003968786801F0AFFC0323FB7508E0396821
:10634000786801F0A8FC0323FB7502E000BF08E0B9
:1063500000BF06E03968786801F09DFC0323FB75F7
:1063600000BFFB7D18461837BD4680BD80B584B0A0
:1063700000AF78600B46FB707B68D3F8C832FB60D7
:106380007B68D3F8D4227B68B03253F82230002BDC
:1063900001D1032365E07B68D3F8D4227B68B03257
:1063A00053F82230BB60FB7803F00F027968134684
:1063B0009B0013449B000B4414331B68002B2FD00D
:1063C000FB7803F00F02796813469B0013449B008F
:1063D0000B4414331A68FB7803F00F01F8680B467E
:1063E000DB000B449B0003441C331B68B2FBF3F13E
:1063F00001FB03F3D31A002B12D1FB7803F00F0239
:10640000796813469B0013449B000B44143300220D
:106410001A60F97800230022786802F0B8F91FE0CA
:10642000BB680022C3F814227B68D3F8D4327A68A0
:10643000B0339B0013445B681B69002B10D07B6852
:10644000D3F8D4327A68B0339B0013445B681B697D
:10645000BA68D2F80802BA6802F50471FA78984767
:10646000002318461037BD4680BD80B584B000AF0C
:1064700078600B46FB707B68D3F8D4227B68B0321F
:1064800053F82230FB607B68D3F8D4227B68B032AB
:1064900053F82230002B01D103231AE0FB78194670
:1064A000786802F0B6F90246FB68C3F80C227B68F4
:1064B000D3F8D4327A68B0339B0013445B68DB684E
:1064C000FA68D2F80402FA6802F503721146984796
:1064D000002318461037BD4680BD80B584B000AF9C
:1064E00078607B68D3F8D4227B68B03253F82230CE
:1064F000FB60FB68002B01D1032324E07B68D3F809
:10650000D4327A68B0339B0013445B68002B19D0F7
:10651000FB6893F80032FF2B14D07B68D3F8D43299
:106520007A68B0339B0013445B689B68FA6892F802
:106530000002F968FA6892F801229847FB68FF2286
:1065400083F80022002318461037BD4680BD0000A6
:1065500080B586B000AF78608221184800F062FDF7
:1065600078610121154800F05DFD386181211348F3
:1065700000F058FDF8607B69002B02D07B69102287
:106580009A713B69002B06D03B69002242F0400221
:106590001A7100225A71FB68002B06D0FB6800229A
:1065A00042F040021A7100225A717B6843221A801D
:1065B000024B18461837BD4680BD00BF5000002072
:1065C00080B586B000AF78608221184800F02AFDBF
:1065D00078610121154800F025FD386181211348BB
:1065E00000F020FDF8607B69002B02D07B6910224F
:1065F0009A713B69002B06D03B6900221A71002278
:1066000042F002025A71FB68002B06D0FB680022A0
:106610001A71002242F002025A717B6843221A80EA
:10662000024B18461837BD4680BD00BF5000002001
:1066300080B586B000AF78608221184800F0F2FC87
:1066400078610121154800F0EDFC38618121134883
:1066500000F0E8FCF8607B69002B02D07B69102217
:106660009A713B69002B06D03B69002242F0400240
:106670001A7100225A71FB68002B06D0FB680022B9
:1066800042F040021A7100225A717B6843221A803C
:10669000024B18461837BD4680BD00BF5000002091
:1066A00080B483B000AF78607B680A221A80034B05
:1066B00018460C37BD465DF8047B70470C0000207F
:1066C00080B483B000AF786039603B68002B01D1A3
:1066D000032309E07B68D3F8D4327A68B0339B0097
:1066E00013443A685A60002318460C37BD465DF8DB
:1066F000047B704780B487B000AFF860B9607A60FF
:10670000FB68D3F8D422FB68B03253F822307B61A7
:106710007B69002B01D1032308E07B69BA68C3F8C9
:1067200008227B697A68C3F81022002318461C37B8
:10673000BD465DF8047B704780B485B000AF7860DB
:1067400039607B68D3F8D4227B68B03253F82230AA
:10675000FB60FB68002B01D1032304E0FB683A686F
:10676000C3F80422002318461437BD465DF8047BA5
:106770007047000080B584B000AF78607B68D3F8C4
:10678000D4227B68B03253F82230BB600123FB7304
:10679000BB68002B01D1032325E0BB68D3F814327A
:1067A000002B1FD1BB680122C3F81422104B1B78A9
:1067B00003F00F02BB68D3F81012786813469B00F1
:1067C00013449B00034414331960094B1978BB68C8
:1067D000D3F80822BB68D3F81032786801F0D7FFED
:1067E0000023FB73FB7B18461037BD4680BD00BFFE
:1067F0009300002080B584B000AF78607B68D3F848
:10680000D4227B68B03253F82230FB607B68D3F827
:10681000D4227B68B03253F82230002B01D10323FD
:1068200018E07B681B7C002B0AD10C4B1978FB68A5
:10683000D3F804224FF40073786801F0C9FF08E030
:10684000064B1978FB68D3F804224023786801F0DE
:10685000BFFF002318461037BD4680BD94000020BE
:1068600080B586B000AFF860B9601346FB71FB6875
:10687000002B01D103231FE0FB680022C3F8B822DC
:10688000FB680022C3F8C422FB680022C3F8D022B0
:10689000BB68002B03D0FB68BA68C3F8B422FB685E
:1068A000012283F89C22FB68FA791A70F86801F0DB
:1068B00039FE0346FB75FB7D18461837BD4680BD83
:1068C00080B584B000AF786039600023FB813B68FD
:1068D000002B01D1032325E07B683A68C3F8B82276
:1068E0007B68D3F8D4227B68AE3253F82230DB6A5F
:1068F000002B0FD07B68D3F8D4227B68AE3253F8DC
:106900002230DB6A07F10E021046984702467B6888
:10691000C3F8D0227B68D3F8D8325A1C7B68C3F8FE
:10692000D822002318461037BD4680BD80B582B0FE
:1069300000AF7860786801F041FE034618460837DA
:10694000BD4680BD80B483B000AF78600023184698
:106950000C37BD465DF8047B704780B584B000AF4E
:1069600078600B46FB700023FB737B68D3F8B8326A
:10697000002B09D07B68D3F8B8321B68FA7811462F
:10698000786898470346FB73FB7B18461037BD4673
:1069900080BD80B584B000AF78600B46FB700023EB
:1069A000FB737B68D3F8B8325B68FA781146786875
:1069B00098470346002B01D00323FB73FB7B18464B
:1069C0001037BD4680BD80B584B000AF78603960B7
:1069D0007B6803F2AA233968184601F022F97B6824
:1069E0000122C3F894227B68B3F8B0321A467B6860
:1069F000C3F898227B6893F8AA3203F01F03022B96
:106A00001AD0022B22D8002B02D0012B0AD01DE075
:106A10007B6803F2AA231946786800F077FB0346E7
:106A2000FB7320E07B6803F2AA231946786800F024
:106A3000DFFB0346FB7316E07B6803F2AA231946CB
:106A4000786800F041FC0346FB730CE07B6893F828
:106A5000AA3223F07F03DBB21946786801F00EFEFC
:106A60000346FB7300BFFB7B18461037BD4680BD55
:106A700080B586B000AFF8600B467A60FB720023E9
:106A8000FB75FB7A002B77D1FB6803F5AA733B619A
:106A9000FB68D3F89432032B40F0A1803B695B681C
:106AA0003A69928993421CD93B695B683A69928939
:106AB0009A1A3B695A603B691B693A6992891A4480
:106AC0003B691A613B6919693B699B891A463B69B5
:106AD0005B68934238BF13461A46F86801F0A8F97C
:106AE0007DE0FB6893F8AA3203F01F03022B14D059
:106AF000022B1DD8002B02D0012B03D018E000235D
:106B0000BB7518E0FB68B3F8AE32DBB21946F86823
:106B100000F06EFA0346BB750DE0FB68B3F8AE32C9
:106B2000DBB21946F86800F070FA0346BB7502E064
:106B30000023BB7500BFBB7D002B19D1FB6893F808
:106B40009C32DBB2032B13D1BA7DFB68AE3253F813
:106B500022301B69002B0BD0BA7DFB68C3F8D4220E
:106B6000BA7DFB68AE3253F822301B69F86898474B
:106B7000F86801F06EF932E0FB7A03F07F03DBB2D4
:106B80001946F86800F041FA0346BB75BB7DFF2B40
:106B900025D0BB7D002B22D1FB6893F89C32DBB261
:106BA000032B17D1BA7DFB68AE3253F822309B69B4
:106BB000002B0FD0BA7DFB68C3F8D422BA7DFB68E6
:106BC000AE3253F822309B69FA7A1146F86898473A
:106BD0000346FB75FB7D002B01D0FB7D00E000230D
:106BE00018461837BD4680BD80B586B000AFF86046
:106BF0000B467A60FB72FB7A002B78D1FB6814336A
:106C00003B61FB68D3F89432022B63D13B695B682C
:106C10003A69928993421CD93B695B683A699289C7
:106C20009A1A3B695A603B691B693A6992891A440E
:106C30003B691A613B6919693B695B681A46F868E8
:106C400001F0C4F8002300220021F86801F0C0FD23
:106C500040E03B699B891A463B695B689A421CD1BC
:106C60003B691B683A699289934216D33B691A685B
:106C7000FB68D3F898329A420FD200220021F868BC
:106C800001F0A4F8FB680022C3F898220023002238
:106C90000021F86801F09CFD1CE0FB6893F89C3231
:106CA000DBB2032B0FD1FB68D3F8B832DB68002BC3
:106CB00009D0FB680022C3F8D422FB68D3F8B832AD
:106CC000DB68F86898478021F86801F0D7FCF8681D
:106CD00001F0D2F8FB6893F8A032002B3AD0F868A4
:106CE000FFF730FEFB68002283F8A02232E0FB7A37
:106CF00063F07F03DBB21946F86800F086F90346BB
:106D0000FB75FB7DFF2B25D0FB7D002B22D1FB6883
:106D100093F89C32DBB2032B1CD1FA7DFB68AE32B8
:106D200053F822305B69002B14D0FA7DFB68C3F85E
:106D3000D422FA7DFB68AE3253F822305B69FA7ACE
:106D40001146F86898470346BB75BB7D002B01D000
:106D5000BB7D00E0002318461837BD4680BD80B5D6
:106D600084B000AF78600023FB737B68012283F856
:106D70009C227B680022C3F894227B6800225A6020
:106D80007B680022C3F8A4227B68002283F8A0223B
:106D90007B68D3F8B832002B14D07B68D3F8B832B4
:106DA0005B68002B0ED07B68D3F8B8325B687A68DA
:106DB0005268D2B21146786898470346002B01D03A
:106DC0000323FB73402300220021786801F011FCAB
:106DD0007B68012283F863217B684022A3F860214D
:106DE000402300228021786801F003FC7B680122A7
:106DF00083F823207B6840221A84FB7B18461037D7
:106E0000BD4680BD80B483B000AF78600B46FB7098
:106E10007B68FA781A74002318460C37BD465DF873
:106E2000047B704780B483B000AF78607B6893F8D0
:106E30009C32DBB2042B06D07B6893F89C32DAB22A
:106E40007B6883F89D227B68042283F89C220023C0
:106E500018460C37BD465DF8047B704780B483B09C
:106E600000AF78607B6893F89C32DBB2042B06D1CC
:106E70007B6893F89D32DAB27B6883F89C2200230A
:106E800018460C37BD465DF8047B704780B582B06C
:106E900000AF78607B6893F89C32DBB2032B10D193
:106EA0007B68D3F8B832002B0BD07B68D3F8B832AC
:106EB000DB69002B05D07B68D3F8B832DB697868D2
:106EC0009847002318460837BD4680BD80B582B07C
:106ED00000AF78600B46FB707B68D3F8D4227B68E8
:106EE000AE3253F82230002B01D103231CE07B6823
:106EF00093F89C32DBB2032B15D17B68D3F8D422F4
:106F00007B68AE3253F822301B6A002B0BD07B68B3
:106F1000D3F8D4227B68AE3253F822301B6AFA7859
:106F2000114678689847002318460837BD4680BD4B
:106F300080B582B000AF78600B46FB707B68D3F8F9
:106F4000D4227B68AE3253F82230002B01D10323C8
:106F50001CE07B6893F89C32DBB2032B15D17B6875
:106F6000D3F8D4227B68AE3253F822305B6A002B10
:106F70000BD07B68D3F8D4227B68AE3253F8223032
:106F80005B6AFA78114678689847002318460837F4
:106F9000BD4680BD80B483B000AF78600023184642
:106FA0000C37BD465DF8047B704780B584B000AFF8
:106FB00078600023FB737B68012283F89C227B6846
:106FC000D3F8B832002B0ED07B68D3F8B8325B68A8
:106FD0007A685268D2B21146786898470346002B07
:106FE00001D00323FB73FB7B18461037BD4680BDE1
:106FF00080B483B000AF78600B46FB700023184666
:107000000C37BD465DF8047B704780B483B000AF99
:1070100078600B46FB70002318460C37BD465DF8C0
:10702000047B704780B586B000AF78600B46FB707C
:107030007B687B617B68FB6000233B61FB685B884E
:107040009BB2FA68127893421FD9FB681B787B8148
:1070500013E007F10A031946786900F01BF878611C
:107060007B695B78052B08D17B693B613B699B7829
:10707000FA789A4208D000233B61FB685B889AB299
:107080007B899A42E5D800E000BF3B691846183773
:10709000BD4680BD80B485B000AF786039607B6844
:1070A000FB603B681B88FA68127813449AB23B680D
:1070B0001A80FB681B781A467B681344FB60FB68E8
:1070C00018461437BD465DF8047B704780B487B01E
:1070D00000AF78607B687B617B691B787B827B6912
:1070E00001337B617B691B783B82B7F910301B024F
:1070F0001AB2B7F9123013431BB2FB81FB89184651
:107100001C37BD465DF8047B7047000080B584B035
:1071100000AF786039600023FB733B681B7803F095
:107120006003402B05D0402B57D8002B0FD0202BCD
:1071300053D17B68D3F8D4227B68AE3253F8223027
:107140009B683968786898470346FB734AE03B6858
:107150005B78092B3BD801A252F823F0B1710008EB
:10716000C5710008CF710008BB710008CF7100081D
:107170008F71000885710008CF710008A7710008A1
:10718000997100083968786800F03EFA24E039689F
:10719000786800F0A3FB1FE03968786800F0E2FB34
:1071A0000346FB7318E03968786800F085FC13E04B
:1071B0003968786800F0B6FC0EE03968786800F04D
:1071C000E5FC09E03968786800F009FD04E03968F9
:1071D000786800F060FD00BF04E03968786800F06E
:1071E0005AFD00BFFB7B18461037BD4680BD00BF6F
:1071F00080B584B000AF786039600023FB733B68D2
:107200001B7803F06003402B05D0402B52D8002B95
:1072100001D0202B4ED17B6893F89C32DBB2013B2E
:10722000022B40D83B689B88DBB2012B36D83B68E9
:107230009B88DBB219467868FFF7DAFE0346BB731A
:10724000BB7BFF2B1DD0BB7B002B1AD1BA7B7B688D
:10725000AE3253F822309B68002B0FD0BA7B7B688C
:10726000C3F8D422BA7B7B68AE3253F822309B68D5
:107270003968786898470346FB7304E00323FB737F
:1072800001E00323FB733B68DB88002B10D1FB7B01
:10729000002B0DD1786800F0DCFD09E039687868D2
:1072A00000F0F9FC04E03968786800F0F4FC00E0D4
:1072B00000BF04E03968786800F0EDFC00BFFB7B9C
:1072C00018461037BD4680BD80B584B000AF7860E9
:1072D00039600023FB733B689B88BB733B681B785A
:1072E00003F06003402B07D0402B00F28181002B7C
:1072F0002AD0202B40F07C81BB7B19467868FFF7B1
:1073000084FE03467B737B7BFF2B00F076817B7BC7
:10731000002B40F072817A7B7B68C3F8D4227A7BA1
:107320007B68AE3253F822309B68002B00F06581F9
:107330007A7B7B68AE3253F822309B683968786874
:1073400098470346FB7358E13B685B78032B08D0F2
:10735000032B00F34781002B00F09B80012B3CD0D6
:1073600040E17B6893F89C32DBB2022B02D0032B06
:1073700016D02CE0BB7B002B0DD0BB7B802B0AD022
:10738000BB7B1946786801F079F98021786801F0B3
:1073900075F900BF20E03968786800F07CFC1BE0DC
:1073A0003B685B88002B0ED1BB7B002B0BD0BB7BDB
:1073B000802B08D03B68DB88002B04D1BB7B1946AF
:1073C000786801F05BF9786800F043FD04E0396803
:1073D000786800F060FC00BF09E17B6893F89C329C
:1073E000DBB2022B02D0032B16D04BE0BB7B002B71
:1073F0000DD0BB7B802B0AD0BB7B1946786801F08F
:107400003DF98021786801F039F900BF40E0396822
:10741000786800F040FC3BE03B685B88002B36D18D
:10742000BB7B03F07F03002B04D0BB7B194678683D
:1074300001F043F9786800F00CFDBB7B19467868D1
:10744000FFF7E3FD03467B737B7BFF2B1FD07B7B2A
:10745000002B1CD17A7B7B68C3F8D4227A7B7B68B3
:10746000AE3253F822309B68002B10D07A7B7B68B9
:10747000AE3253F822309B683968786898470346E3
:10748000FB7304E03968786800F005FC00E000BF99
:10749000ADE07B6893F89C32DBB2022B02D0032B69
:1074A00033D099E0BB7B002B07D0BB7B802B04D073
:1074B0003968786800F0EFFB93E097F90E30002B05
:1074C0000BDABB7B03F07F0213469B0013449B0047
:1074D00010337A68134404330BE0BB7B03F07F0264
:1074E00013469B0013449B0003F5A8737A6813446A
:1074F0000433BB60BB6800229A73BB680E33022260
:107500001946786800F044FC6BE097F90E30002BC8
:1075100011DABB7B03F00F02796813469B0013441A
:107520009B000B4423331B78002B17D139687868F4
:1075300000F0B1FB55E0BB7B03F00F027968134606
:107540009B0013449B000B4403F263131B78002B36
:1075500004D13968786800F09EFB42E097F90E305C
:10756000002B0BDABB7B03F07F0213469B00134416
:107570009B0010337A68134404330BE0BB7B03F0A9
:107580007F0213469B0013449B0003F5A8737A689F
:1075900013440433BB60BB7B002B02D0BB7B802B2E
:1075A00003D1BB6800229A730EE0BB7B1946786852
:1075B00001F0A2F80346002B03D0BB6801229A73A6
:1075C00002E0BB6800229A73BB680E3302221946A0
:1075D000786800F0DDFB04E03968786800F05BFB58
:1075E00000BF04E03968786800F055FB00BF05E093
:1075F0003968786800F04FFB00E000BFFB7B18465D
:107600001037BD4680BD000080B584B000AF786003
:10761000396000233B810023FB600023FB723B6841
:107620005B881B0A9BB2013B062B00F2288101A25A
:1076300052F823F05176000869760008A976000810
:107640007F7800087F7800081F7800084B780008D2
:107650007B68D3F8B4321B687A68127C07F10801A2
:1076600010469847F86012E17B681B7C002B0DD117
:107670007B68D3F8B8329B6A07F108021046984736
:10768000F860FB68013302221A7000E17B68D3F8CE
:10769000B832DB6A07F1080210469847F860FB68C9
:1076A000013302221A70F2E03B685B88DBB2052BE3
:1076B00000F2AC8001A252F823F000BFD57600089A
:1076C000097700083D77000871770008A577000862
:1076D000D97700087B68D3F8B4325B68002B0BD0F5
:1076E0007B68D3F8B4325B687A68127C07F10801D2
:1076F00010469847F86091E03968786800F0CBFA56
:10770000FB7A0133FB7289E07B68D3F8B4329B6863
:10771000002B0BD07B68D3F8B4329B687A68127C5C
:1077200007F1080110469847F86077E039687868F3
:1077300000F0B1FAFB7A0133FB726FE07B68D3F89B
:10774000B432DB68002B0BD07B68D3F8B432DB6833
:107750007A68127C07F1080110469847F8605DE0EE
:107760003968786800F097FAFB7A0133FB7255E0CC
:107770007B68D3F8B4321B69002B0BD07B68D3F83D
:10778000B4321B697A68127C07F1080110469847E9
:10779000F86043E03968786800F07DFAFB7A0133DD
:1077A000FB723BE07B68D3F8B4325B69002B0BD0F3
:1077B0007B68D3F8B4325B697A68127C07F1080100
:1077C00010469847F86029E03968786800F063FA55
:1077D000FB7A0133FB7221E07B68D3F8B4329B69FA
:1077E000002B0BD07B68D3F8B4329B697A68127C8B
:1077F00007F1080110469847F8600FE0396878688B
:1078000000F049FAFB7A0133FB7207E039687868C7
:1078100000F041FAFB7A0133FB7200BF37E07B686E
:107820001B7C002B09D17B68D3F8B8325B6B07F166
:10783000080210469847F86029E03968786800F037
:107840002AFAFB7A0133FB7221E07B681B7C002B58
:107850000DD17B68D3F8B8321B6B07F108021046D4
:107860009847F860FB68013307221A700FE0396807
:10787000786800F010FAFB7A0133FB7207E0396890
:10788000786800F008FAFB7A0133FB7200BFFB7ADC
:10789000002B1ED13B68DB88002B16D03B89002BC8
:1078A0000ED03B68DA883B89934228BF13469BB2CF
:1078B0003B813B891A46F968786800F069FA09E06B
:1078C0003968786800F0E7F904E0786800F0C1FAF8
:1078D00000E000BF1037BD4680BD00BF80B584B05A
:1078E00000AF786039603B689B88002B31D13B68E2
:1078F000DB88002B2DD13B685B887F2B29D83B6828
:107900005B88DBB203F07F03FB737B6893F89C32E8
:10791000DBB2032B04D13968786800F0BCF91DE0B4
:107920007B68FA7B83F89E22FB7B1946786800F01F
:107930000FFF786800F08DFAFB7B002B04D07B688A
:10794000022283F89C2209E07B68012283F89C22B2
:1079500004E03968786800F09EF900BF00BF103776
:10796000BD4680BD80B584B000AF7860396000232B
:10797000FB733B685B88DAB24E4B1A704D4B1B7839
:10798000012B05D93968786800F085F903238CE06C
:107990007B6893F89C32DBB2022B02D0032B29D0F8
:1079A00075E0444B1B78002B20D0424B1B781A46C5
:1079B0007B685A603F4B1B7819467868FEF7CDFF0D
:1079C0000346FB73FB7B002B08D03968786800F016
:1079D00062F97B68022283F89C2265E0786800F0F7
:1079E00038FA7B68032283F89C225DE0786800F017
:1079F00030FA59E02F4B1B78002B12D17B68022202
:107A000083F89C222B4B1B781A467B685A60294BC3
:107A10001B7819467868FEF7BCFF786800F019FA01
:107A200042E0244B1B781A467B685B689A422AD056
:107A30007B685B68DBB219467868FEF7AAFF1D4BCE
:107A40001B781A467B685A601A4B1B78194678686F
:107A5000FEF783FF0346FB73FB7B002B0FD03968D7
:107A6000786800F018F97B685B68DBB219467868C3
:107A7000FEF78FFF7B68022283F89C2214E078686F
:107A800000F0E7F910E0786800F0E3F90CE03968FD
:107A9000786800F000F9074B1B7819467868FEF704
:107AA00078FF0323FB7300BFFB7B18461037BD46EE
:107AB00080BD00BFC403002080B582B000AF7860F5
:107AC00039603B68DB88012B04D03968786800F0A6
:107AD000E2F823E07B6893F89C32DBB2022B02DCF5
:107AE000002B03DC15E0032B0BD012E07B68002297
:107AF0009A607B68083301221946786800F048F9DB
:107B00000CE07B68043301221946786800F040F9E4
:107B100004E03968786800F0BEF800BF00BF08379D
:107B2000BD4680BD80B582B000AF786039607B68AB
:107B300093F89C32DBB2013B022B1ED83B68DB88FA
:107B4000022B04D03968786800F0A5F81AE07B6849
:107B50000122DA607B68D3F8A432002B05D07B6861
:107B6000DB6843F002027B68DA607B680C33022238
:107B70001946786800F00CF904E03968786800F07C
:107B80008AF800BF00BF0837BD4680BD80B582B00F
:107B900000AF786039603B685B88012B07D17B6858
:107BA0000122C3F8A422786800F053F913E03B687F
:107BB0005B88022B0BD13B689B881B0A9BB2DAB215
:107BC0007B6883F8A022786800F043F903E0396805
:107BD000786800F060F800BF0837BD4680BD80B50A
:107BE00082B000AF786039607B6893F89C32DBB27A
:107BF000013B022B0BD83B685B88012B0CD17B68C7
:107C00000022C3F8A422786800F023F904E0396860
:107C1000786800F040F800E000BF00BF0837BD46BC
:107C200080BD80B584B000AF786039603B68FB6090
:107C3000FB681A787B681A70FB680133FB60FB688D
:107C40001A787B685A70FB680133FB60F868FFF7AD
:107C50003DFA03461A467B685A80FB680133FB6095
:107C6000FB680133FB60F868FFF730FA03461A46F9
:107C70007B689A80FB680133FB60FB680133FB6023
:107C8000F868FFF723FA03461A467B68DA8000BFDC
:107C90001037BD4680BD80B582B000AF78603960D6
:107CA0008021786800F0EAFC0021786800F0E6FCAA
:107CB00000BF0837BD4680BD80B586B000AFF86014
:107CC000B9607A600023FB75FB68002B42D0FB682B
:107CD0003B61386900F042F8034601335B00B3F5BD
:107CE000007F08D8386900F039F8034601339BB2A9
:107CF0005B009AB201E04FF400727B681A80FB7D52
:107D0000BA6813447A6812781A70FB7D0133FB75E8
:107D1000FB7DBA68134403221A70FB7D0133FB75A7
:107D200013E0FB7DBA6813443A6912781A703B6914
:107D300001333B61FB7D0133FB75FB7DBA68134466
:107D400000221A70FB7D0133FB753B691B78002B09
:107D5000E7D100E000BF1837BD4680BD80B485B0D4
:107D600000AF78600023FB737B68BB6005E0FB7BA2
:107D70000133FB73BB680133BB60BB681B78002B0E
:107D8000F5D1FB7B18461437BD465DF8047B704780
:107D900080B584B000AFF860B9607A60FB680222F9
:107DA000C3F89422FB687A685A61FB68BA685A6221
:107DB000FB687A689A617B68BA680021F86800F00D
:107DC000E6FC002318461037BD4680BD80B584B060
:107DD00000AFF860B9607A607B68BA680021F86823
:107DE00000F0D5FC002318461037BD4680BD80B595
:107DF00084B000AFF860B9607A60FB680322C3F812
:107E00009422FB687A68C3F85421FB68BA68C3F807
:107E10006421FB687A68C3F858217B68BA6800213E
:107E2000F86800F0D5FC002318461037BD4680BD29
:107E300080B584B000AFF860B9607A607B68BA68DA
:107E40000021F86800F0C4FC002318461037BD4636
:107E500080BD80B582B000AF78607B680422C3F833
:107E60009422002300220021786800F090FC002377
:107E700018460837BD4680BD80B582B000AF786037
:107E80007B680522C3F89422002300220021786831
:107E900000F09EFC002318460837BD4680BD000058
:107EA00080B500AF002212491248FEF7D9FC034604
:107EB000002B01D0F9F7EAFC0F490E48FEF700FD50
:107EC0000346002B01D0F9F7E1FC0C490948FEF705
:107ED000F7FB0346002B01D0F9F7D8FC0548FEF765
:107EE00025FD0346002B01D0F9F7D0FC00BF80BD73
:107EF000AC000020C80300201800002098000020DB
:107F000080B500AF002205490548FEF7F3FB05499F
:107F10000348FEF711FC0023184680BDA40E002084
:107F2000C8030020A406002080B400AF0023184638
:107F3000BD465DF8047B704780B483B000AF034654
:107F40003960FB711346BB80FB79232B4AD801A211
:107F500052F823F0E57F0008E57F0008E57F000880
:107F6000E57F0008E57F0008E57F0008E57F000861
:107F7000E57F0008E57F0008E57F0008E57F000851
:107F8000E57F0008E57F0008E57F0008E57F000841
:107F9000E57F0008E57F0008E57F0008E57F000831
:107FA000E57F0008E57F0008E57F0008E57F000821
:107FB000E57F0008E57F0008E57F0008E57F000811
:107FC000E57F0008E57F0008E57F0008E57F000801
:107FD000E57F0008E57F0008E57F0008E57F0008F1
:107FE000E57F000800BF002318460C37BD465DF84A
:107FF000047B704780B582B000AF786039607968E3
:108000000548FEF799FB0448FEF7F4FB00231846E9
:108010000837BD4680BD00BFC803002080B584B0CE
:1080200000AF78600B467B800023FB730D4BD3F8C9
:10803000BC32BB60BB68D3F81432002B01D00123E3
:108040000BE07B881A4679680648FEF753FB054823
:10805000FEF790FB0346FB73FB7B18461037BD46CB
:1080600080BD00BFC803002080B487B000AFF860B7
:10807000B9601346FB710023FB7597F9173018465A
:108080001C37BD465DF8047B7047000080B483B0A8
:1080900000AF03463960FB713B6812221A80034B24
:1080A00018460C37BD465DF8047B7047C8000020B9
:1080B00080B483B000AF03463960FB713B68042293
:1080C0001A80034B18460C37BD465DF8047B704799
:1080D000DC00002080B582B000AF03463960FB7140
:1080E000FB79002B05D13A6807490848FFF7E4FD02
:1080F00004E03A6804490548FFF7DEFD024B1846E4
:108100000837BD4680BD00BFA4160020C4D00008BB
:1081100080B582B000AF03463960FB713A6804490C
:108120000448FFF7C9FD024B18460837BD4680BD1D
:10813000A4160020DCD0000880B582B000AF034652
:108140003960FB713B681A221A8000F043F8024B39
:1081500018460837BD4680BDE000002080B582B0DB
:1081600000AF03463960FB71FB79002B05D13A68FB
:1081700007490848FFF7A0FD04E03A6804490548AC
:10818000FFF79AFD024B18460837BD4680BD00BF79
:10819000A4160020F0D0000880B582B000AF0346DE
:1081A0003960FB71FB79002B05D13A680749084813
:1081B000FFF782FD04E03A6804490548FFF77CFDBB
:1081C000024B18460837BD4680BD00BFA4160020EC
:1081D000FCD0000880B584B000AF0F4B1B68FB607B
:1081E0000E4B1B68BB600E4B1B687B60FA687B689C
:1081F0001344FB60FB68002B09D008220949F8688A
:1082000000F014F804220849B86800F00FF800BF25
:108210001037BD4680BD00BF107AFF1F147AFF1FC4
:10822000187AFF1FE2000020F200002080B487B01F
:1082300000AFF860B9601346FB710023FB750023A3
:10824000FB7527E0FB681B0F092B0BD8FB681B0F86
:10825000DAB2FB7D5B001946BB680B443032D2B208
:108260001A700AE0FB681B0FDAB2FB7D5B0019464F
:10827000BB680B443732D2B21A70FB681B01FB603B
:10828000FB7D5B000133BA68134400221A70FB7D4A
:108290000133FB75FA7DFB799A42D3D300BF00BF4F
:1082A0001C37BD465DF8047B7047000080B58AB07E
:1082B00000AF786007F1140300221A605A609A60D8
:1082C000DA601A617B681B68B3F1A04F3AD10023D2
:1082D0003B611E4B1B6B1D4A43F0010313631B4B99
:1082E0001B6B03F001033B613B694FF4C0537B619F
:1082F0000223BB610023FB6103233B620A237B62F1
:1083000007F1140319461248F9F71AFE0F4B5B6B7D
:108310000E4A43F0800353630023FB600B4B5B6CFE
:108320000A4A43F480435364084B5B6C03F4804374
:10833000FB60FB68002200214320F9F7CAFD4320BF
:10834000F9F7E3FD00BF2837BD4680BD0038024085
:108350000000024080B582B000AF78607B68D3F83F
:10836000E0247B6803F29C4319461046FEF72BFB82
:1083700000BF0837BD4680BD80B582B000AF7860D1
:108380000B46FB707B68D3F8E004FA7879681346F3
:10839000DB0013449B000B4403F518731A68FB7849
:1083A0001946FEF765FB00BF0837BD4680BD80B5A6
:1083B00082B000AF78600B46FB707B68D3F8E004B6
:1083C000FA7879681346DB0013449B000B44203392
:1083D0001A68FB781946FEF707FC00BF0837BD4650
:1083E00080BD80B582B000AF78607B68D3F8E034A0
:1083F0001846FEF74BFD00BF0837BD4680BD80B56F
:1084000084B000AF78600123FB737B68DB79022BBB
:1084100001D0F9F73BFA7B68D3F8E034FA7B1146D8
:108420001846FEF7EFFC7B68D3F8E0341846FEF7F9
:1084300096FC00BF1037BD4680BD000080B582B0FD
:1084400000AF78607B68D3F8E0341846FEF7EAFCAA
:108450007B681B6803F560631B687A68126802F525
:10846000606243F0010313607B68DB7A002B05D068
:10847000044B1B69034A43F00603136100BF08372E
:10848000BD4680BD00ED00E080B582B000AF7860F1
:108490007B68D3F8E0341846FEF7E0FC00BF0837ED
:1084A000BD4680BD80B582B000AF78600B46FB70E2
:1084B0007B68D3F8E034FA7811461846FEF738FDA9
:1084C00000BF0837BD4680BD80B582B000AF786080
:1084D0000B46FB707B68D3F8E034FA7811461846F7
:1084E000FEF7F4FC00BF0837BD4680BD80B582B002
:1084F00000AF78607B68D3F8E0341846FEF74AFD99
:1085000000BF0837BD4680BD80B582B000AF78603F
:108510007B68D3F8E0341846FEF747FD00BF083704
:10852000BD4680BD80B582B000AF78607B681B78A7
:10853000002B3CD1204A7B68C2F8E0347B681E4A9D
:10854000C3F8C8221C4B4FF0A0421A601A4B0422F9
:108550001A71194B0222DA71174B00229A71164BCD
:1085600002225A72144B00229A72134B0022DA72C2
:10857000114B00221A73104B00229A730E4B0022EB
:10858000DA730D48F9F779FE0346002B01D0F9F7AD
:108590007DF980210848FBF7A6F840220021064813
:1085A000FBF75AF8802201210348FBF755F8002316
:1085B00018460837BD4680BDA418002080B584B099
:1085C00000AF78600023FB730023BB737B68D3F894
:1085D000C8321846F9F760FF0346FB73FB7B184669
:1085E00000F042F90346BB73BB7B18461037BD460B
:1085F00080BD80B584B000AF7860084611461A4649
:108600000346FB700B46BB7013463B800023FB7395
:108610000023BB737B68D3F8C802BB783A88F9782B
:10862000FAF734FC0346FB73FB7B184600F01CF999
:108630000346BB73BB7B18461037BD4680BD80B573
:1086400084B000AF78600B46FB700023FB730023FF
:10865000BB737B68D3F8C832FA7811461846FAF72C
:108660007FFC0346FB73FB7B184600F0FDF80346D6
:10867000BB73BB7B18461037BD4680BD80B584B048
:1086800000AF78600B46FB700023FB730023BB73C5
:108690007B68D3F8C832FA7811461846FAF737FDE6
:1086A0000346FB73FB7B184600F0DEF80346BB7302
:1086B000BB7B18461037BD4680BD80B584B000AF87
:1086C00078600B46FB700023FB730023BB737B6851
:1086D000D3F8C832FA7811461846FAF77BFD0346FC
:1086E000FB73FB7B184600F0BFF80346BB73BB7BF4
:1086F00018461037BD4680BD80B485B000AF7860A5
:108700000B46FB707B68D3F8C832FB6097F90330E7
:10871000002B0BDAFB7803F07F02F9681346DB00CD
:1087200013449B000B4416331B780BE0FB7803F0DB
:108730007F02F9681346DB0013449B000B4403F2ED
:1087400056231B7818461437BD465DF8047B7047E6
:1087500080B584B000AF78600B46FB700023FB73DC
:108760000023BB737B68D3F8C832FA7811461846E9
:10877000FAF768FB0346FB73FB7B184600F074F8BE
:108780000346BB73BB7B18461037BD4680BD80B522
:1087900086B000AFF8607A603B600B46FB72002346
:1087A000FB750023BB75FB68D3F8C802F97A3B68F8
:1087B0007A68FAF772FC0346FB75FB7D184600F0F9
:1087C00053F80346BB75BB7D18461837BD4680BDC0
:1087D00080B586B000AFF8607A603B600B46FB72F4
:1087E0000023FB750023BB75FB68D3F8C802F97A38
:1087F0003B687A68FAF7FEFB0346FB75FB7D18467B
:1088000000F032F80346BB75BB7D18461837BD46ED
:1088100080BD80B582B000AF78600B46FB707B688E
:10882000D3F8C832FA7811461846FAF71EFC034608
:1088300018460837BD4680BD80B483B000AF78606D
:10884000034B18460C37BD465DF8047B704700BFEC
:10885000881D002080B483B000AF786000BF0C3763
:10886000BD465DF8047B704780B485B000AF034619
:10887000FB710023FB73FB79032B17D801A252F87D
:1088800023F000BF958800089B880008A188000895
:10889000A78800080023FB730BE00323FB7308E0A9
:1088A0000123FB7305E00323FB7302E00323FB7347
:1088B00000BFFB7B18461437BD465DF8047B70474C
:1088C0002DE9FF4757EC106B002F0C4619463B462D
:1088D000BBBF07F100431F4600232D230B700D9BE8
:1088E000DDF830A0914623F02008BCBF3246164682
:1088F000B8F1460F05D0B8F1450F00D1013402217F
:1089000000E0032103AB019302AB009347EC106B33
:108910005346224601F07CF8B8F1470F054619D1BD
:1089200019F0010F0ED000EB04090022002330469D
:108930003946F8F7D1F808B1CDF80C903022039BF6
:108940004B451ED3039B0E9A5B1B2846136004B055
:10895000BDE8F087B8F1460F00EB0409E5D10378D4
:10896000302B0AD10022002330463946F8F7B4F8FC
:1089700018B9C4F10104CAF80040DAF8003099448B
:10898000D3E7591C03911A70D9E7F7B50029BABF8C
:1089900049422D232B2309290270437029DD0DF153
:1089A00007031D460A271A46B1FBF7F607FB161404
:1089B000303402F8014C0C46632C03F1FF3331468E
:1089C000F1DC3031941E03F8011C411C2346AB42FC
:1089D0000AD30DF109039B1AAC4288BF002302336E
:1089E0000344181A03B0F0BD13F8016B01F8016FCE
:1089F000EDE7302330318370C170031DF1E70000D3
:108A00002DE9F04F8DB00C46DDF8588016461F4614
:108A1000054600F0E9FE036804931846F7F730FCBA
:108A200000230A93D8F800300590073323F007039A
:108A300003F1080294F818A0D4F800B0C8F8002098
:108A4000D3E9008929F000430793CDF81880C4E9E1
:108A50001289DDE906019C4B4FF0FF32F8F76EF802
:108A600070BBDDE90601984B4FF0FF32F8F748F88C
:108A700030BB0022002340464946F8F737F810B1D2
:108A80002D2384F84330914A914BBAF1470F8CBFA4
:108A900090469846032323612BF0040323604FF094
:108AA0000009009733460BAA2146284600F0D2F968
:108AB000013040F08D804FF0FF300DB0BDE8F08FF9
:108AC00042464B4640464946F8F738F840B14B46D7
:108AD000002BBCBF2D2384F843307E4A7E4BD4E765
:108AE00063680AF0DF0206925A1C3BD106236360DA
:108AF0004BF480620023226003930AABCDE901A30B
:108B000009AB0093616849EC108B0DF123032846F3
:108B1000FFF7D6FE069B0999472B804629D1C81C32
:108B200002DB6368994241DDAAF1020A5FFA8AFA20
:108B30000139524604F150000991FFF726FF0A9AC5
:108B40001318012A8146236102DC2268D20701D56D
:108B5000013323619DF82330002BA2D02D2384F80C
:108B600043309EE7069A472AC2D1002BC0D1012389
:108B7000BDE7BAF1650FDBD9BAF1660F18D100294C
:108B800063680BDD216113B92268D00702D5013378
:108B90000B442361A1654FF00009DBE713B922689C
:108BA000D20701D50233F4E70123F2E74FF0670A59
:108BB0000A9B994205DB23682161D807EAD54B1C43
:108BC000E7E70029D4BFC1F1020201221344E0E724
:108BD00023685A0507D42369424631462846B847D8
:108BE00001302BD167E7BAF1650F40F2DD80D4E99F
:108BF000120100220023F7F76FFF002833D0374A15
:108C0000012331462846B84701303FF454AFDDE92F
:108C10000938434502DB2368D8070FD5DDE9042373
:108C200031462846B84701303FF445AF4FF00009C0
:108C300008F1FF3804F11A0AC84509DC23689B07CC
:108C400000F10381E0680B9B9842B8BF184634E7F7
:108C50000123524631462846B84701303FF42BAF36
:108C600009F10109E8E7099B002B39DC1B4A0123C4
:108C700031462846B84701303FF41DAFDDE90939D8
:108C800059EA030302D12368D907D7D5DDE90423C4
:108C900031462846B84701303FF40DAF4FF0000A87
:108CA00004F11A0B099B5B42534501DC4B4693E7E9
:108CB00001235A4631462846B84701303FF4FBAEFF
:108CC0000AF1010AEEE700BFFFFFEF7F20D10008A5
:108CD0001CD1000828D1000824D100082CD100089C
:108CE000A36DDDF828A05345A8BF5346002B994635
:108CF00036DC4FF0000B29EAE97904F11A02A36D82
:108D00000693A3EB09035B4531DC099B9A453ADCEA
:108D10002368DA0737D4099BAAEB0309069BAAEB61
:108D200003039945A8BF9946B9F1000F33DC4FF012
:108D3000000829EAE97904F11A0B099BAAEB03035D
:108D4000A3EB090343457FF779AF01235A46314628
:108D50002846B84701303FF4AEAE08F10108ECE711
:108D6000424631462846B8470130C2D1A3E6012326
:108D7000314628460692B84701303FF49CAE069A29
:108D80000BF1010BBBE7DDE9042331462846B84768
:108D90000130C0D18FE6069A4B4642443146284600
:108DA000B8470130C3D186E6DDF828A0BAF1010F3B
:108DB00001DCDB0736D50123424631462846B84759
:108DC00001303FF478AEDDE9042331462846B84748
:108DD00001303FF470AED4E91201002200230AF101
:108DE000FF3AF7F779FEC0B9534608F10102314660
:108DF0002846B84701300CD15DE601235A4631467A
:108E00002846B84701303FF456AE08F10108D04576
:108E1000F3DB4B4604F15002DFE64FF0000804F1AB
:108E20001A0BF4E701234246E1E701234A463146A3
:108E30002846B84701303FF43EAE08F10108E36828
:108E40000B995B1A4345F0DCFCE64FF0000804F197
:108E50001909F4E72DE9F047164698468A680B6928
:108E6000DDF820909342B8BF1346336091F8432059
:108E700007460C460AB1013333602368990642BFA6
:108E8000336802333360256815F0060506D104F116
:108E9000190AE36832689B1AAB4226DC94F8433027
:108EA0002268003B18BF012392062BD404F1430231
:108EB00041463846C84701301ED02368226903F076
:108EC0000603042B02BFE5683368ED1AA3680CBFE4
:108ED00025EAE57500259342C4BF9B1AED180026CC
:108EE0001A34B5421AD1002008E001235246414607
:108EF0003846C847013003D14FF0FF30BDE8F08756
:108F00000135C6E7E1185A1C302081F8430022449D
:108F100094F8451082F843100233C7E70123224634
:108F200041463846C8470130E6D00136D9E700004F
:108F30002DE9FF470F7E0C9E782F914680460C4608
:108F40009A4601F1430207D8622F0AD8002F00F099
:108F5000D180582F00F0B88004F1420684F84270A6
:108F60003AE0A7F16303152BF6D801A151F823F0DD
:108F7000C98F0008DD8F0008598F0008598F00083D
:108F8000598F0008598F0008DD8F0008598F00089D
:108F9000598F0008598F0008598F0008DB9000088E
:108FA0000790000895900008598F0008598F000815
:108FB000FD900008598F000807900008598F00089D
:108FC000598F00089D90000833681A1D1B68326095
:108FD00004F1420684F8423001239CE033682068A3
:108FE000191D3160060601D51D6803E04506FBD555
:108FF000B3F90050002D03DA2D236D4284F843307D
:1090000058480A2311E021683368080653F8045BC6
:1090100002D4490648BFADB26F2F5248336014BF27
:109020000A230823002184F843106668A660002EF6
:1090300005DB21682E4321F0040121604BD0164648
:10904000B5FBF3F103FB1157C75D06F8017D2F4611
:10905000BB420D46F4D9082B0BD12368DF0708D596
:10906000236961689942DEBF302306F8013C06F1AE
:10907000FF36921B2261CDF800A04B4603AA214681
:109080004046FFF7E7FE01304AD14FF0FF3004B011
:10909000BDE8F087236843F0200323603248782737
:1090A00084F84570236831681F0651F8045B02D4C8
:1090B0005F0648BFADB23160D90744BF43F020031B
:1090C00023601DB11023ADE72648E9E7236823F0AC
:1090D00020032360F6E71646BDE73368256861691B
:1090E000181D30602E061B6801D5196002E0680665
:1090F000FBD51980002323611646BCE733681A1D8F
:1091000032601E68626800213046F7F769F808B1DE
:10911000801B606063682361002384F84330AAE702
:109120002369324649464046D0470130ADD02368D6
:109130009B0713D4E068039B9842B8BF1846A6E784
:109140000123324649464046D04701309DD0013583
:10915000E36803995B1AAB42F2DCEBE7002504F10C
:109160001906F5E72ED100083FD100082DE9F04F90
:1091700087B0914603938B685A1EB2F5AE7F81BFCC
:109180006FF4AE7503EB050B40F25D138B600B685B
:109190000A464FF0000543F4F06342F81C3BCDE96A
:1091A000045580460C4698BF4FF0000B01921646BE
:1091B000AA462F460295A2685AB1D9F800301B780A
:1091C0004E2B63D8402B3BD8A3F12B01C8B20E28FD
:1091D00039D91FB1236823F4807323600AF1FF3A61
:1091E000BAF1010F00F21481019B9E4200F2058149
:1091F000012007B0BDE8F08FA3F161020D2AE8D885
:1092000001A151F822F000BF51930008D39100084A
:10921000D3910008D3910008AD930008879300080C
:10922000D3910008D39100085F930008D391000800
:10923000D3910008D3910008D39100081B93000834
:10924000A3F14102DAE70E29C3D801A050F821F0BA
:109250000B930008D39100080B9300089B93000820
:10926000D3910008AD920008F1920008F192000835
:10927000F1920008F1920008F1920008F1920008C2
:10928000F1920008F1920008F19200086E2B09D8C3
:10929000602BB1D8542B7BD0592B9AD1072D98D164
:1092A00008252FE0742B73D0792BF6E72168C805C9
:1092B0001ED521F0800121600137BBF1000F03D0E2
:1092C00001320BF1FF3BA260A368013BA36023695D
:1092D00001332361D9F80430013B002BC9F8043075
:1092E00040F38280D9F800300133C9F8003062E7DA
:1092F0001AEB05017FF46DAF226822F4C072226080
:109300000D468A4606F8013BDEE7226810067FF527
:1093100060AF22F080022260F4E7BAF1000F0CD1B6
:1093200077B9226802F4E061B1F5E06F08D122F468
:10933000F06222604FF0010AE4E7BAF1020F50D068
:10934000012D02D0042D7FF444AF0135EDB2D9E7F1
:10935000BAF1010F7FF43DAF4FF0020AD2E775B9C1
:10936000002F7FF437AF226802F4E061B1F5E06FBF
:1093700040F0038122F4F06222600125C2E7032D50
:10938000E3D0052DDFE7022D7FF423AF0325B9E7F6
:10939000062D7FF41EAF0725B4E7226891057FF5FF
:1093A00018AF22F4207222600297ABE7226802F421
:1093B000A061B1F5806F05D050057FF50AAF002F91
:1093C00000F0DB80910558BF029922F4F06258BF8B
:1093D000791A42F4C07258BFCDE904162260002702
:1093E00090E74FF0030A8DE7D4F8803149464046B4
:1093F000984700283FF4DFAEEBE6D4F87C3116F84E
:10940000011D4A46404698472369013B2361EBE62C
:109410006B1E062B24D8022D36D8019B9E427FF668
:10942000E7AED4F87C3116F8011D4A46404698470D
:109430002369013B2361F0E7D4F87C311BF8011D5F
:109440004A46404698472369013B23610AF1FF3AA7
:109450005FFA8AFABAF1020FEED1033DEDB2761B44
:109460002368DA0530D55B0511D5019B9E427FF656
:10947000BFAED4F87C3116F8011D4A4640469847E5
:109480002369013B2361F0E7AA46B346DEE716F8FD
:10949000011C2369652903F1FF3306F1FF352361C0
:1094A0000CD045290AD0D4F87C314A46404698472A
:1094B000236916F8021C013BB51E2361D4F87C31E8
:1094C0004A46404698472E46226812F0100201D0C4
:1094D00000208EE63270236803F4C063B3F5806F1A
:1094E00025D1029B9F420AD0DA1B04F26F139E42E1
:1094F00028BF04F5B7762249304600F007F90199F4
:109500000022404602F000FC039B21681B6811F01A
:10951000020F57EC106B03F1040215D003990A6097
:109520001B68C3E90067E3680133E360D0E7049B8D
:10953000002BE4D005990A230131404602F064FC77
:10954000049B059EC21AD0E711F0040F03990A602C
:10955000E6D11D6832463B4630463946F7F7EEFA0B
:1095600028B1084800F0C6F985ED000ADBE730466F
:109570003946F7F741FB2860D5E700272EE600BF04
:1095800050D1000891D20008002310B50446C0E96C
:109590000033C0E90433836081814366C281836103
:1095A000194608225C3000F016F90D4B63620D4B32
:1095B000A3620D4BE3620D4B23630D4B24629C426F
:1095C00006D003F16802944202D0D0339C4205D108
:1095D00004F15800BDE8104000F07AB910BD00BF9A
:1095E0005197000873970008AB970008CF970008C1
:1095F000A81F0020024A0349034800F069B800BFD1
:10960000FC000020C5C100080C01002041680C4B83
:10961000994210B5044601D002F0D4FDA168094B6F
:10962000994202D0204602F0CDFDE168064B9942F6
:1096300004D02046BDE8104002F0C4BD10BD00BFFC
:10964000A81F0020102000207820002010B50B4B10
:109650000B4C0C4A1A60204600220421FFF794FFAD
:1096600004F1680001220921FFF78EFF04F1D00008
:109670000222BDE810401221FFF786BFE020002043
:10968000A81F0020F5950008014800F022B900BF8E
:10969000E9200020014800F01DB900BFE9200020AA
:1096A00010B50446FFF7F0FF236A1BB1BDE8104078
:1096B000FFF7F0BF044B2362044B1B68002BF5D16E
:1096C000FFF7C4FFF2E700BF0D960008E02000207E
:1096D0002DE9F8430746884614460026D4E901954B
:1096E000B9F1010905D52468002CF7D13046BDE851
:1096F000F883AB89012B07D9B5F90E30013303D0BC
:1097000029463846C04706436835E9E70EB410B528
:109710009DB01FAB029006906FF000410A48079180
:1097200004910A4953F8042B0591002402A900680A
:1097300001931B9402F0C6FB029B1C701DB0BDE898
:10974000104003B0704700BF080100200802FFFF6F
:1097500010B50C46B1F90E1000F06CF80028ABBF44
:10976000636DA3891B1823F48053ACBF6365A38189
:1097700010BD2DE9F0411F468B89DB0505460C46DF
:10978000164605D5B1F90E100223002200F040F86C
:10979000A389B4F90E1023F48053A38132463B46CB
:1097A0002846BDE8F04100F057B810B50C46B1F9B5
:1097B0000E1000F02DF8431CA38915BF606523F43B
:1097C000805343F48053A38118BFA38110BDB1F926
:1097D0000E1000F00DB802440346934200D17047CA
:1097E00003F8011BF9E70000004870474802002019
:1097F00038B5064D0023044608462B60F8F752F9A9
:10980000431C02D12B6803B1236038BDE420002043
:1098100038B5074D04460846114600222A601A460C
:10982000F8F767F9431C02D12B6803B1236038BDF8
:10983000E420002038B5074D0446084611460022B2
:109840002A601A46F8F7F5F8431C02D12B6803B1D9
:10985000236038BDE420002038B5074D0446084693
:10986000114600222A601A46F8F700F9431C02D17B
:109870002B6803B1236038BDE4200020014B186839
:10988000704700BF0801002070B50D4D0D4C641BE2
:10989000A4100026A64209D10B4D0C4C03F076FB18
:1098A000641BA4100026A64205D170BD55F8043BE8
:1098B00098470136EEE755F8043B98470136F2E742
:1098C0004CD500084CD500084CD5000850D50008F0
:1098D0007047704770470A44914200F1FF3300D14E
:1098E000704710B511F8014B03F8014F9142F9D1BF
:1098F00010BD00009FED010A704700BF0000C07F4F
:109900002DE9F74F03690C69A34207467EDB013C52
:1099100001F11408A30000F11405009305EB840382
:10992000019358F8243055F8242001339A4208EB6B
:109930008409B2FBF3F62ED34FF0000AC446AE46BC
:10994000D3465CF8043B98B206FB00A0020C1B0C4B
:1099500006FB0323DEF8002080B292B2121A5A44AA
:10996000DEF800004FEA134A9BB2C3EB224303EB3D
:10997000104392B242EA0342E1454EF8042B4FEA0B
:10998000234BDED2009BEB582BB9019B043B9D423D
:109990001A462FD33C61384601F0C6F9002825DB72
:1099A0002946002058F8042BD1F800C01FFA82FE87
:1099B0001FFA8CF3A3EB0E030344120CC2EB2342F9
:1099C00002EB1C429BB243EA0243C14541F8043B0F
:1099D0004FEA2240E6D255F8242005EB840322B951
:1099E000043B9D421A460BD33C610136304603B01E
:1099F000BDE8F08F1268043B002ACBD1013CC6E7DA
:109A00001268043B002AEFD1013CEAE70020EEE7B0
:109A10002DE9F04FC76997B08DED040B55EC104B55
:109A2000209E079181460C9211937FB9102000F07F
:109A300009FE0246C9F81C0020B9A94BEF21A9482C
:109A400002F02EFCC0E901770760C760D9F81C302E
:109A5000196859B15A684A60012393408B6048469F
:109A600000F0E6FED9F81C3000221A602B1EB9BFA8
:109A700023F00043059300233360059F9A4BBCBF3E
:109A800001223260BB4312D1119A42F20F7313606C
:109A9000C7F31303234300F05A85219BDFF85CA230
:109AA000002B00F05C850AF1030300F056BD9DED2C
:109AB000047B002251EC170B00238DED0A7BF7F796
:109AC0000BF8804658B1119A01231360219B13B102
:109AD000219A864B1360DFF828A200F040BD9DED6F
:109AE0000A0B14AA15A9484601F03EFAC7F30A5614
:109AF0000290002E78D00B9BCDF84880C3F313035F
:109B0000DDE90A0143F07F5343F44013A6F2FF3628
:109B100019460022764BF6F7BFFB6BA3D3E900236F
:109B2000F6F772FD6AA3D3E90023F6F7B7FB044604
:109B300030460D46F6F7FEFC67A3D3E90023F6F79F
:109B400063FD02460B4620462946F6F7A7FB04466E
:109B50000D46F7F709F8002207460023204629465C
:109B6000F6F7C4FF40B13846F6F7E4FC22462B4630
:109B7000F6F7B2FF00B9013F162F52D85D4B03EB49
:109B8000C703D3E90023DDE90A01F6F7AFFF002898
:109B900049D0013F00231093149B9B1B5A1E45BFC5
:109BA000C3F10103009300230023069254BF0093E6
:109BB0000693002F39DB069B0D973B440693002349
:109BC0000893079B092B63D8052BC4BF043B07935D
:109BD000079BA3F10203CCBF00240124032B63D80D
:109BE000DFE803F05254372BDDE914631E4406F21C
:109BF0003243202BC1BFC3F140039F4006F2124302
:109C000024FA03F3D6BFC3F1200347EA030004FAA2
:109C100003F0F6F77FFC0122A1F1F873013E1292E6
:109C200076E70123B7E71090B6E7009BDB1B0093B4
:109C30007B42089300230D93C3E7012309930C9BF8
:109C400007EB030B0BF10103012B0393B8BF0123B7
:109C500006E0012309930C9B002B28DD9B46039310
:109C6000D9F81C000021042202F114059D4226D9D6
:109C70004160484600F09CFD8246002842D11E4BC0
:109C8000024640F2AF11DAE60023E3E70023D5E70E
:109C900001240023079309944FF0FF3B0022CDF8E5
:109CA0000CB012230C92DBE701230993F4E74FF089
:109CB000010BCDF80CB05B46CDF830B0D0E70131E8
:109CC0005200D1E7AFF3008061436F63A787D23FB3
:109CD000B3C8608B288AC63FFB799F501344D33F9B
:109CE00062D1000879D100080000F07F2DD1000872
:109CF0000000F83F28D30008D1D100085ED1000849
:109D00002CD10008D9F81C301860039B0E2B00F2F0
:109D1000A180002C00F09E80002F33DD9C4B07F0CB
:109D20000F0203EBC20393ED007BF8058DED0E7B74
:109D30004FEA271416D5974BDDE90A01D3E908232A
:109D4000F6F78CFDCDE9040104F00F040326914DD4
:109D500054B9DDE90E23DDE90401F6F77FFDCDE915
:109D6000040128E00226F2E7E10708D5DDE90E014B
:109D7000D5E90023F6F748FCCDE90E010136641061
:109D80000835E5E700F0AF807C42814B814D04F05F
:109D90000F0203EBC203D3E90023DDE90A01F6F762
:109DA00033FCCDE90401241100230226002C40F0ED
:109DB0008F80002BD3D1109BDDE90445002B00F0F0
:109DC0009480754B002220462946F6F78FFE002826
:109DD00000F08B80039B002B00F08780BBF1000F0D
:109DE00034DD20466D4B00222946F6F70DFCCDE907
:109DF000040107F1FF3801365C463046F6F79AFB5E
:109E0000DDE90423F6F700FC654B0022F6F746FA7D
:109E10000546A1F15076002C6AD1DDE90401614BC1
:109E20000022F6F739FA02460B46CDE904232A460A
:109E30003346F6F779FE002840F09882DDE9040108
:109E40002A4606F10043F6F751FE38BBDDE90A3435
:109E5000CDE90434159B002BC0F257810E2F00F37F
:109E600054814B4B03EBC70393ED007B0C9B002B02
:109E70008DED007B80F2E580039B002B00F3E180F9
:109E80000CD1484B002251EC170BF6F7BDFBDDE976
:109E90000423F6F73FFE002800F0668200242546E2
:109EA0000C9B56466FEA030800272146484600F0FF
:109EB000BFFC002D00F0BD802FB1AF4203D039466A
:109EC000484600F0B5FC2946484600F0B1FCB0E039
:109ED000E20705D5D5E90023F6F796FB0136012305
:109EE0006410083562E7022665E7039CB84684E7FC
:109EF000274B099903EBC40353E902235444002977
:109F000054D029490020F6F7A9FC33462A46F6F733
:109F1000C3F9CDE90E015646DDE90401F6F724FE4A
:109F20000546F6F707FB02460B46DDE90401F6F7A6
:109F3000B3F9303502460B46CDE9042306F8015B40
:109F4000DDE90E23F6F7D2FD002872D1DDE9042306
:109F500011490020F6F7A0F9DDE90E23F6F7C6FD5A
:109F6000002840F0B480A6423FF470AFDDE90E0156
:109F70000A4B0022F6F748FB084BCDE90E01002200
:109F8000DDE90401F6F740FBCDE90401C4E700BFB9
:109F900028D3000800D300080000F03F0000244050
:109FA00000001C40000014400000E03F31462846FD
:109FB000F6F72AFBCDE90E0113945646DDE90401BC
:109FC000F6F7D2FD0546F6F7B5FA02460B46DDE98F
:109FD0000401F6F761F9303506F8015B02460B46DD
:109FE000A642CDE904234FF0000224D1AF4BDDE9B6
:109FF0000E01F6F753F902460B46DDE90401F6F7C8
:10A0000093FD002863D1DDE90E23A8490020F6F76F
:10A0100043F902460B46DDE90401F6F767FD002827
:10A020003FF414AF139E731E139316F8013C302BAC
:10A03000F8D047463BE09E4BF6F7E6FACDE904013F
:10A04000BCE7DDE904455646DDE900232046294604
:10A05000F6F704FCF6F788FD8046F6F76BFADDE9C3
:10A060000023F6F7D1FA02460B462046294608F1AE
:10A070003004F6F711F906F8014B039DA6EB0A042C
:10A08000A54202460B4633D1F6F708F9DDE9002375
:10A0900004460D46F6F748FDC0B9DDE90023204629
:10A0A0002946F6F719FD10B118F0010F0ED10299EB
:10A0B000484600F0BDFB00233370119B01371F6041
:10A0C000219B002B00F04B821E6048E2B8463346CD
:10A0D0001E4613F8012D392A06D19A45F8D13022AF
:10A0E00008F101088AF800201A7801321A70A0E7F6
:10A0F0006F4B0022F6F788FA0022002304460D4633
:10A10000F6F7EAFC00289FD0D1E7099A002A00F070
:10A11000EA80079A012A00F3CD80129A002A00F003
:10A12000C18003F23343089C009E009A1A440092B7
:10A13000069A01211A444846069200F077FC05462B
:10A1400066B1069B002B09DDB342009AA8BF3346D7
:10A15000D21A0092069AF61AD31A0693089B0BB3EA
:10A16000099B002B00F0C680002C00F0C08029461F
:10A170002246484600F012FD029A0146054648462E
:10A1800000F06AFC02998046484600F051FB089BAB
:10A190001B1B089300F0B180089A4146484600F026
:10A1A000FDFC02900121484600F040FC0D9B044656
:10A1B000002B00F0D8811A460146484600F0EEFC1C
:10A1C000079B012B044600F39F80049B002B40F06B
:10A1D0009780059BC3F31303002B40F09380059BEE
:10A1E00023F000431B0D1B0533B1009B013300938B
:10A1F000069B01330693012308930D9B002B00F06F
:10A20000B881236904EB8303186900F0C3FBC0F134
:10A210002000069B184410F01F0000F08280C0F15F
:10A220002003042B73DD009BC0F11C00034400934A
:10A23000069B034406440693009B002B05DD029910
:10A240001A46484600F004FD0290069B002B05DDEF
:10A2500021461A46484600F0FBFC0446109B002BA2
:10A2600061D00298214600F05FFD00285BDA0023F0
:10A2700002990A22484600F0FDFA099B029007F174
:10A28000FF38002B00F07781294600230A22484638
:10A2900000F0F0FABBF1000F05466FDC079B022BC4
:10A2A00049DC6BE0149BC3F136033CE70000E03F60
:10A2B00000002440039B5C1E089BA34209DB1C1B7F
:10A2C000039B002BBFF630AF009B039A9E1A00231E
:10A2D0002BE7089B0D9A0894E31A1A44009E039BEF
:10A2E0000D92002421E7089C009E099D28E7DDF8D7
:10A2F000088051E7089A029950E7CDF8088051E7A5
:10A30000002379E7049B77E70023089379E793D04C
:10A31000009A1C331A440092069A1A441E4406926C
:10A320008AE70346F4E7039B002BB84620DC9B46F4
:10A33000079B022B1EDDBBF1000F7FF4B1AD214660
:10A340005B460522484600F095FA0146044602980D
:10A3500000F0EAFC00287FF7A3AD5646312306F84B
:10A36000013B08F101089FE5039CB8462546F4E748
:10A37000DDF80CB0099B002B00F00181002E05DDFB
:10A3800029463246484600F063FC0546089B002BF0
:10A390005CD06968484600F00BFA064628B9824B43
:10A3A000024640F2EF21FFF74ABB2A6902329200CF
:10A3B00005F10C010C30FFF78EFA012231464846B8
:10A3C00000F046FC0AF1010300930AEB0B0308932B
:10A3D000049B03F001032F4606930546009B029859
:10A3E000214603F1FF3BFFF78BFA0346303303901E
:10A3F00039460298099300F097FC2A4604902146BA
:10A40000484600F0ADFCC268099B064602BB014607
:10A41000029800F089FC099B0246314648460C929E
:10A42000099300F005FA079B0C9A009E42EA03018B
:10A43000069B1943099B0DD1392B27D0049A002A7A
:10A4400001DD039B31338BF800302EE52846B9E758
:10A450000122E2E70499002904DB079801430698EA
:10A46000014320D1002AEEDD0299009301224846E3
:10A4700000F0EEFB2146029000F056FC0028009B05
:10A4800002DCE0D1DA07DED5392BDAD139238BF8BB
:10A49000003033461E46013B16F8012C392A4ED0B7
:10A4A00001321A7001E5002A03DD392BEED00133A9
:10A4B000C9E7009A089902F8013C8A4228D002991B
:10A4C00000230A22484600F0D5F9AF4202904FF02F
:10A4D00000034FF00A023946484607D100F0CAF996
:10A4E00007460546009B0133009377E700F0C2F969
:10A4F0002946074600230A22484600F0BBF90546D4
:10A50000F0E7BBF1000FCCBF5E46012656440027A2
:10A51000029900930122484600F09AFB21460290DE
:10A5200000F002FC0028B4DC02D1009BDB07B0D4B1
:10A5300033461E4613F8012D302AFAD0B5E49A4569
:10A54000A8D1312308F101088AF80030ADE4219B3D
:10A55000DFF858A01BB10AF10803219A1360504696
:10A5600017B0BDE8F08F079B012B7FF72EAE0D9B38
:10A57000089301204DE6BBF1000F7FF7D9AE564698
:10A5800002982146FFF7BCF900F1300306F8013BC1
:10A59000A6EB0A029345B4DD029900230A2248463D
:10A5A00000F068F90290EBE7D1D1000855D100081E
:10A5B00038B50546002941D051F8043C0C1F002B4A
:10A5C000B8BFE41800F0E8F81D4A136833B96360B7
:10A5D00014602846BDE8384000F0E4B8A34208D92A
:10A5E000206821188B4201BF19685B680918216037
:10A5F000EDE71A465B680BB1A342FAD9116850180F
:10A60000A0420BD120680144501883421160E0D170
:10A6100018685B68536008441060DAE702D90C23BD
:10A620002B60D6E7206821188B4204BF19685B684D
:10A63000636004BF091821605460CAE738BD00BFD9
:10A64000F0200020024B0146186800F025B800BF3A
:10A650000801002070B50F4E0C463168054611B94F
:10A6600001F004FE30602146284601F0FFFD431C46
:10A6700003D14FF0FF34204670BDC41C24F0030406
:10A68000A042F8D0211A284601F0F0FD0130F2D1A5
:10A69000EFE700BFEC2000202DE9F843CD1C25F0AA
:10A6A000030508350C2D38BF0C25002D064601DBAF
:10A6B000A94204D90C2333600020BDE8F883DFF8F9
:10A6C000D48000F069F8D8F800301C4644BB294615
:10A6D0003046FFF7BFFF431C044658D1D8F800406E
:10A6E0002746002F43D1002C4BD0236839463046F3
:10A6F00004EB030901F0BAFD814542D121686D1ACE
:10A7000029463046FFF7A6FF01303AD023682B4494
:10A710002360D8F800305A6862BBC8F800700FE0B8
:10A720002268521B20D40B2A17D96119A342256035
:10A7300018BF5960636808BFC8F8001062514B60C9
:10A74000304600F02FF804F10B00231D20F0070025
:10A75000C21A1CBF1B1AA350AFE76268A3420CBF0A
:10A76000C8F800205A60EBE723466468AEE73C4631
:10A770007F68B6E71A465B68A342FBD100235360AB
:10A78000DEE70C233360304600F00CF894E70560F8
:10A79000D6E700BFF02000200148FFF79AB800BFBD
:10A7A000E82000200148FFF795B800BFE82000200E
:10A7B00070B5C66904460D4676B91020FFF742FF12
:10A7C0000246E06120B9184B18486B2101F068FD82
:10A7D000C0E901660660C660E669F36883B1E369B3
:10A7E000DB6853F82500B8B9012101FA05F6721D9E
:10A7F0009200204601F072FD60B1C0E901560EE002
:10A8000021220421204601F069FDE369F060DB6844
:10A81000002BE4D1002070BD026843F825200023FE
:10A82000C0E90333F7E700BF62D10008E2D10008B6
:10A8300070B5C66905460C4676B91020FFF702FFD1
:10A840000246E86120B9094B09488F2101F028FD33
:10A85000C0E901660660C6603CB1EB696268DB680E
:10A8600053F82210216043F8224070BD62D10008E5
:10A87000E2D100082DE9F0410D6907460C461E465D
:10A8800001F1140C0020DCF8003099B202FB0161E8
:10A890001E0C0B0C02FB063389B2013001EB0341A5
:10A8A00085424CF8041B4FEA1346ECDC0EB3A36858
:10A8B000AB4219DC616838460131FFF779FF804609
:10A8C00028B902460C4B0D48BA2101F0E9FC226977
:10A8D000023204F10C0192000C30FEF7FCFF21461D
:10A8E0003846FFF7A5FF444604EB850301355E615A
:10A8F00025612046BDE8F081D1D10008E2D10008F1
:10A900002DE9F8430C4615461F4609220833064632
:10A9100093FBF2F3002101229A4209DB3046FFF754
:10A9200047FF40B90246194B1948D32101F0B8FC42
:10A9300052000131F0E7089B4361092D4FF00103FC
:10A94000036116DD04F10909C8462C4418F8013BDF
:10A950000146303B0A223046FFF78CFFA045F5D177
:10A96000A5F108044C442D1B6319BB4204DBBDE870
:10A97000F8830A340925F6E714F8013B0146303B19
:10A980000A223046FFF776FFEEE700BFD1D100087C
:10A99000E2D10008B0F5803F034636BF0304002033
:10A9A0001020B3F1807F3CBF1B020830B3F1805F01
:10A9B0003CBF1B010430B3F1804F3CBF9B00023011
:10A9C000002B05DB13F0804F00F1010008BF2020B1
:10A9D00070470368024613F007000BD0D90721D453
:10A9E000980749BF5B089B08012013605CBF136098
:10A9F0000220704799B209B91B0C1020D9B209B9CD
:10AA000008301B0A190704BF1B090430990704BF4B
:10AA10009B080230D90703D45B0800F1010003D082
:10AA200013607047002070472020704710B50C4617
:10AA30000121FFF7BDFE024628B9054B054840F24B
:10AA4000451101F02DFC01234461036110BD00BFDD
:10AA5000D1D10008E2D100082DE9F04F17460A696C
:10AA60003B699A42A8BF3B468946A4BF0F46994618
:10AA70003D69D9F810A0BB68796805EB0A06B342B6
:10AA800085B0B8BF0131FFF793FE30B90246414BA4
:10AA900041484FF4B17101F003FC00F1140404EBE0
:10AAA000860E23460022734520D307F1140809F1CE
:10AAB000140108EB850501EB8A030293EB1B153BA0
:10AAC00023F0030304331537BD4238BF0423019339
:10AAD000029B03918B420CD8002E03DD5EF8043DEF
:10AAE000002B55D0066105B0BDE8F08F43F8042B6C
:10AAF000D9E7B1F800A0BAF1000F1FD0C446A146B3
:10AB000000275CF8042BD9F800301FFA82FB9BB2B7
:10AB10000AFB0B333B44D9F80070120C3F0C0AFBC4
:10AB2000027202EB13429BB243EA0243654549F8C5
:10AB3000043B4FEA1247E4D8019BE750039BB3F86C
:10AB400002900431B9F1000F20D023684746A44693
:10AB50004FF0000AB7F800B0BCF8022009FB0B2246
:10AB600052449BB243EA02434CF8043B57F8043B7F
:10AB70004FEA134ABCF8003009FB0A3303EB1243D7
:10AB8000BD424FEA134AE5D8019AA35004349FE727
:10AB9000013EA1E7D1D10008E2D100082DE9F84338
:10ABA000154612F0030207460E4607D0254C013A1F
:10ABB000002354F82220FFF75DFE0646AD103DD07D
:10ABC000FC697CB91020FFF73DFD0246F86128B909
:10ABD0001D4B1E4840F2B31101F062FBC0E9014475
:10ABE0000460C460D7F81C80D8F808404CB940F223
:10ABF00071213846FFF71AFF0023C8F80800044601
:10AC000003604FF00009EB070AD53146224638466B
:10AC1000FFF722FF314680463846FFF709FE4646D9
:10AC20006D100BD0206838B9224621463846FFF710
:10AC300013FF2060C0F800900446E4E73046BDE80A
:10AC4000F88300BFF4D2000862D10008E2D1000806
:10AC50002DE9F0470C464968236903EB6218A368A5
:10AC6000074691464FEA621A08F10106B3420BDB30
:10AC70003846FFF79DFD054648B90246284B29484E
:10AC80004FF4EF7101F00CFB01315B00EEE70023A4
:10AC900000F1140100F110021846534533DB20691E
:10ACA0002AEAEA7A04F1140319F01F0901EB8A0178
:10ACB00003EB800C2BD0C9F1200E8A4600221868C5
:10ACC00000FA09F010434AF8040B53F8042B9C4592
:10ACD00022FA0EF2F3D8ACEB0403153B23F0030386
:10ACE000043304F11500604588BF0423CA500AB13B
:10ACF00008F10206013E38462E612146FFF798FD15
:10AD00002846BDE8F08742F8040F0133C5E704394F
:10AD100053F8042B41F8042F9C45F9D8EAE700BF0B
:10AD2000D1D10008E2D100080A6903460069801AFF
:10AD300030B50ED11433143103EB820401EB8201E0
:10AD400054F8045D51F8042D954203D005D24FF01C
:10AD5000FF3030BDA342F3D3FBE70120F9E7000049
:10AD60002DE9F74F89460646114648461446FFF737
:10AD7000DBFF051E12D129463046FFF719FD0246BA
:10AD800028B93F4B40F237213E4801F089FA0123B0
:10AD9000C0E90435104603B0BDE8F08FBCBF4B4698
:10ADA000A1463046D9F80410BABF1C46012500253B
:10ADB000FFF7FEFC024618B9314B40F24521E3E7AC
:10ADC000D9F810702669C56009F1100309F114055E
:10ADD00004F1140E00F1140B05EB87080EEB860648
:10ADE0000193D9464FF0000C019B5EF8040B53F819
:10ADF00004AF01931FFA8AF3194683B2CB1A000CF1
:10AE00006344C0EB1A4000EB23409BB243EA00438B
:10AE1000764549F8043B4FEA204CE5D8331B153BF7
:10AE200023F0030315340433A64238BF04231D4422
:10AE30005B441E462C4644450ED308F10301491BD2
:10AE400021F00301033DA84538BF00210B4453F80E
:10AE5000041D91B117619DE754F8041BE646080CE8
:10AE60001CFA81FC714400EB2C4089B241EA00419C
:10AE700046F8041B4FEA204CDDE7013FE7E700BF3F
:10AE8000D1D10008E2D1000882B08DED000B019A0B
:10AE90000F4B1340A3F15073002B08DC5B42B3F15E
:10AEA000A07F4FEA235204DA4FF40023134100221B
:10AEB00008E0A2F114031E2BDABF4FF00042DA4083
:10AEC000012200231946104641EC100B02B07047D6
:10AED0000000F07F2DE9F041066900F1140808EB4D
:10AEE0008606371F56F8042C1046FFF753FDC0F1B5
:10AEF00020030A280B601B4915DCC0F10B0C22FA59
:10AF00000CF3B84543EA010534BF56F8083C00236A
:10AF1000153002FA00F023FA0CF303431C4645EC0B
:10AF2000104BBDE8F081B8453ABF56F8083CA6F191
:10AF3000080700230B3812D0C0F1200123FA01F4D6
:10AF400082402243474542F07F558CBF57F8042C7E
:10AF500000228340CA4045F440151343DEE742EA2D
:10AF60000105DBE70000F03F2DE9F7430F46012123
:10AF700059EC108B1646FFF71BFC044630B902460D
:10AF8000234B244840F20F3101F08AF9C9F30A55E6
:10AF9000C9F313030DB143F480130193B8F1000317
:10AFA00023D068460093FFF714FDDDE90012D0B10D
:10AFB000C0F1200302FA03F30B43C2406361019224
:10AFC000019BA361002B0CBF012202222261A5B1CB
:10AFD000A5F2334505443D60C0F1350030602046A0
:10AFE00003B0BDE8F0836161EAE701A8FFF7F1FC77
:10AFF000019B636120300122E8E704EB8203A0F2A9
:10B00000324038601869FFF7C5FCC0EB4210E5E735
:10B01000D1D10008E2D100082DE9F04F85B0CDE98B
:10B02000001002A9FFF756FF009803A955EC104B3A
:10B03000FFF750FF019B1969009B1B69C91ADDE9E5
:10B0400002329B1A5BEC10AB03EB4113002BCEBF1B
:10B050002A46C3EB03335A462F46D946CCBF02EBF0
:10B06000035702EB03594B46524620463946F5F743
:10B07000F5FB41EC100B05B0BDE8F08F013970B560
:10B0800049111469013102F1140300EB810103EB52
:10B090008404051FA3420CD3A31A113B23F003031E
:10B0A0001132A24288BF002318440023884205D3EE
:10B0B00070BD53F8046B45F8046FEBE740F8043BB0
:10B0C000F4E700F1140200694B11984210B511DB4E
:10B0D0000ADD11F01F0107D052F8234024FA01F0D5
:10B0E00000FA01F18C420BD102EB8303934203D8A7
:10B0F000002010BD0346F7E753F8041D0029F5D0E2
:10B100000120F6E770B504460D4645EC104B164697
:10B11000FFF7BAFE51EC100B7EB1C5F30A53C3F131
:10B120006B03002B09DD1B0503F17F55002405F59A
:10B13000401522462B46F5F767FA41EC100B70BD1F
:10B140002DE9F04F9FB00C46179200221A920590FD
:10B150004FF0000A4FF0000B0A46199211782B2984
:10B160004AD038D80D2932D8082932D800293BD006
:10B1700000220E92199D2A78302A40F0B2806A7817
:10B1800002F0DF02582A6ED102930E9B01931AAB94
:10B1900000938F4A05981BAB19A901F01BF910F019
:10B1A0000F06044605D0062E28D101350023199537
:10B1B0000E93179B002B40F08E850E9BCBB1524611
:10B1C0000BF1004343EC102B1FB0BDE8F08F20299A
:10B1D000CED10132C1E72D29CAD101210E91511CD6
:10B1E00019915278002AC5D1179B1994002B40F071
:10B1F000708552465B46E5E70021EFE71A9A3AB1BF
:10B2000035211CA8FFF73AFF1A990598FFF710FBA4
:10B21000013E1B9A042E06D8DFE806F014031D2019
:10B220001400DDE91CABE10548BF4BF0004B2BF0EF
:10B2300000431B0D1B05002BBBD1FEF71FFB222378
:10B240000360B6E7DDE91CA302F2334223F4801366
:10B2500043EA025BE7E7DFF880B1E4E76FF0004B19
:10B260004FF0FF3ADFE7199B5A1C19925B78302B9D
:10B27000F9D0002B9DD0012300270893199B0C9334
:10B280000B97B9460A2219980578A5F13003D9B26F
:10B29000092928D94F49012200F0D6FF002832D0D1
:10B2A00000202A460A904D460346652A01D0452AC9
:10B2B00014D11DB9089A024396D00025199C621C2E
:10B2C000199262782B2A7AD02D2A7ED04FF0000C6A
:10B2D000A2F13001092940F2858019944FF000084D
:10B2E000A5E00023C8E7B9F1080FD8BF0B9900F11A
:10B2F0000100DABF02FB01330B9302FB073709F1B0
:10B3000001091990BFE7199B5A1C19925A78B9F193
:10B31000000F3BD00A904D46A2F13003092B12D901
:10B320000123C2E7199B5A1C19925A780130302A1E
:10B33000F8D0A2F13103082B00F2D284199B0A90B5
:10B3400000200C930546303A00F1010318D00A9909
:10B3500019440A912E464FF00A0E711CA1EB050C00
:10B36000634515DC20EAE0702B18082B05F1010578
:10B3700005441ADC0B990A2303FB01230B930023DA
:10B38000199A511C199152781846C5E74846CEE7DC
:10B39000082E05DC0B9E0EFB06F60B960E46DCE730
:10B3A0001029D8BF0EFB07F7F8E70F2BDCBF0A23E5
:10B3B00003FB0727E3E700230A9301237AE74FF013
:10B3C000000CA21C1992A27882E74FF0010CF8E75A
:10B3D00004D400083BD200080000F07F199A511CE9
:10B3E00019915278302AF9D0A2F1310108293FF69B
:10B3F00075AF303A0992199A0F924FF00A08199ACC
:10B40000561C19965278A2F1300EBEF1090F39D9A7
:10B410000F99761A082E44F61F6803DC09998845AF
:10B42000A8BF8846BCF1000F01D0C8F10008002D6C
:10B430004ED1089908437FF4BCAE002B7FF4D4AE04
:10B44000692A28D025DC492A25D04E2A7FF4CCAEA3
:10B450009A4919A801F0E0F900283FF4C5AE199BFC
:10B460001B78282B2ED196491CAA19A801F0E8F9BF
:10B47000052827D11D9BDDF870A043F0FF4B4BF44E
:10B48000E00B96E6099908FB0121A1F1300209922F
:10B49000B5E76E2ADAE78B4919A801F0BDF9002853
:10B4A0003FF4A2AE199B8849013B19A8199301F0FA
:10B4B000B3F910B9199B01331993DFF81CB24FF09F
:10B4C000000A76E6814800F0E3FE5BEC10AB70E624
:10B4D0000A9B0B98A8EB0303B9F1000F08BFA9461C
:10B4E000102D09932C46A8BF1024F5F713F8092D49
:10B4F00082468B4613DC099B002B3FF45AAE099B16
:10B5000078DD162B5FDC724901EBC301D1E9000144
:10B5100052465B46F5F778F882468B4649E66C4B17
:10B5200003EBC40353E91223F5F76EF8824638465D
:10B530008B46F4F7EFFF02460B4650465946F4F7A8
:10B54000ADFE0F2D82468B46D5DD099B2C1B1C447E
:10B55000002C40F3938014F00F030AD05C4901EBF8
:10B56000C30152465B46D1E90001F5F74DF882462A
:10B570008B4634F00F0473D0B4F59A7F49DD002474
:10B58000A0460B94A146059ADFF84CB12223136024
:10B590004FF0000A0B9B002B3FF40BAE1A99059855
:10B5A000FFF746F905984946FFF742F905984146E5
:10B5B000FFF73EF90B990598FFF73AF905982146F0
:10B5C000FFF736F9F5E5099AC5F125039342BCDB8F
:10B5D0003F4CC5F10F0504EBC50152465B46D1E96E
:10B5E0000001F5F711F8099B5D1B04EBC504D4E9D4
:10B5F00000238FE71633A8DB0A9BA3EB0808344B24
:10B6000003EBC808D8E9002350465946F5F726F958
:10B6100082E700232F4F2411504659461E46012C25
:10B6200021DC0BB182468B462A49ABF1547B01EBFE
:10B63000C60152465B46D1E90001F4F7E5FF264B0F
:10B640000A460B4025498B42824698D8A1F58011C5
:10B650008B4286BFDFF888B04FF0FF3A02F1547B8F
:10B660000023089376E0E20704D5D7E90023F4F736
:10B67000CBFF0123013664100837D0E7F0D06442D5
:10B6800014F00F020AD0124B03EBC2035046594686
:10B69000D3E90023F5F7E2F882468B462411DFD088
:10B6A0001F2C1FDD0024A0460B94A146059A2223DF
:10B6B0004FF0000A4FF0000B13606BE729D1000830
:10B6C000F0D3000821D1000858D1000891D2000819
:10B6D00028D3000800D300080000F07F0000A07C01
:10B6E000FFFFEF7F14F0100318BF6A23A94E0893E1
:10B6F000504659460023E70704D5D6E90023F4F75E
:10B7000083FF0123641006F10806F4D10BB18246D1
:10B710008B46089BB3B1CBF30A52C2F16B03002BEB
:10B7200059460FDD1F2B56DD342BDEBF4FF0FF33A4
:10B73000C2F14B0293404FF0000ACCBF4FF05C7B4C
:10B7400003EA010B0022002350465946F5F7C4F9DD
:10B750000028A7D10B9B00930C9905982B464A46CD
:10B76000FFF7CEF80B9000283FF409AF099A0A9B27
:10B77000002AA3EB0803A8BF00231293002422EAA7
:10B78000E2731693A0460B9B05985968FFF710F8D3
:10B79000814600283FF4F7AE0B9B1A69023203F191
:10B7A0000C0192000C30FEF796F84BEC10AB0598AC
:10B7B0001CAA1BA9CDE90CABFFF7D6FB1A900028F9
:10B7C0003FF4E1AE05980121FFF730F9804648B912
:10B7D0004FF00008D7E64FF0FF3202FA03F303EA16
:10B7E0000A0AAFE71B9D1C9A002DABBF129B169B4C
:10B7F000169E129FACBFEF185E1B089BED1A1544F6
:10B80000654B013D9D42C2F1360250DA5B1B1F2B96
:10B81000A2EB03024FF001013DDC01FA03F31393A5
:10B8200000231093BD18089BAF4216441E443B46AC
:10B83000A8BF2B46B342A8BF3346002BC2BFED1AA8
:10B84000F61AFF1A129B002B16DD414605981A4680
:10B85000FFF7A4F980460028BAD001461A9A059845
:10B86000FFF7FAF80A9000283FF48DAE1A99059870
:10B87000FEF7DEFF0A9B1A93002D1DDC099B002BAF
:10B8800023DD4946169A0598FFF788F98146E0B905
:10B890004FF0000977E6C5F17F4505F57F0505F511
:10B8A0007B45E23501FA05F310931391BAE70023C3
:10B8B000109301231393B5E71A9905982A46FFF7C9
:10B8C000C7F91A900028D9D15DE6002E07DD494658
:10B8D00005983246FFF7BCF981460028D8D0002FE2
:10B8E00008DD414605983A46FFF7B2F98046002840
:10B8F0003FF449AE1A9905984A46FFF731FA0446D3
:10B9000000283FF440AEC3680F930023C360414654
:10B91000FFF70AFA002845DA0F9B53EA0A036BD1B6
:10B92000CBF31303002B67D12BF000431B0D1B053A
:10B93000B3F1D66F60D9636913B92369012B5BDD5D
:10B94000214601220598FFF783F941460446FFF797
:10B95000EBF9002850DD2BF00043089A1B0D1B0566
:10B96000002A6AD0B3F1D66F67D8B3F15C7F7FF657
:10B970009DAE0A4B504659460022F4F745FE084B4F
:10B980000B4082468B46002B7FF408AE059A22239B
:10B99000136003E618D4000802FCFFFF00005039D2
:10B9A0000000F07FCDF828B065D10F9ACBF31303D8
:10B9B0005AB39F4A93422BD1089B514603B39D4BE8
:10B9C0005A461340B3F1D46F4FF0FF321BD81B0D12
:10B9D000C3F16B0302FA03F3994219D1964B0A9A09
:10B9E0009A4202D101313FF4CEAD924B0A9A1A40ED
:10B9F00002F5801B4FF0000A089B002BB9D1CDE562
:10BA00004FF0FF33E8E71346E6E753EA0A03A2D014
:10BA1000109BDBB10A9A1342EED00F9B089A504656
:10BA20005946BBB1FFF76EFBDDE90C0153EC102B5F
:10BA3000F4F734FC82468B46DEE7A3F580136FEA09
:10BA4000135B6FEA0B5B4FF0FF3AD5E7139B13EAEA
:10BA50000A0FE1E7FFF756FBDDE90C0153EC102B71
:10BA6000F4F71AFC0022002382468B46F5F734F8DF
:10BA70000028C1D01AE641462046FFF7CDFA57EC20
:10BA8000106B00224FF0804330463946F5F738F806
:10BA900000286FD00F9B002B7AD1BAF1000F58D13C
:10BAA0000A9BC3F31303002B5AD1644B0022304688
:10BAB0003946F5F71BF8002859D130463946604B16
:10BAC0000022F4F7A1FD06460F4607F10043069653
:10BAD0000793DDE90623574DCDE910230A9B1D404E
:10BAE000584B9D4240F0B2800A9BA3F1547B4BEC33
:10BAF00010ABFFF7C9F9DDE9062351EC100BF4F7A1
:10BB000083FD52465B46F4F7C9FB0B4649494E4A52
:10BB100019409142824642D90D9A474B9A4203D12D
:10BB20000C9B01333FF42FADDFF80CB14FF0FF3A1F
:10BB30001A990598FEF77CFE05984946FEF778FEAF
:10BB400005984146FEF774FE05982146FEF770FE03
:10BB500019E6BAF1010F03D10A9B002B3FF4A6AD01
:10BB60009FED2B7B354F8DED067B0026B1E7344FE3
:10BB70000026AAE7324B304639460022F4F744FD4E
:10BB80000F9B06460F46002B9FD0CDE90667A0E726
:10BB90009FED217B8DED067B57EC176B99E703F149
:10BBA000547B089BCDF828B0002BC1D12BF000436B
:10BBB0001B0D1B059D42BBD130463946F5F784F875
:10BBC000F4F7F4FC02460B4630463946F4F764FBC2
:10BBD0000B460246CDE90C23CBF313060F9B46EA36
:10BBE0000A061E436FD00EA3D3E90023F4F77EFFAD
:10BBF00000287FF4D3AC0CA3D3E90023DDE90C01CA
:10BC0000F4F792FF002893D0C8E400BFAFF30080A0
:10BC1000000000000000F0BF000000000000F03F46
:10BC20009535A094FFFFDF3F35E5AF350000E03FDD
:10BC3000FFFF0F000000F07FFFFFEF7F0000F03FED
:10BC40000000E03F0000E07FFFFF9F7C089B23B3E4
:10BC5000B5F1D46F21D828A3D3E900233046394663
:10BC6000F4F74EFFA0B139463046F4F7A5FF01289E
:10BC700038BF0120F4F74EFC0F9B06460F46FBB978
:10BC800001F1004314901593DDE91423CDE910234D
:10BC9000119B03F1D6635B1B11939DED0C0BDDE94A
:10BCA00010ABFFF7F1F8504653EC102B5946F4F760
:10BCB000ABFCDDE90C23F4F7F1FA82468B4670E722
:10BCC000CDE91467E0E70EA3D3E90023F4F70EFFF4
:10BCD00098E700230E93179A199B1360FFF76DBA2C
:10BCE000652A3FF468AB452A3FF465AB0123FFF7B3
:10BCF000A0BB00BFAFF300800000C0FFFFFFDF412B
:10BD00009535A094FFFFCF3F014BFFF719BA00BF55
:10BD100058010020242B2DE9F0478646904601D893
:10BD2000012B06D1FDF7AAFD162303600020BDE814
:10BD3000F08734480D462A4615F8014B065D16F08B
:10BD40000806F8D12D2C10D12C780126951C33F043
:10BD5000100215D1302C0DD12A7802F0DF02582ABA
:10BD600008D16C78023510230AE02B2C04BF2C7804
:10BD7000951CECE7002BF6D1302C14BF0A230823C6
:10BD800006F1004C0CF1FF3C0022BCFBF3F910461D
:10BD900003FB19CAA4F13007092F0FD83C46A34270
:10BDA0001BDD571C07D0814514D301D1A24511DBFF
:10BDB00000FB0340012215F8014BEBE7A4F141071A
:10BDC000192F01D8373CEAE7A4F16107192F04D8ED
:10BDD000573CE4E74FF0FF32EDE7531C08D1222334
:10BDE000CEF800306046B8F1000FA0D0691E06E022
:10BDF00006B14042B8F1000F99D0002AF6D1C8F838
:10BE0000001094E741D40008FFF784BF2DE9F04704
:10BE10008E681F46BE420B6882460C4690462DD85F
:10BE2000B1F90C2012F4906F26D06569096905EB11
:10BE30004505A3EB010905EBD5757B1C4B446D1043
:10BE40009D4238BF1D46530527D52946FEF724FCE1
:10BE5000064660B321694A46FDF73DFDA38923F4F8
:10BE6000906343F08003A381266165614E44A5EB96
:10BE700009052660A5603E46BE4200D93E462068C0
:10BE80003246414600F0C6F9A3689B1BA3602368B5
:10BE9000334423600020BDE8F0872A4600F07DFD92
:10BEA00006460028E0D121695046FEF781FB0C23AD
:10BEB000CAF80030A38943F04003A3814FF0FF305C
:10BEC000E9E700002DE9F04F98468B891B069DB0ED
:10BED00007460D46144610D50B6973B94021FEF78D
:10BEE000DBFB2860286130B90C233B604FF0FF304A
:10BEF0001DB0BDE8F08F40236B6100230993202320
:10BF00008DF82930CDF80C803023DFF89C818DF836
:10BF10002A304FF0010923469A4613F8012B0AB143
:10BF2000252AF9D1BAEB040B0BD05B4622462946F1
:10BF30003846FFF76BFF013000F0A780099A5A449A
:10BF400009929AF80030002B00F09F8000234FF0F8
:10BF5000FF32CDE905230AF1010A049307938DF816
:10BF600053301A935446052214F8011B4E48F4F737
:10BF700037F9049AD8B9D00644BF20238DF853303E
:10BF8000110744BF2B238DF853309AF800302A2B29
:10BF900015D0079A544600204FF00A0C214611F89C
:10BFA000013B303B092B4BD9B0B1079214E0A0EB19
:10BFB000080309FA03F313430493A246D2E7039B51
:10BFC000191D1B680391002BBBBF5B4242F00202AC
:10BFD00007930793B8BF049223782E2B0AD1637876
:10BFE0002A2B32D1039B1A1D1B68039243EAE37389
:10BFF00002340593DFF8C0A0217803225046F4F7FD
:10C00000EFF838B1049BA0EB0A00402282401343B2
:10C010000134049314F8011B24488DF828100622DB
:10C02000F4F7DEF8002836D0214B1BBB039B073307
:10C0300023F0070308330393099B334409936AE70A
:10C040000CFB02320C460120A8E7002301340593C3
:10C0500019464FF00A0C204610F8012B303A092AF5
:10C0600003D9002BC6D00591C4E70CFB012104467F
:10C070000123F0E703AB00932A460E4B04A9384690
:10C08000FCF7BEFC421C0646D6D1AB895B063FF5E9
:10C090002DAF09982CE703AB00932A46054B04A962
:10C0A0003846FCF745FFEDE73DD2000847D20008CF
:10C0B000018A00080DBE000843D20008B1F90C2027
:10C0C0002DE9F041160705460C4654D44B68002B69
:10C0D00002DC0B6C002B48DDE66A002E45D0002305
:10C0E00012F480522F68216A2B6030D0626DA389D0
:10C0F000590705D56368D21A636B0BB1236CD21A4A
:10C100000023E66A216A2846B047431CA38906D16A
:10C1100029681D292BD82A4ACA40D60727D50022CC
:10C120006260D9042269226004D5421C01D12B68C7
:10C1300003B96065616B2F60B9B104F144039942A2
:10C1400002D02846FEF734FA002363630DE0012392
:10C150002846B0470246501CC9D12B68002BC6D0D8
:10C160001D2B01D0162B1ED12F60002022E043F0A2
:10C1700040031BB21BE00F69002FF6D093070E6837
:10C1800008BF4B690F6018BF0023A6EB07088B6040
:10C19000B8F1000FE9DD216AA66A43463A4628460F
:10C1A000B047002808DCB4F90C3043F04003A38109
:10C1B0004FF0FF30BDE8F0810744A8EB0008E7E747
:10C1C0000100402038B50B6905460C4613B900251F
:10C1D000284638BD18B1036A0BB9FDF761FAB4F906
:10C1E0000C30002BF3D0626ED00704D4990502D432
:10C1F000A06DFDF76EFB28462146FFF75FFF636EDB
:10C20000DA070546E4D4A3899B05E1D4A06DFDF7C8
:10C2100061FBDDE7884210B501EB020402D98442DC
:10C22000234607D8431EA14208D011F8012B03F87A
:10C23000012FF8E7024401468A4200D110BD13F8ED
:10C24000014D02F8014DF7E710B56AB101398418C4
:10C2500010F8012B11F8013F9A4203D1A04201D0FE
:10C26000002AF5D1D01A10BD1046FCE738B5064DAE
:10C270000023044608462B60F5F748FC431C02D116
:10C280002B6803B1236038BDE420002000000000CB
:10C290009FED010B704700BF000000000000F87F19
:10C2A0001FB514461A46094B1B680546D8684CB1A1
:10C2B000074B0091CDE9013406492B4600F0A8FB5D
:10C2C00000F0B8FB044B1C46F3E700BF0801002058
:10C2D00056D2000863D2000891D2000870B5A1FBC5
:10C2E000025434B92946FEF7D7F9064628B9304634
:10C2F00070BD0C2202600026F9E72A462146FDF7B0
:10C300006AFAF4E70369B3EB611F2DE9F0434FEAE2
:10C31000611200F1140445DD11F01F0104EB8306E6
:10C3200004EB82050CD100F110072946B14234D349
:10C330009B1A9B00EA1E964238BF0023234415E057
:10C3400054F82270C1F12008CF4005F1040EA14637
:10C350007645F44615D89A1A9200043A0135AE4251
:10C3600038BF0022A318A75007B104331A1BA342F9
:10C370004FEAA20208BF0023026108BF4361BDE883
:10C38000F083DCF800C00CFA08FC4CEA070749F817
:10C39000047B5EF8047BCF40DAE751F804CB47F822
:10C3A00004CFC3E72346E1E7A0F13003092B02D80D
:10C3B0002038C0B27047A0F16103052B01D847387F
:10C3C000F7E7A0F14103052B01D82738F1E700205A
:10C3D000704700002DE9F04F85B08A4602930B6844
:10C3E000019090469C1CA14614F8010B3028FAD00D
:10C3F000A9EB0303A3F1020BFFF7D6FF05460028C4
:10C4000068D1A04901224846FFF71EFF07460028D1
:10C4100067D199F801002646FFF7C6FF002862D0D1
:10C42000234618783028994603F10103F9D0FFF725
:10C43000BBFFB0FA80F56D094FF0010B4A46164676
:10C4400001323078FFF7B0FF0028F8D18D49012282
:10C450003046FFF7F9FE00283FD144B9741C22464C
:10C46000164601323078FFF79FFF0028F8D1A41B51
:10C47000A700337803F0DF03502B3ED173782B2BCA
:10C4800033D02D2B34D0711C00240878FFF78CFF9B
:10C49000431EDBB2182B30D8A0F1100211F8010FA7
:10C4A000FFF782FF00F1FF3C5FFA8CFCBCF1180F34
:10C4B0004FF00A031ED904B152421744CAF80010C3
:10C4C000EDB1BBF1000F0CBF06250025284605B0D5
:10C4D000BDE8F08F00252C46B0E7002CC7D12746D9
:10C4E000C7E74E462F460125C3E70024B11CCCE721
:10C4F0000124FBE703FB0200CEE73146DEE7A6EBB3
:10C500000903013B2946072B0ADC0198FEF750F985
:10C51000044640B95C4B0246E4215C48FFF7C0FE8C
:10C5200001315B10EFE700F1140A002355469B46EA
:10C53000B14537D345F804BBA5EB0A05AD1025611D
:10C540005846FEF727FA6D01D8F800602D1AB5425B
:10C5500054DDAD1B29462046FEF7B3FD814678B178
:10C560006B1E591103F01F025AF821104FF00109F8
:10C5700009FA02F20A4203D04B4536DC4FF00209B9
:10C5800029462046FFF7BEFE2F44D8F80830BB42AC
:10C5900042DA01982146FEF74BF90E9A0023136008
:10C5A000A32593E716F8012D2E2A12D0202B04D1B3
:10C5B00045F804BB4FF0000B5B4630780393FFF760
:10C5C000F3FE039B00F00F0098404BEA000B04338E
:10C5D000AEE7B145EAD82B49039301223046FFF775
:10C5E00033FE039B0028E1D1A2E7A91E2046FEF7F7
:10C5F00068FD0028C2D04FF00309C1E709DA751BB6
:10C60000214601982A46FEF723FB7F1B044600F1D2
:10C61000140A4FF00009B8E7D8F80450BD426FDDA6
:10C62000ED1BAE4234DCD8F80C30022B22D0032BA9
:10C6300024D0012B15D1AE4213D1012E0BD1029A79
:10C64000D8F80430136001232361CAF800300E9B30
:10C6500062251C603AE7711E2046FEF732FD002875
:10C66000EDD101982146FEF7E3F80E9A00231360FE
:10C6700050252BE70F9B002BF3D1E0E70F9B002BFE
:10C68000DDD1EEE73BD20008D1D1000892D20008FC
:10C690006F1EB9F1000F30D127B139462046FEF7A1
:10C6A00010FD81467A1101235AF8222007F01F0756
:10C6B000BB4013422946204618BF49F00209FFF744
:10C6C00021FED8F80470761B0225B9F1000F47D07F
:10C6D000D8F80C30022B15D0032B17D0012B09D121
:10C6E00019F0020F06D0DAF8003049EA030919F010
:10C6F000010F0ED145F0100532E04FF00109D1E7EE
:10C700000125E2E70F9BC3F101030F930F9B002B61
:10C71000F0D0D4F810B004F114034FEA8B0A03EB05
:10C720008B014FF0000C184653F8042BB2F1FF3F79
:10C730001BD001320260022D04F114033CD1D8F861
:10C740000020013AB24209D17111012253F821307F
:10C7500006F01F0602FA06F61E423AD145F0200501
:10C760000E9B1C60029B1F60B0E6994243F804CC0C
:10C77000D9D8A3689B4517DB616801980131FEF7A2
:10C7800017F8814618B91A4B02468421C5E622697A
:10C79000023204F10C0192000C30FDF79CF82146A6
:10C7A0000198FEF745F84C4623695A1C04EB8303B5
:10C7B000226101225A61BEE722695A450BDD01213F
:10C7C0002046FFF79FFDD8F808300137BB42FFF63F
:10C7D000E0AE0125C2E716F01F06FAD05344C6F1B9
:10C7E000200653F8040CFEF7D5F8B042E7DBF0E77B
:10C7F000D1D10008C2F10802920070B5C2F1200642
:10C800004368046803FA06F52C43D340046040F8FB
:10C81000043F8842F4D370BD30B50368013311F88A
:10C82000014B14B90360012030BD13F8012BA2F1B4
:10C830004105192D98BF2032A242F0D00020F3E725
:10C840002DE9F04F0B6801685E1102EB860613F0CC
:10C850001F0387B018BF04360025371F8246904655
:10C86000019346F8045CB9463C460295AB464A78CB
:10C870004B1C039342B3104605910492FFF794FDBD
:10C88000002851D1049A0599202A18D8029B9B456B
:10C8900013DD4C4506D2072D04DC2A4649462046C6
:10C8A000FFF7A8FF444552D90023A4F1040944F836
:10C8B000043CCDF808B04C461D460399D7E7292A19
:10C8C00057D10231CAF80010BBF1000F51D04C45CE
:10C8D00006D2072D04DC2A4649462046FFF78AFF88
:10C8E000444536D9A8F10402234653F8041B42F804
:10C8F000041F9F42F9D23B1B23F00303043301348E
:10C90000033EB44288BF04234344002243F8042B6F
:10C910009F42FBD23B681BB9474528D101233B60AE
:10C92000052007B0BDE8F08F0135082D0BF1010B94
:10C9300006DD4445C1D9002344F8043C0125043CEC
:10C94000226800F00F0040EA02102060B5E70825D9
:10C95000B3E7019B002BDDD0C3F120034FF0FF3282
:10C96000DA4056F8043C134046F8043CD2E7043F52
:10C97000D0E70420D5E782B001B901A942B14BB19B
:10C9800013780B601278101E18BF012002B0704798
:10C990001046FBE76FF00100F8E72DE9F04107468C
:10C9A00014460D4621B9BDE8F0411146FDF774BEAD
:10C9B0002AB9FDF7FDFD25462846BDE8F08100F0C7
:10C9C00040F88442064602D8B4EB500FF4D8214612
:10C9D0003846FDF761FE804608B94546ECE7B442AB
:10C9E0002246294628BF3246FCF775FF29463846BD
:10C9F000FDF7DEFDF1E70346084641B1FF2A04D901
:10CA00008A221A604FF0FF3070470A700120704789
:10CA10000EB403B5014603AB054853F8042B006878
:10CA2000019300F03FF802B05DF804EB03B07047EB
:10CA30000801002008B5062000F008FA0120F4F7EC
:10CA4000EDFF51F8043C181F002BBCBF0B58C01859
:10CA500070479368013B002B10B4936008DA946927
:10CA6000A34201DB0A2903D15DF8044B00F032B97F
:10CA70001368581C1060197008465DF8044B704725
:10CA8000F8B506460F461446D518AC4201D1002031
:10CA900007E014F8011B3A463046FFF7DAFF431C63
:10CAA000F3D1F8BD2DE9F04F0D469DB014469846E0
:10CAB000064618B1036A0BB9FCF7F2FD6B6ED90795
:10CAC00005D4AB899A0502D4A86DFCF702FFAB89A7
:10CAD0001B0701D52B699BB92946304600F038F970
:10CAE00070B16B6EDC0704D54FF0FF301DB0BDE8B0
:10CAF000F08FAB899805F7D4A86DFCF7EBFEF3E750
:10CB00000023099320238DF82930CDF80C803023A1
:10CB1000DFF8AC818DF82A304FF0010923469A46A0
:10CB200013F8012B0AB1252AF9D1BAEB040B0BD06B
:10CB30005B46224629463046FFF7A2FF013000F04F
:10CB4000A780099A5A4409929AF80030002B00F005
:10CB50009F8000234FF0FF32CDE905230AF1010A3F
:10CB6000049307938DF853301A935446052214F812
:10CB7000011B5348F3F734FB049AD8B9D10644BFDC
:10CB800020238DF85330130744BF2B238DF85330E7
:10CB90009AF800302A2B15D0079A544600204FF0FF
:10CBA0000A0C214611F8013B303B092B4BD9B0B19F
:10CBB000079214E0A0EB080309FA03F3134304936C
:10CBC000A246D2E7039B191D1B680391002BBBBF34
:10CBD0005B4242F0020207930793B8BF04922378A6
:10CBE0002E2B0AD163782A2B32D1039B1A1D1B6886
:10CBF000039243EAE37302340593DFF8D4A021786B
:10CC000003225046F3F7ECFA38B1049BA0EB0A007C
:10CC10004022824013430134049314F8011B294835
:10CC20008DF828100622F3F7DBFA00283FD0264BB8
:10CC30001BBB039B073323F0070308330393099BB4
:10CC40003B4409936AE70CFB02320C460120A8E73B
:10CC500000230134059319464FF00A0C204610F8C2
:10CC6000012B303A092A03D9002BC6D00591C4E71D
:10CC70000CFB012104460123F0E703AB00932A4695
:10CC8000124B04A93046FBF7BBFE0746781CD6D1F1
:10CC90006B6ED90705D4AB899A0502D4A86DFCF751
:10CCA00019FEAB895B063FF51FAF09981EE703AB82
:10CCB00000932A46054B04A93046FCF739F9E4E70E
:10CCC0003DD2000847D20008018A000881CA000846
:10CCD00043D20008F8B50E461446054618B1036A5B
:10CCE0000BB9FCF7DDFCA369A360A3891A0701D582
:10CCF000236943B92146284600F02AF818B14FF0BD
:10CD0000FF373846F8BD23682269981A6369F6B27E
:10CD10008342374605DC21462846FFF753FA0028B0
:10CD2000EDD1A368013BA36023685A1C22601E70EA
:10CD30006269431C9A4204D0A389DB07E1D50A2E1D
:10CD4000DFD121462846FFF73DFA0028D9D0D6E7A3
:10CD500038B5294B054618680C4618B1036A0BB95B
:10CD6000FCF79EFCB4F90C30190722D4DA0607D47C
:10CD700009222A6043F04003A3814FF0FF3033E0E3
:10CD8000580712D5616B41B104F14403994202D0B6
:10CD90002846FDF70DFC00236363A38923F02403D9
:10CDA000A3810023636023692360A38943F0080300
:10CDB000A38123694BB9A38903F42073B3F5007FE2
:10CDC00003D02146284600F083F8B4F90C3013F064
:10CDD00001020AD00022A26062695242A261226965
:10CDE00042B913F08000C5D138BD990758BF6269B8
:10CDF000A260F4E70020F7E7080100201F2938B5FA
:10CE000005460C4604D9162303604FF0FF3038BDA9
:10CE1000C26B12B152F821304BB9284600F030F8FD
:10CE2000224601462846BDE8384000F017B8012BDD
:10CE30000AD0591C03D1162303600120E7E7002123
:10CE400042F82410204698470020E0E7024B0146B4
:10CE50001868FFF7D3BF00BF0801002038B5074DA1
:10CE600000230446084611462B60F4F7C7FD431C17
:10CE700002D12B6803B1236038BD00BFE42000203D
:10CE8000F4F7B4BD70B50C46B1F90E10002996B098
:10CE900015461E460DDAA38913F0800F4FF00001EE
:10CEA00014BF40234FF48063002031602B6016B024
:10CEB00070BD6A4600F048F80028ECDB019901F4E7
:10CEC0007041A1F50053594259414FF48063EBE79B
:10CED0008B89F7B59D0706460C4607D504F1470335
:10CEE000236023610123636103B0F0BD01AB6A4697
:10CEF000FFF7C8FF009F054639463046FDF7CCFBDB
:10CF000048B9B4F90C309A05EED423F0030343F08A
:10CF10000203A381E2E7A389206043F08003A38199
:10CF2000019BC4E904075BB1B4F90E10304600F070
:10CF30001DF828B1A38923F0030343F00103A38163
:10CF4000A3891D43A581CFE738B5074D00230446CB
:10CF5000084611462B60F4F7B1FD431C02D12B6843
:10CF600003B1236038BD00BFE420002038B5064D72
:10CF70000023044608462B60F4F7B0FD431C02D1A1
:10CF80002B6803B1236038BDE4200020F8B500BF52
:10CF9000F8BC08BC9E467047F8B500BFF8BC08BC9A
:04CFA0009E467047F2
:10CFA8005041434B455420544F4F204C4152474524
:10CFB8000D0A00005445414D3A2573207C20544900
:10CFC8004D453A256C64207C20504B543A256C64BE
:10CFD800207C20414C543A252E32666D207C20500E
:10CFE8003A252E3266685061207C20543A252E322C
:10CFF8006643207C20563A252E326656207C204CEB
:10D0080041543A252E3566207C204C4F4E3A252E29
:10D018003566207C204750535F414C543A252E32C8
:10D02800666D207C205341543A256C64207C204155
:10D03800583A252E32662041593A252E326620412B
:10D048005A3A252E3266207C204759524F3A252ECF
:10D058003266207C2053544154453A2573207C2065
:10D06800525353493A25642064426D0D0A0000006A
:10D078004C6F5261205265636569766572205374FE
:10D088006172740D0A000000535831323738205647
:10D09800657273696F6E3A203078253032580D0A00
:10D0A8000000000057616974696E67205061636B06
:10D0B8006574732E2E2E0D0A0000000053544D3354
:10D0C80032205669727475616C20436F6D506F72AF
:10D0D8007400000053544D6963726F656C65637426
:10D0E800726F6E696373000043444320436F6E663A
:10D0F8006967000043444320496E74657266616342
:10D1080065000000000000000000000001020304A8
:10D1180006070809494E4600696E66004E414E00F2
:10D128006E616E003000303132333435363738397D
:10D13800414243444546003031323334353637387E
:10D14800396162636465660065256C6400496E66D2
:10D15800696E697479004E614E005245454E5420FF
:10D168006D616C6C6F63207375636365656465647A
:10D17800002F6275696C642F676E752D746F6F6C04
:10D18800732D666F722D73746D33325F31332E33A6
:10D198002E72656C312E32303234303932362D31C0
:10D1A8003731352F7372632F6E65776C69622F6E16
:10D1B80065776C69622F6C6962632F7374646C693C
:10D1C800622F64746F612E630042616C6C6F632020
:10D1D800737563636565646564002F6275696C6463
:10D1E8002F676E752D746F6F6C732D666F722D734C
:10D1F800746D33325F31332E332E72656C312E32BB
:10D20800303234303932362D313731352F7372633D
:10D218002F6E65776C69622F6E65776C69622F6C0B
:10D228006962632F7374646C69622F6D70726563D1
:10D238002E63002E00232D302B2000686C4C0065D7
:10D248006667454647004300504F534958002C2015
:10D2580066756E6374696F6E3A20006173736572E8
:10D2680074696F6E2022257322206661696C65647B
:10D278003A2066696C6520222573222C206C696E21
:10D2880065202564257325730A002F6275696C640F
:10D298002F676E752D746F6F6C732D666F722D739B
:10D2A800746D33325F31332E332E72656C312E320A
:10D2B800303234303932362D313731352F7372638D
:10D2C8002F6E65776C69622F6E65776C69622F6C5B
:10D2D8006962632F7374646C69622F6764746F6129
:10D2E8002D6765746865782E6300000005000000EE
:10D2F800190000007D0000000080E03779C3414339
:10D30800176E05B5B5B89346F5F93FE9034F384DA3
:10D31800321D30F94877825A3CBF737FDD4F15754F
:10D32800000000000000F03F000000000000244062
:10D3380000000000000059400000000000408F403D
:10D34800000000000088C34000000000006AF840A8
:10D358000000000080842E4100000000D0126341CC
:10D368000000000084D797410000000065CDCD4142
:10D37800000000205FA00242000000E87648374223
:10D38800000000A2941A6D42000040E59C30A242C1
:10D398000000901EC4BCD64200003426F56B0C4336
:10D3A8000080E03779C3414300A0D88557347643DD
:10D3B80000C84E676DC1AB43003D9160E458E1433E
:10D3C800408CB5781DAF154450EFE2D6E41A4B44B3
:10D3D80092D54D06CFF08044F64AE1C7022DB544F8
:10D3E800B49DD9794378EA4434000000CEFBFFFFAE
:10D3F800CB03000001000000000000003500000021
:10D40800CEFBFFFFCB03000001000000000000007E
:10D41800BC89D897B2D29C3C33A7A8D523F6493902
:10D428003DA7F444FD0FA5329D978CCF08BA5B2524
:10D43800436FAC642806681100202020202020209B
:10D4480020202828282828202020202020202020AC
:10D4580020202020202020202088101010101010BC
:10D468001010101010101010100404040404040408
:10D4780004040410101010101010414141414141A2
:10D488000101010101010101010101010101010184
:10D498000101010110101010101042424242424294
:10D4A8000202020202020202020202020202020254
:10D4B80002020202101010102000000000000000FC
:10D4C8000000000000000000000000000000000054
:10D4D8000000000000000000000000000000000044
:10D4E8000000000000000000000000000000000034
:10D4F8000000000000000000000000000000000024
:10D508000000000000000000000000000000000013
:10D518000000000000000000000000000000000003
:10D5280000000000000000000000000000000000F3
:0CD53800000000000000000000000000E7
:08D544009C2CFF7F0100000098
:04D54C00C50100080D
:04D55000A10100082D
:10D554000024F40010000000010000000A0600028C
:10D564000000004001000000C15E0008B160000836
:10D57400B561000800000000DB6400086D6300086A
:10D584006B640008000000000000000000000000C0
:10D59400C16500085165000831660008A1660008ED
:10D5A40009024300020100C0320904000001020222
:10D5B40001000524001001052401000104240202D5
:10D5C4000524060001070582030800100904010070
:10D5D400020A00000007050102400000070581025D
:10D5E4004000008101820000017F0008297F0008BB
:10D5F400397F0008F57F0008698000088D800008E5
:10D60400B180000811810008D58000083981000824
:10D614005D810008998100081201000202020040A5
:10D6240083044057000201020301000004030904BB
:10D634001A030000000000000000000000000000C9
:10D6440000000000000000000000000000000000D6
:10D6540003000000A81F00200C01002000000000AF
:10D66400A81F0020102000207820002000000000C7
:10D6740000000000000000000000000000000000A6
:10D684000000000000000000000000000000000096
:10D694000000000000000000000000000000000086
:10D6A4000000000000000000430000000000000033
:10D6B4000000000000000000000000000000000066
:10D6C4000000000000000000430000000000000013
:10D6D4000000000000000000000000000000000046
:10D6E40000000000000000004300000000000000F3
:10D6F4000000000000000000000000000000000026
:10D7040000000000000000004300000000000000D2
:10D714000000000000000000000000000000000005
:10D7240000000000000000004300000000000000B2
:10D7340000000000000000000000000000000000E5
:10D744000000000000000000430000000000000092
:10D7540000000000000000000000000000000000C5
:10D764000000000000000000430000000000000072
:10D7740000000000000000000000000000000000A5
:10D784000000000000000000F7C9000877C9000885
:10D794000000000040D400083BD2000891D20008E9
:10D7A40091D2000891D2000891D2000891D20008C9
:10D7B40091D2000891D2000891D2000891D20008B9
:10D7C400FFFFFFFFFFFFFFFFFFFFFFFFFFFF000063
:10D7D40001004153434949000000000000000000DB
:10D7E4000000000000000000000000000000000035
:10D7F40000004153434949000000000000000000BC
:10D804000000000000000000000000000000000014
:04D814000000000010
:0400000508001B9D37
:00000001FF
